EntityId,MapSourceId,EntityName,WugType,WugRegion,WugCounty,EntityIsSplit,SourceName,WS2030,WS2040,WS2050,WS2060,WS2070,WS2080
1,55,ABILENE,MUNICIPAL,G,TAYLOR,N,BRAZOS RIVER AUTHORITY MAIN STEM LAKE/RESERVOIR SYSTEM,8440,8250,5410,5410,4763,4833
1,281,ABILENE,MUNICIPAL,G,TAYLOR,N,FORT PHANTOM HILL LAKE/RESERVOIR,2300,2200,2100,2000,1900,1010
1,373,ABILENE,MUNICIPAL,G,TAYLOR,N,HUBBARD CREEK LAKE/RESERVOIR,5027,7139,6000,3640,1300,1300
1,507,ABILENE,MUNICIPAL,G,TAYLOR,N,OH IVIE LAKE/RESERVOIR NON-SYSTEM PORTION,0,0,3012,4324,4191,4059
1,952,ABILENE,MUNICIPAL,G,TAYLOR,N,BRAZOS INDIRECT REUSE,7840,7840,7840,7840,7840,7840
1,1076,ABILENE,MUNICIPAL,G,TAYLOR,N,BRA SYSTEM OPERATIONS PERMIT SUPPLY,7737,7737,7737,7737,7490,6635
2,174,AMARILLO,MUNICIPAL,A,POTTER,Y,DOCKUM AQUIFER | CARSON,1,1,1,1,1,1
2,174,AMARILLO,MUNICIPAL,A,RANDALL,Y,DOCKUM AQUIFER | CARSON,1,1,1,1,1,1
2,193,AMARILLO,MUNICIPAL,A,POTTER,Y,DOCKUM AQUIFER | POTTER,248,234,217,200,183,164
2,193,AMARILLO,MUNICIPAL,A,RANDALL,Y,DOCKUM AQUIFER | POTTER,259,276,292,309,322,327
2,427,AMARILLO,MUNICIPAL,A,POTTER,Y,MEREDITH LAKE/RESERVOIR,1934,1575,1310,1010,741,512
2,427,AMARILLO,MUNICIPAL,A,RANDALL,Y,MEREDITH LAKE/RESERVOIR,2020,1866,1764,1555,1299,1018
2,465,AMARILLO,MUNICIPAL,A,POTTER,Y,OGALLALA AQUIFER | CARSON,6500,6037,5489,4980,4557,4107
2,465,AMARILLO,MUNICIPAL,A,RANDALL,Y,OGALLALA AQUIFER | CARSON,6788,7149,7384,7666,7993,8187
2,472,AMARILLO,MUNICIPAL,A,POTTER,Y,OGALLALA AND EDWARDS-TRINITY-HIGH PLAINS AQUIFERS | DEAF SMITH,39,18,17,0,0,0
2,472,AMARILLO,MUNICIPAL,A,RANDALL,Y,OGALLALA AND EDWARDS-TRINITY-HIGH PLAINS AQUIFERS | DEAF SMITH,40,22,23,0,0,0
2,499,AMARILLO,MUNICIPAL,A,POTTER,Y,OGALLALA AQUIFER | POTTER,1052,904,745,600,499,414
2,499,AMARILLO,MUNICIPAL,A,RANDALL,Y,OGALLALA AQUIFER | POTTER,1098,1071,1003,923,875,825
2,500,AMARILLO,MUNICIPAL,A,POTTER,Y,OGALLALA AQUIFER | RANDALL,294,205,158,127,66,61
2,500,AMARILLO,MUNICIPAL,A,RANDALL,Y,OGALLALA AQUIFER | RANDALL,307,243,213,195,117,121
2,501,AMARILLO,MUNICIPAL,A,POTTER,Y,OGALLALA AQUIFER | ROBERTS,10835,9331,8169,6692,6064,5494
2,501,AMARILLO,MUNICIPAL,A,RANDALL,Y,OGALLALA AQUIFER | ROBERTS,11316,11047,10991,10298,10636,10955
7,169,AUSTIN,MUNICIPAL,K,TRAVIS,Y,DIRECT REUSE,5401,5401,5401,5401,5401,5401
7,368,AUSTIN,MUNICIPAL,K,TRAVIS,Y,HIGHLAND LAKES LAKE/RESERVOIR SYSTEM,137891,137891,137779,137779,137668,137668
7,658,AUSTIN,MUNICIPAL,K,HAYS,Y,COLORADO RUN-OF-RIVER,22,26,30,34,38,42
7,658,AUSTIN,MUNICIPAL,K,TRAVIS,Y,COLORADO RUN-OF-RIVER,146565,143159,133751,123617,115175,105638
7,658,AUSTIN,MUNICIPAL,K,WILLIAMSON,Y,COLORADO RUN-OF-RIVER,16159,21070,27735,34595,41937,49401
9,314,BEAUMONT,MUNICIPAL,I,JEFFERSON,N,GULF COAST AQUIFER SYSTEM | HARDIN,5646,5646,5646,5646,5646,5646
9,663,BEAUMONT,MUNICIPAL,I,JEFFERSON,N,NECHES RUN-OF-RIVER,9725,10017,10271,9943,9789,9772
9,683,BEAUMONT,MUNICIPAL,I,JEFFERSON,N,SAM RAYBURN-STEINHAGEN LAKE/RESERVOIR SYSTEM,7700,7583,7483,7343,7202,7058
13,427,BORGER,MUNICIPAL,A,HUTCHINSON,N,MEREDITH LAKE/RESERVOIR,192,161,131,104,78,56
13,487,BORGER,MUNICIPAL,A,HUTCHINSON,N,OGALLALA AQUIFER | HUTCHINSON,2485,2231,1977,1756,1594,1429
13,501,BORGER,MUNICIPAL,A,HUTCHINSON,N,OGALLALA AQUIFER | ROBERTS,534,597,675,718,758,719
18,494,CACTUS MUNICIPAL WATER SYSTEM,MUNICIPAL,A,MOORE,N,OGALLALA AQUIFER | MOORE,872,763,663,567,484,413
22,114,CARTHAGE,MUNICIPAL,I,PANOLA,N,CARRIZO-WILCOX AQUIFER | PANOLA,49,48,48,47,46,45
22,437,CARTHAGE,MUNICIPAL,I,PANOLA,N,MURVAUL LAKE/RESERVOIR,1600,1584,1561,1531,1503,1475
23,279,CASH SUD,MUNICIPAL,C,ROCKWALL,Y,FORK LAKE/RESERVOIR,140,287,467,580,618,674
23,279,CASH SUD,MUNICIPAL,D,HOPKINS,Y,FORK LAKE/RESERVOIR,0,0,0,0,28,35
23,279,CASH SUD,MUNICIPAL,D,HUNT,Y,FORK LAKE/RESERVOIR,912,1605,2240,2400,2087,2024
23,279,CASH SUD,MUNICIPAL,D,RAINS,Y,FORK LAKE/RESERVOIR,0,0,0,0,136,167
23,390,CASH SUD,MUNICIPAL,C,ROCKWALL,Y,TRINITY INDIRECT REUSE,39,33,31,25,53,56
23,390,CASH SUD,MUNICIPAL,D,HOPKINS,Y,TRINITY INDIRECT REUSE,12,16,19,28,2,3
23,390,CASH SUD,MUNICIPAL,D,HUNT,Y,TRINITY INDIRECT REUSE,278,217,149,89,181,170
23,390,CASH SUD,MUNICIPAL,D,RAINS,Y,TRINITY INDIRECT REUSE,45,64,89,119,12,12
23,738,CASH SUD,MUNICIPAL,C,ROCKWALL,Y,TAWAKONI LAKE/RESERVOIR,155,172,189,208,239,260
23,738,CASH SUD,MUNICIPAL,D,HOPKINS,Y,TAWAKONI LAKE/RESERVOIR,11,11,11,11,11,12
23,738,CASH SUD,MUNICIPAL,D,HUNT,Y,TAWAKONI LAKE/RESERVOIR,1009,957,907,860,815,781
23,738,CASH SUD,MUNICIPAL,D,RAINS,Y,TAWAKONI LAKE/RESERVOIR,49,46,47,52,53,56
23,1068,CASH SUD,MUNICIPAL,C,ROCKWALL,Y,NORTH TEXAS MWD LAKE/RESERVOIR SYSTEM,71,66,61,59,61,61
23,1068,CASH SUD,MUNICIPAL,D,HOPKINS,Y,NORTH TEXAS MWD LAKE/RESERVOIR SYSTEM,5,4,4,3,3,3
23,1068,CASH SUD,MUNICIPAL,D,HUNT,Y,NORTH TEXAS MWD LAKE/RESERVOIR SYSTEM,460,369,295,243,207,182
23,1068,CASH SUD,MUNICIPAL,D,RAINS,Y,NORTH TEXAS MWD LAKE/RESERVOIR SYSTEM,22,17,14,14,13,13
24,279,CEDAR HILL,MUNICIPAL,C,DALLAS,N,FORK LAKE/RESERVOIR,979,1047,1116,1188,1262,1347
24,390,CEDAR HILL,MUNICIPAL,C,DALLAS,N,TRINITY INDIRECT REUSE,1003,1206,1453,1562,1683,1835
24,648,CEDAR HILL,MUNICIPAL,C,DALLAS,N,RAY HUBBARD LAKE/RESERVOIR,1018,1039,1057,1075,1093,1116
24,650,CEDAR HILL,MUNICIPAL,C,DALLAS,N,RAY ROBERTS-LEWISVILLE-GRAPEVINE LAKE/RESERVOIR SYSTEM,2464,2420,2346,2434,2522,2638
24,738,CEDAR HILL,MUNICIPAL,C,DALLAS,N,TAWAKONI LAKE/RESERVOIR,4101,4221,4333,4447,4557,4695
24,768,CEDAR HILL,MUNICIPAL,C,DALLAS,N,TRINITY AQUIFER | DALLAS,180,180,180,180,180,180
25,368,CEDAR PARK,MUNICIPAL,G,WILLIAMSON,Y,HIGHLAND LAKES LAKE/RESERVOIR SYSTEM,16887,16652,16560,16560,16560,16560
25,368,CEDAR PARK,MUNICIPAL,K,TRAVIS,Y,HIGHLAND LAKES LAKE/RESERVOIR SYSTEM,1989,2224,2316,2316,2316,2316
25,807,CEDAR PARK,MUNICIPAL,G,WILLIAMSON,Y,TRINITY AQUIFER | WILLIAMSON,0,0,0,0,0,0
26,147,CENTER,MUNICIPAL,I,SHELBY,N,CENTER LAKE/RESERVOIR,260,260,261,262,263,264
26,607,CENTER,MUNICIPAL,I,SHELBY,N,PINKSTON LAKE/RESERVOIR,1875,1875,1874,1873,1872,1871
31,169,CLEAR LAKE CITY WATER AUTHORITY,MUNICIPAL,H,HARRIS,N,DIRECT REUSE,436,436,436,436,436,436
31,315,CLEAR LAKE CITY WATER AUTHORITY,MUNICIPAL,H,HARRIS,N,GULF COAST AQUIFER SYSTEM | HARRIS,1157,1176,1190,1198,1204,1190
31,410,CLEAR LAKE CITY WATER AUTHORITY,MUNICIPAL,H,HARRIS,N,LIVINGSTON-WALLISVILLE LAKE/RESERVOIR SYSTEM,22280,22280,22280,22280,22280,22280
34,163,CORPUS CHRISTI,MUNICIPAL,N,NUECES,N,CORPUS CHRISTI-CHOKE CANYON LAKE/RESERVOIR SYSTEM,35465,34958,33508,31899,30265,23303
34,169,CORPUS CHRISTI,MUNICIPAL,N,NUECES,N,DIRECT REUSE,336,336,336,336,336,336
34,658,CORPUS CHRISTI,MUNICIPAL,N,NUECES,N,COLORADO RUN-OF-RIVER,23283,24591,25526,26213,26936,27794
34,742,CORPUS CHRISTI,MUNICIPAL,N,NUECES,N,TEXANA LAKE/RESERVOIR,0,0,572,1133,1686,2275
35,453,CORSICANA,MUNICIPAL,C,NAVARRO,N,NAVARRO MILLS LAKE/RESERVOIR,5220,5443,5394,5322,5247,5181
35,652,CORSICANA,MUNICIPAL,C,NAVARRO,N,CORSICANA RICHLAND CHAMBERS-HALBERT LAKE/RESERVOIR SYSTEM,1045,1086,1075,1064,1044,1034
36,279,DALLAS,MUNICIPAL,C,COLLIN,Y,FORK LAKE/RESERVOIR,1108,1208,1312,1438,1573,1729
36,279,DALLAS,MUNICIPAL,C,DALLAS,Y,FORK LAKE/RESERVOIR,26160,26584,26907,27479,28011,28688
36,279,DALLAS,MUNICIPAL,C,DENTON,Y,FORK LAKE/RESERVOIR,720,871,1056,1255,1468,1699
36,390,DALLAS,MUNICIPAL,C,COLLIN,Y,TRINITY INDIRECT REUSE,1135,1392,1708,1890,2097,2354
36,390,DALLAS,MUNICIPAL,C,DALLAS,Y,TRINITY INDIRECT REUSE,26795,30620,35032,36130,37348,39077
36,390,DALLAS,MUNICIPAL,C,DENTON,Y,TRINITY INDIRECT REUSE,738,1003,1375,1650,1957,2315
36,648,DALLAS,MUNICIPAL,C,COLLIN,Y,RAY HUBBARD LAKE/RESERVOIR,1152,1198,1242,1301,1361,1432
36,648,DALLAS,MUNICIPAL,C,DALLAS,Y,RAY HUBBARD LAKE/RESERVOIR,27199,26362,25469,24870,24246,23756
36,648,DALLAS,MUNICIPAL,C,DENTON,Y,RAY HUBBARD LAKE/RESERVOIR,749,864,1000,1136,1271,1407
36,650,DALLAS,MUNICIPAL,C,COLLIN,Y,RAY ROBERTS-LEWISVILLE-GRAPEVINE LAKE/RESERVOIR SYSTEM,2788,2791,2758,2945,3143,3384
36,650,DALLAS,MUNICIPAL,C,DALLAS,Y,RAY ROBERTS-LEWISVILLE-GRAPEVINE LAKE/RESERVOIR SYSTEM,65836,61420,56549,56277,55970,56178
36,650,DALLAS,MUNICIPAL,C,DENTON,Y,RAY ROBERTS-LEWISVILLE-GRAPEVINE LAKE/RESERVOIR SYSTEM,1813,2012,2219,2570,2933,3328
36,738,DALLAS,MUNICIPAL,C,COLLIN,Y,TAWAKONI LAKE/RESERVOIR,4641,4870,5094,5381,5678,6023
36,738,DALLAS,MUNICIPAL,C,DALLAS,Y,TAWAKONI LAKE/RESERVOIR,109569,107155,104450,102839,101116,99966
36,738,DALLAS,MUNICIPAL,C,DENTON,Y,TAWAKONI LAKE/RESERVOIR,3017,3510,4099,4696,5299,5922
38,668,DEL RIO UTILITIES COMMISSION,MUNICIPAL,J,VAL VERDE,N,RIO GRANDE RUN-OF-RIVER,4369,4369,4369,4369,4369,4369
40,390,DENTON,MUNICIPAL,C,DENTON,N,TRINITY INDIRECT REUSE,4264,4874,4874,6370,8227,10047
40,405,DENTON,MUNICIPAL,C,DENTON,N,LEWISVILLE LAKE/RESERVOIR NON-SYSTEM PORTION,4815,4979,4870,4735,4599,4458
40,649,DENTON,MUNICIPAL,C,DENTON,N,RAY ROBERTS LAKE/RESERVOIR NON-SYSTEM PORTION,17218,18131,18063,17960,17852,17730
43,494,DUMAS,MUNICIPAL,A,MOORE,N,OGALLALA AQUIFER | MOORE,661,662,661,662,639,508
43,981,DUMAS,MUNICIPAL,A,MOORE,N,OGALLALA AND RITA BLANCA AQUIFERS | HARTLEY,2699,1372,853,615,498,438
44,6,EAGLE PASS,MUNICIPAL,M,MAVERICK,N,AMISTAD-FALCON LAKE/RESERVOIR SYSTEM,9441,9441,9441,9441,9441,9441
44,668,EAGLE PASS,MUNICIPAL,M,MAVERICK,N,RIO GRANDE RUN-OF-RIVER,1180,1180,1180,1180,1180,1180
45,810,EAST CEDAR CREEK FWSD,MUNICIPAL,C,HENDERSON,N,TRWD LAKE/RESERVOIR SYSTEM,1155,1155,1155,1155,1155,1155
47,375,EL PASO COUNTY WCID 4,MUNICIPAL,E,EL PASO,N,HUECO-MESILLA BOLSON AQUIFER | EL PASO,1363,1363,1363,1363,1363,1363
49,169,EL PASO WATER,MUNICIPAL,E,EL PASO,N,DIRECT REUSE,6000,6000,6000,6000,6000,6000
49,375,EL PASO WATER,MUNICIPAL,E,EL PASO,N,HUECO-MESILLA BOLSON AQUIFER | EL PASO,78640,78640,78640,78640,78640,78640
49,668,EL PASO WATER,MUNICIPAL,E,EL PASO,N,RIO GRANDE RUN-OF-RIVER,10000,10000,10000,10000,10000,10000
50,279,EMORY,MUNICIPAL,D,RAINS,N,FORK LAKE/RESERVOIR,1806,1786,1766,1746,1727,1707
50,738,EMORY,MUNICIPAL,D,RAINS,N,TAWAKONI LAKE/RESERVOIR,715,709,701,692,682,673
51,12,ENNIS,MUNICIPAL,C,ELLIS,N,BARDWELL LAKE/RESERVOIR,3388,2913,2408,1950,1486,1215
51,390,ENNIS,MUNICIPAL,C,ELLIS,N,TRINITY INDIRECT REUSE,84,439,816,1143,1446,1436
51,810,ENNIS,MUNICIPAL,C,ELLIS,N,TRWD LAKE/RESERVOIR SYSTEM,0,0,0,0,28,237
52,390,FORNEY,MUNICIPAL,C,KAUFMAN,N,TRINITY INDIRECT REUSE,1440,1628,1760,1886,1992,1932
52,738,FORNEY,MUNICIPAL,C,KAUFMAN,N,TAWAKONI LAKE/RESERVOIR,89,98,105,111,117,112
52,1068,FORNEY,MUNICIPAL,C,KAUFMAN,N,NORTH TEXAS MWD LAKE/RESERVOIR SYSTEM,2401,2571,2684,2772,2798,2612
54,309,FORT BEND COUNTY WCID 2,MUNICIPAL,H,FORT BEND,Y,GULF COAST AQUIFER SYSTEM | FORT BEND,3227,3528,3722,3875,4023,4192
54,315,FORT BEND COUNTY WCID 2,MUNICIPAL,H,HARRIS,Y,GULF COAST AQUIFER SYSTEM | HARRIS,128,65,65,65,65,67
54,655,FORT BEND COUNTY WCID 2,MUNICIPAL,H,FORT BEND,Y,BRAZOS RUN-OF-RIVER,3118,3126,3130,3133,3136,3137
54,655,FORT BEND COUNTY WCID 2,MUNICIPAL,H,HARRIS,Y,BRAZOS RUN-OF-RIVER,109,101,97,94,91,90
55,390,FORT WORTH,MUNICIPAL,C,DENTON,Y,TRINITY INDIRECT REUSE,705,999,1251,1520,1797,2084
55,390,FORT WORTH,MUNICIPAL,C,PARKER,Y,TRINITY INDIRECT REUSE,101,109,115,122,130,138
55,390,FORT WORTH,MUNICIPAL,C,TARRANT,Y,TRINITY INDIRECT REUSE,29276,32594,33936,35334,36754,38214
55,390,FORT WORTH,MUNICIPAL,C,WISE,Y,TRINITY INDIRECT REUSE,66,72,76,82,87,93
55,390,FORT WORTH,MUNICIPAL,G,JOHNSON,Y,TRINITY INDIRECT REUSE,0,0,132,203,245,235
55,810,FORT WORTH,MUNICIPAL,C,DENTON,Y,TRWD LAKE/RESERVOIR SYSTEM,3636,4700,5242,5857,6534,7276
55,810,FORT WORTH,MUNICIPAL,C,PARKER,Y,TRWD LAKE/RESERVOIR SYSTEM,519,515,481,472,474,483
55,810,FORT WORTH,MUNICIPAL,C,TARRANT,Y,TRWD LAKE/RESERVOIR SYSTEM,150981,153527,142136,136227,133716,133462
55,810,FORT WORTH,MUNICIPAL,C,WISE,Y,TRWD LAKE/RESERVOIR SYSTEM,343,341,320,315,318,325
55,810,FORT WORTH,MUNICIPAL,G,JOHNSON,Y,TRWD LAKE/RESERVOIR SYSTEM,0,0,551,784,891,821
57,374,GAINESVILLE,MUNICIPAL,C,COOKE,N,HUBERT H MOSS LAKE/RESERVOIR,637,708,747,877,1113,1301
57,766,GAINESVILLE,MUNICIPAL,C,COOKE,N,TRINITY AQUIFER | COOKE,2104,2104,2104,2104,2104,2104
58,55,GALVESTON,MUNICIPAL,H,GALVESTON,N,BRAZOS RIVER AUTHORITY MAIN STEM LAKE/RESERVOIR SYSTEM,2396,2699,2902,3091,3264,3426
58,655,GALVESTON,MUNICIPAL,H,GALVESTON,N,BRAZOS RUN-OF-RIVER,12335,12263,12190,12117,12045,11972
58,1076,GALVESTON,MUNICIPAL,H,GALVESTON,N,BRA SYSTEM OPERATIONS PERMIT SUPPLY,4151,3824,3499,3173,2848,2522
59,55,GALVESTON COUNTY WCID 1,MUNICIPAL,H,GALVESTON,N,BRAZOS RIVER AUTHORITY MAIN STEM LAKE/RESERVOIR SYSTEM,476,536,576,613,648,680
59,169,GALVESTON COUNTY WCID 1,MUNICIPAL,H,GALVESTON,N,DIRECT REUSE,424,424,424,424,424,424
59,310,GALVESTON COUNTY WCID 1,MUNICIPAL,H,GALVESTON,N,GULF COAST AQUIFER SYSTEM | GALVESTON,284,292,298,301,304,306
59,655,GALVESTON COUNTY WCID 1,MUNICIPAL,H,GALVESTON,N,BRAZOS RUN-OF-RIVER,1321,1307,1292,1278,1263,1249
59,1076,GALVESTON COUNTY WCID 1,MUNICIPAL,H,GALVESTON,N,BRA SYSTEM OPERATIONS PERMIT SUPPLY,823,759,695,630,565,500
60,390,GARLAND,MUNICIPAL,C,DALLAS,N,TRINITY INDIRECT REUSE,13657,12961,11822,11056,10563,10248
60,738,GARLAND,MUNICIPAL,C,DALLAS,N,TAWAKONI LAKE/RESERVOIR,843,778,704,653,619,595
60,1068,GARLAND,MUNICIPAL,C,DALLAS,N,NORTH TEXAS MWD LAKE/RESERVOIR SYSTEM,22765,20478,18023,16245,14848,13855
64,294,GREENVILLE,MUNICIPAL,D,HUNT,N,GREENVILLE CITY LAKE/RESERVOIR,3215,3215,3215,3215,3215,3215
64,738,GREENVILLE,MUNICIPAL,D,HUNT,N,TAWAKONI LAKE/RESERVOIR,3366,3124,2850,2587,2293,2240
65,64,GUADALUPE-BLANCO RIVER AUTHORITY,MUNICIPAL,L,CALHOUN,Y,CANYON LAKE/RESERVOIR,194,175,156,137,116,92
65,64,GUADALUPE-BLANCO RIVER AUTHORITY,MUNICIPAL,L,COMAL,Y,CANYON LAKE/RESERVOIR,185,184,184,184,184,184
65,64,GUADALUPE-BLANCO RIVER AUTHORITY,MUNICIPAL,L,KENDALL,Y,CANYON LAKE/RESERVOIR,90,289,289,289,289,289
65,80,GUADALUPE-BLANCO RIVER AUTHORITY,MUNICIPAL,L,CALHOUN,Y,CARRIZO-WILCOX AQUIFER | CALDWELL,194,175,156,137,116,92
65,80,GUADALUPE-BLANCO RIVER AUTHORITY,MUNICIPAL,L,COMAL,Y,CARRIZO-WILCOX AQUIFER | CALDWELL,185,184,184,184,184,184
65,80,GUADALUPE-BLANCO RIVER AUTHORITY,MUNICIPAL,L,KENDALL,Y,CARRIZO-WILCOX AQUIFER | CALDWELL,90,289,289,289,289,289
65,90,GUADALUPE-BLANCO RIVER AUTHORITY,MUNICIPAL,L,CALHOUN,Y,CARRIZO-WILCOX AQUIFER | GONZALES,194,176,156,138,116,92
65,90,GUADALUPE-BLANCO RIVER AUTHORITY,MUNICIPAL,L,COMAL,Y,CARRIZO-WILCOX AQUIFER | GONZALES,185,186,186,186,186,186
65,90,GUADALUPE-BLANCO RIVER AUTHORITY,MUNICIPAL,L,KENDALL,Y,CARRIZO-WILCOX AQUIFER | GONZALES,93,292,292,292,292,292
68,6,HARLINGEN,MUNICIPAL,M,CAMERON,N,AMISTAD-FALCON LAKE/RESERVOIR SYSTEM,19838,19837,19837,19840,19840,19839
68,169,HARLINGEN,MUNICIPAL,M,CAMERON,N,DIRECT REUSE,1120,1120,1120,1120,1120,1120
75,375,HORIZON REGIONAL MUD,MUNICIPAL,E,EL PASO,N,HUECO-MESILLA BOLSON AQUIFER | EL PASO,4828,4828,4828,4828,4828,4828
75,538,HORIZON REGIONAL MUD,MUNICIPAL,E,EL PASO,N,OTHER AQUIFER | EL PASO,1578,1578,1578,1578,1578,1578
76,309,HOUSTON,MUNICIPAL,H,FORT BEND,Y,GULF COAST AQUIFER SYSTEM | FORT BEND,3280,3564,3740,3926,4063,4181
76,315,HOUSTON,MUNICIPAL,H,HARRIS,Y,GULF COAST AQUIFER SYSTEM | HARRIS,67542,31444,32285,32684,32962,33288
76,330,HOUSTON,MUNICIPAL,H,MONTGOMERY,Y,GULF COAST AQUIFER SYSTEM | MONTGOMERY,1256,1099,1010,957,939,911
76,372,HOUSTON,MUNICIPAL,H,HARRIS,Y,HOUSTON LAKE/RESERVOIR,87358,85055,83502,82298,81257,80290
76,388,HOUSTON,MUNICIPAL,H,HARRIS,Y,SAN JACINTO INDIRECT REUSE,4862,4937,5027,5147,5147,5147
76,410,HOUSTON,MUNICIPAL,H,FORT BEND,Y,LIVINGSTON-WALLISVILLE LAKE/RESERVOIR SYSTEM,4138,4416,4548,4743,4953,5100
76,410,HOUSTON,MUNICIPAL,H,HARRIS,Y,LIVINGSTON-WALLISVILLE LAKE/RESERVOIR SYSTEM,230308,232333,233754,234763,235594,236414
76,672,HOUSTON,MUNICIPAL,H,HARRIS,Y,SAN JACINTO RUN-OF-RIVER,5736,5736,5736,5736,5736,5736
78,343,HUNTSVILLE,MUNICIPAL,H,WALKER,N,GULF COAST AQUIFER SYSTEM | WALKER,6000,6912,8513,10351,10692,11063
78,410,HUNTSVILLE,MUNICIPAL,H,WALKER,N,LIVINGSTON-WALLISVILLE LAKE/RESERVOIR SYSTEM,4490,4490,4490,4490,4490,4490
79,83,JACKSONVILLE,MUNICIPAL,I,CHEROKEE,N,CARRIZO-WILCOX AQUIFER | CHEROKEE,773,763,748,733,717,702
79,391,JACKSONVILLE,MUNICIPAL,I,CHEROKEE,N,JACKSONVILLE LAKE/RESERVOIR,1803,1778,1746,1709,1673,1636
82,6,LAGUNA MADRE WATER DISTRICT,MUNICIPAL,M,CAMERON,N,AMISTAD-FALCON LAKE/RESERVOIR SYSTEM,7513,7513,7513,7513,7513,7513
83,148,LAKE CITIES MUNICIPAL UTILITY AUTHORITY,MUNICIPAL,C,DENTON,N,CHAPMAN/COOPER LAKE/RESERVOIR NON-SYSTEM PORTION,271,216,159,143,127,116
83,390,LAKE CITIES MUNICIPAL UTILITY AUTHORITY,MUNICIPAL,C,DENTON,N,TRINITY INDIRECT REUSE,82,87,79,71,64,58
83,646,LAKE CITIES MUNICIPAL UTILITY AUTHORITY,MUNICIPAL,C,DENTON,N,RALPH HALL LAKE/RESERVOIR,977,795,597,550,503,467
83,650,LAKE CITIES MUNICIPAL UTILITY AUTHORITY,MUNICIPAL,C,DENTON,N,RAY ROBERTS-LEWISVILLE-GRAPEVINE LAKE/RESERVOIR SYSTEM,1075,994,828,752,674,611
84,604,LAMAR COUNTY WSD,MUNICIPAL,D,LAMAR,N,PAT MAYSE LAKE/RESERVOIR,8796,8715,8655,8597,8512,8512
86,150,LONGVIEW,MUNICIPAL,D,GREGG,Y,CHEROKEE LAKE/RESERVOIR,7467,7471,7472,7474,7475,7475
86,150,LONGVIEW,MUNICIPAL,D,HARRISON,Y,CHEROKEE LAKE/RESERVOIR,170,166,165,163,162,162
86,279,LONGVIEW,MUNICIPAL,D,GREGG,Y,FORK LAKE/RESERVOIR,15153,15194,15228,15267,15303,15258
86,279,LONGVIEW,MUNICIPAL,D,HARRISON,Y,FORK LAKE/RESERVOIR,325,317,315,311,310,310
86,457,LONGVIEW,MUNICIPAL,D,GREGG,Y,O' THE PINES LAKE/RESERVOIR,16630,16630,16630,16630,16630,16630
86,457,LONGVIEW,MUNICIPAL,D,HARRISON,Y,O' THE PINES LAKE/RESERVOIR,920,920,920,920,920,920
86,669,LONGVIEW,MUNICIPAL,D,GREGG,Y,SABINE RUN-OF-RIVER,11196,11161,11150,11092,11033,10987
86,669,LONGVIEW,MUNICIPAL,D,HARRISON,Y,SABINE RUN-OF-RIVER,382,417,428,486,545,591
89,375,LOWER VALLEY WATER DISTRICT,MUNICIPAL,E,EL PASO,N,HUECO-MESILLA BOLSON AQUIFER | EL PASO,4356,4356,4356,4356,4356,4356
90,2,LUBBOCK,MUNICIPAL,O,LUBBOCK,N,ALAN HENRY LAKE/RESERVOIR,7630,7330,7030,6730,6082,5782
90,427,LUBBOCK,MUNICIPAL,O,LUBBOCK,N,MEREDITH LAKE/RESERVOIR,4942,4450,3676,3031,2416,1814
90,462,LUBBOCK,MUNICIPAL,O,LUBBOCK,N,OGALLALA AND EDWARDS-TRINITY-HIGH PLAINS AQUIFERS | BAILEY,1906,1457,1007,557,0,0
90,488,LUBBOCK,MUNICIPAL,O,LUBBOCK,N,OGALLALA AND EDWARDS-TRINITY-HIGH PLAINS AQUIFERS | LAMB,2156,1706,1257,807,0,0
90,501,LUBBOCK,MUNICIPAL,O,LUBBOCK,N,OGALLALA AQUIFER | ROBERTS,25227,25227,22581,19738,19419,19150
91,72,LUFKIN,MUNICIPAL,I,ANGELINA,N,CARRIZO-WILCOX AQUIFER | ANGELINA,4144,4119,4093,4066,4038,4010
91,397,LUFKIN,MUNICIPAL,I,ANGELINA,N,KURTH LAKE/RESERVOIR,2448,2555,2633,2726,2819,2912
94,810,MANSFIELD,MUNICIPAL,C,ELLIS,Y,TRWD LAKE/RESERVOIR SYSTEM,62,67,65,60,71,84
94,810,MANSFIELD,MUNICIPAL,C,TARRANT,Y,TRWD LAKE/RESERVOIR SYSTEM,10900,10360,10458,11547,12005,12474
94,810,MANSFIELD,MUNICIPAL,G,JOHNSON,Y,TRWD LAKE/RESERVOIR SYSTEM,692,886,959,912,1139,1405
95,457,MARSHALL,MUNICIPAL,D,HARRISON,N,O' THE PINES LAKE/RESERVOIR,6577,6577,6577,6577,6577,6577
95,660,MARSHALL,MUNICIPAL,D,HARRISON,N,CYPRESS RUN-OF-RIVER,7240,7240,7240,7240,7240,7240
96,6,MCALLEN,MUNICIPAL,M,HIDALGO,N,AMISTAD-FALCON LAKE/RESERVOIR SYSTEM,33544,33544,31744,31744,31744,31744
96,169,MCALLEN,MUNICIPAL,M,HIDALGO,N,DIRECT REUSE,2251,2251,2251,2251,2251,2251
96,316,MCALLEN,MUNICIPAL,M,HIDALGO,N,GULF COAST AQUIFER SYSTEM | HIDALGO,1120,1120,1120,1120,1120,1120
98,390,MIDLOTHIAN,MUNICIPAL,C,ELLIS,N,TRINITY INDIRECT REUSE,3206,3206,3206,3206,3206,3206
98,392,MIDLOTHIAN,MUNICIPAL,C,ELLIS,N,JOE POOL LAKE/RESERVOIR,1297,1149,999,873,745,616
98,810,MIDLOTHIAN,MUNICIPAL,C,ELLIS,N,TRWD LAKE/RESERVOIR SYSTEM,2734,3341,4404,5120,5810,6256
100,33,MOUNT PLEASANT,MUNICIPAL,D,TITUS,N,BOB SANDLIN LAKE/RESERVOIR,13180,12843,12602,12399,12086,11887
100,166,MOUNT PLEASANT,MUNICIPAL,D,TITUS,N,CYPRESS SPRINGS LAKE/RESERVOIR,2464,2356,2248,2140,2032,1924
100,660,MOUNT PLEASANT,MUNICIPAL,D,TITUS,N,CYPRESS RUN-OF-RIVER,400,400,400,400,400,400
100,737,MOUNT PLEASANT,MUNICIPAL,D,TITUS,N,TANKERSLEY LAKE/RESERVOIR,950,950,950,950,950,950
101,148,MUSTANG SUD,MUNICIPAL,C,COLLIN,Y,CHAPMAN/COOPER LAKE/RESERVOIR NON-SYSTEM PORTION,47,48,42,46,47,48
101,148,MUSTANG SUD,MUNICIPAL,C,DENTON,Y,CHAPMAN/COOPER LAKE/RESERVOIR NON-SYSTEM PORTION,1397,1383,1296,1444,1486,1504
101,148,MUSTANG SUD,MUNICIPAL,C,GRAYSON,Y,CHAPMAN/COOPER LAKE/RESERVOIR NON-SYSTEM PORTION,31,32,29,31,31,32
101,390,MUSTANG SUD,MUNICIPAL,C,COLLIN,Y,TRINITY INDIRECT REUSE,14,19,21,23,23,24
101,390,MUSTANG SUD,MUNICIPAL,C,DENTON,Y,TRINITY INDIRECT REUSE,419,553,648,722,743,753
101,390,MUSTANG SUD,MUNICIPAL,C,GRAYSON,Y,TRINITY INDIRECT REUSE,9,13,14,16,16,16
101,646,MUSTANG SUD,MUNICIPAL,C,COLLIN,Y,RALPH HALL LAKE/RESERVOIR,168,175,159,178,185,192
101,646,MUSTANG SUD,MUNICIPAL,C,DENTON,Y,RALPH HALL LAKE/RESERVOIR,5019,5088,4876,5563,5864,6092
101,646,MUSTANG SUD,MUNICIPAL,C,GRAYSON,Y,RALPH HALL LAKE/RESERVOIR,112,117,107,120,123,128
101,650,MUSTANG SUD,MUNICIPAL,C,COLLIN,Y,RAY ROBERTS-LEWISVILLE-GRAPEVINE LAKE/RESERVOIR SYSTEM,185,218,221,243,248,252
101,650,MUSTANG SUD,MUNICIPAL,C,DENTON,Y,RAY ROBERTS-LEWISVILLE-GRAPEVINE LAKE/RESERVOIR SYSTEM,5524,6356,6767,7598,7853,7966
101,650,MUSTANG SUD,MUNICIPAL,C,GRAYSON,Y,RAY ROBERTS-LEWISVILLE-GRAPEVINE LAKE/RESERVOIR SYSTEM,123,146,149,164,165,168
101,744,MUSTANG SUD,MUNICIPAL,C,COLLIN,Y,TEXOMA LAKE/RESERVOIR NON-SYSTEM PORTION,4,3,3,3,2,2
101,744,MUSTANG SUD,MUNICIPAL,C,DENTON,Y,TEXOMA LAKE/RESERVOIR NON-SYSTEM PORTION,131,85,81,79,77,74
101,744,MUSTANG SUD,MUNICIPAL,C,GRAYSON,Y,TEXOMA LAKE/RESERVOIR NON-SYSTEM PORTION,3,2,2,2,2,2
101,770,MUSTANG SUD,MUNICIPAL,C,COLLIN,Y,TRINITY AQUIFER | DENTON,51,52,50,49,48,48
101,770,MUSTANG SUD,MUNICIPAL,C,DENTON,Y,TRINITY AQUIFER | DENTON,1519,1517,1520,1522,1524,1524
101,770,MUSTANG SUD,MUNICIPAL,C,GRAYSON,Y,TRINITY AQUIFER | DENTON,34,35,34,33,32,32
101,837,MUSTANG SUD,MUNICIPAL,C,COLLIN,Y,WOODBINE AQUIFER | DENTON,2,2,2,2,2,2
101,837,MUSTANG SUD,MUNICIPAL,C,DENTON,Y,WOODBINE AQUIFER | DENTON,67,67,68,68,68,68
101,837,MUSTANG SUD,MUNICIPAL,C,GRAYSON,Y,WOODBINE AQUIFER | DENTON,2,2,1,1,1,1
102,112,NACOGDOCHES,MUNICIPAL,I,NACOGDOCHES,N,CARRIZO-WILCOX AQUIFER | NACOGDOCHES,2313,2415,2522,2665,2813,2967
102,451,NACOGDOCHES,MUNICIPAL,I,NACOGDOCHES,N,NACOGDOCHES LAKE/RESERVOIR,5108,5199,5287,5439,5584,5723
103,6,NORTH ALAMO WSC,MUNICIPAL,M,CAMERON,Y,AMISTAD-FALCON LAKE/RESERVOIR SYSTEM,309,304,303,303,303,301
103,6,NORTH ALAMO WSC,MUNICIPAL,M,HIDALGO,Y,AMISTAD-FALCON LAKE/RESERVOIR SYSTEM,11797,11836,11861,11872,11882,11888
103,6,NORTH ALAMO WSC,MUNICIPAL,M,WILLACY,Y,AMISTAD-FALCON LAKE/RESERVOIR SYSTEM,409,375,350,337,325,317
103,303,NORTH ALAMO WSC,MUNICIPAL,M,CAMERON,Y,GULF COAST AQUIFER SYSTEM | CAMERON,2,2,2,2,2,2
103,303,NORTH ALAMO WSC,MUNICIPAL,M,HIDALGO,Y,GULF COAST AQUIFER SYSTEM | CAMERON,65,66,66,66,66,66
103,303,NORTH ALAMO WSC,MUNICIPAL,M,WILLACY,Y,GULF COAST AQUIFER SYSTEM | CAMERON,3,2,2,2,2,2
103,316,NORTH ALAMO WSC,MUNICIPAL,M,CAMERON,Y,GULF COAST AQUIFER SYSTEM | HIDALGO,228,229,230,230,230,231
103,316,NORTH ALAMO WSC,MUNICIPAL,M,HIDALGO,Y,GULF COAST AQUIFER SYSTEM | HIDALGO,8132,8159,8178,8191,8201,8208
103,316,NORTH ALAMO WSC,MUNICIPAL,M,WILLACY,Y,GULF COAST AQUIFER SYSTEM | HIDALGO,320,292,272,259,249,241
103,348,NORTH ALAMO WSC,MUNICIPAL,M,CAMERON,Y,GULF COAST AQUIFER SYSTEM | WILLACY,22,24,23,23,23,23
103,348,NORTH ALAMO WSC,MUNICIPAL,M,HIDALGO,Y,GULF COAST AQUIFER SYSTEM | WILLACY,1097,1276,1297,1297,1297,1297
103,348,NORTH ALAMO WSC,MUNICIPAL,M,WILLACY,Y,GULF COAST AQUIFER SYSTEM | WILLACY,23,24,24,24,24,24
106,169,NORTH HARRIS COUNTY REGIONAL WATER AUTHORITY,MUNICIPAL,H,HARRIS,Y,DIRECT REUSE,1177,1177,1177,1177,1177,1177
106,315,NORTH HARRIS COUNTY REGIONAL WATER AUTHORITY,MUNICIPAL,H,HARRIS,Y,GULF COAST AQUIFER SYSTEM | HARRIS,52991,25640,26466,26868,27841,28486
106,330,NORTH HARRIS COUNTY REGIONAL WATER AUTHORITY,MUNICIPAL,H,MONTGOMERY,Y,GULF COAST AQUIFER SYSTEM | MONTGOMERY,7,6,6,6,5,5
106,372,NORTH HARRIS COUNTY REGIONAL WATER AUTHORITY,MUNICIPAL,H,HARRIS,Y,HOUSTON LAKE/RESERVOIR,34720,34720,34720,34720,34720,34720
106,410,NORTH HARRIS COUNTY REGIONAL WATER AUTHORITY,MUNICIPAL,H,HARRIS,Y,LIVINGSTON-WALLISVILLE LAKE/RESERVOIR SYSTEM,493,493,493,493,493,493
107,810,NORTH RICHLAND HILLS,MUNICIPAL,C,TARRANT,N,TRWD LAKE/RESERVOIR SYSTEM,12021,11276,10645,9828,9274,8707
110,665,NUECES COUNTY WCID 3,MUNICIPAL,N,NUECES,N,NUECES RUN-OF-RIVER,69,65,64,66,68,71
111,145,ODESSA,MUNICIPAL,F,ECTOR,Y,EDWARDS-TRINITY-PLATEAU AND PECOS VALLEY AQUIFERS | WARD,15163,16279,16343,15055,14491,13872
111,145,ODESSA,MUNICIPAL,F,MIDLAND,Y,EDWARDS-TRINITY-PLATEAU AND PECOS VALLEY AQUIFERS | WARD,747,1071,1316,1373,1467,1535
111,158,ODESSA,MUNICIPAL,F,ECTOR,Y,COLORADO RIVER MWD LAKE/RESERVOIR SYSTEM,5424,5562,5729,5701,5644,5565
111,158,ODESSA,MUNICIPAL,F,MIDLAND,Y,COLORADO RIVER MWD LAKE/RESERVOIR SYSTEM,267,366,461,520,571,616
111,169,ODESSA,MUNICIPAL,F,ECTOR,Y,DIRECT REUSE,759,797,837,854,870,885
111,169,ODESSA,MUNICIPAL,F,MIDLAND,Y,DIRECT REUSE,37,52,68,78,88,98
111,492,ODESSA,MUNICIPAL,F,ECTOR,Y,OGALLALA AND EDWARDS-TRINITY-HIGH PLAINS AQUIFERS | MARTIN,420,396,378,358,347,339
111,492,ODESSA,MUNICIPAL,F,MIDLAND,Y,OGALLALA AND EDWARDS-TRINITY-HIGH PLAINS AQUIFERS | MARTIN,21,26,30,33,35,37
115,165,PARIS,MUNICIPAL,D,LAMAR,N,CROOK LAKE/RESERVOIR,1592,1592,1592,1592,1592,1592
115,604,PARIS,MUNICIPAL,D,LAMAR,N,PAT MAYSE LAKE/RESERVOIR,2501,2261,2079,2061,2044,2026
117,315,PASADENA,MUNICIPAL,H,HARRIS,N,GULF COAST AQUIFER SYSTEM | HARRIS,3463,3486,3512,3522,3523,3516
117,410,PASADENA,MUNICIPAL,H,HARRIS,N,LIVINGSTON-WALLISVILLE LAKE/RESERVOIR SYSTEM,13655,13655,13655,13655,13655,13655
118,683,PORT ARTHUR,MUNICIPAL,I,JEFFERSON,N,SAM RAYBURN-STEINHAGEN LAKE/RESERVOIR SYSTEM,18309,18454,18405,18183,17964,17748
121,392,ROCKETT SUD,MUNICIPAL,C,DALLAS,Y,JOE POOL LAKE/RESERVOIR,30,29,27,25,22,20
121,392,ROCKETT SUD,MUNICIPAL,C,ELLIS,Y,JOE POOL LAKE/RESERVOIR,1491,1557,1621,1666,1726,1761
121,810,ROCKETT SUD,MUNICIPAL,C,DALLAS,Y,TRWD LAKE/RESERVOIR SYSTEM,50,51,53,51,51,49
121,810,ROCKETT SUD,MUNICIPAL,C,ELLIS,Y,TRWD LAKE/RESERVOIR SYSTEM,2509,2736,3166,3408,3938,4287
122,390,ROCKWALL,MUNICIPAL,C,ROCKWALL,N,TRINITY INDIRECT REUSE,3376,3642,4239,5132,5061,4910
122,738,ROCKWALL,MUNICIPAL,C,ROCKWALL,N,TAWAKONI LAKE/RESERVOIR,208,219,252,303,296,285
122,1068,ROCKWALL,MUNICIPAL,C,ROCKWALL,N,NORTH TEXAS MWD LAKE/RESERVOIR SYSTEM,5628,5755,6463,7539,7115,6638
123,54,ROUND ROCK,MUNICIPAL,G,WILLIAMSON,Y,BRAZOS RIVER AUTHORITY LITTLE RIVER LAKE/RESERVOIR SYSTEM,15639,15431,15119,14734,14332,14202
123,169,ROUND ROCK,MUNICIPAL,G,WILLIAMSON,Y,DIRECT REUSE,4320,4320,4320,4320,4320,4320
123,217,ROUND ROCK,MUNICIPAL,G,WILLIAMSON,Y,EDWARDS-BFZ AQUIFER | WILLIAMSON,193,182,176,176,176,176
123,368,ROUND ROCK,MUNICIPAL,G,WILLIAMSON,Y,HIGHLAND LAKES LAKE/RESERVOIR SYSTEM,5962,5921,5878,5839,5803,5803
123,368,ROUND ROCK,MUNICIPAL,K,TRAVIS,Y,HIGHLAND LAKES LAKE/RESERVOIR SYSTEM,311,352,395,434,470,470
125,364,SAN ANGELO,MUNICIPAL,F,TOM GREEN,N,HICKORY AQUIFER | MCCULLOCH,9280,11371,11410,11443,11477,11509
125,507,SAN ANGELO,MUNICIPAL,F,TOM GREEN,N,OH IVIE LAKE/RESERVOIR NON-SYSTEM PORTION,4380,4276,4167,4056,3943,3829
125,658,SAN ANGELO,MUNICIPAL,F,TOM GREEN,N,COLORADO RUN-OF-RIVER,462,464,464,466,468,469
125,1020,SAN ANGELO,MUNICIPAL,F,TOM GREEN,N,SAN ANGELO LAKES LAKE/RESERVOIR SYSTEM,0,0,0,0,0,0
129,90,SEGUIN,MUNICIPAL,L,GUADALUPE,N,CARRIZO-WILCOX AQUIFER | GONZALES,1468,1468,1468,1468,1468,1468
129,93,SEGUIN,MUNICIPAL,L,GUADALUPE,N,CARRIZO-WILCOX AQUIFER | GUADALUPE,3515,3515,3515,3515,3515,3515
129,169,SEGUIN,MUNICIPAL,L,GUADALUPE,N,DIRECT REUSE,788,1344,1344,1344,1344,1344
129,661,SEGUIN,MUNICIPAL,L,GUADALUPE,N,GUADALUPE RUN-OF-RIVER,4200,4200,4200,4200,4200,4200
130,279,SEAGOVILLE,MUNICIPAL,C,DALLAS,N,FORK LAKE/RESERVOIR,209,224,228,231,233,237
130,390,SEAGOVILLE,MUNICIPAL,C,DALLAS,N,TRINITY INDIRECT REUSE,214,258,297,304,311,323
130,648,SEAGOVILLE,MUNICIPAL,C,DALLAS,N,RAY HUBBARD LAKE/RESERVOIR,217,222,216,209,202,196
130,650,SEAGOVILLE,MUNICIPAL,C,DALLAS,N,RAY ROBERTS-LEWISVILLE-GRAPEVINE LAKE/RESERVOIR SYSTEM,526,516,481,472,465,465
130,738,SEAGOVILLE,MUNICIPAL,C,DALLAS,N,TAWAKONI LAKE/RESERVOIR,875,901,886,864,842,826
131,6,SHARYLAND WSC,MUNICIPAL,M,HIDALGO,N,AMISTAD-FALCON LAKE/RESERVOIR SYSTEM,17073,17073,17073,17073,17073,17073
134,64,SPRINGS HILL WSC,MUNICIPAL,L,GUADALUPE,Y,CANYON LAKE/RESERVOIR,4190,1950,1950,1950,1950,1950
134,93,SPRINGS HILL WSC,MUNICIPAL,L,GUADALUPE,Y,CARRIZO-WILCOX AQUIFER | GUADALUPE,2520,2520,2520,2520,2520,2520
136,148,SULPHUR SPRINGS,MUNICIPAL,D,HOPKINS,N,CHAPMAN/COOPER LAKE/RESERVOIR NON-SYSTEM PORTION,3440,3497,3590,3646,3701,3757
137,190,SWEETWATER,MUNICIPAL,G,NOLAN,N,DOCKUM AQUIFER | NOLAN,1663,1667,1671,1671,1671,1671
137,458,SWEETWATER,MUNICIPAL,G,NOLAN,N,OAK CREEK LAKE/RESERVOIR,0,0,0,0,0,0
139,390,TERRELL,MUNICIPAL,C,KAUFMAN,N,TRINITY INDIRECT REUSE,1381,1388,1486,1568,1764,1918
139,738,TERRELL,MUNICIPAL,C,KAUFMAN,N,TAWAKONI LAKE/RESERVOIR,85,83,88,93,103,111
139,1068,TERRELL,MUNICIPAL,C,KAUFMAN,N,NORTH TEXAS MWD LAKE/RESERVOIR SYSTEM,2304,2192,2266,2302,2478,2594
140,667,TEXARKANA,MUNICIPAL,D,BOWIE,N,RED RUN-OF-RIVER,0,0,0,0,0,0
140,854,TEXARKANA,MUNICIPAL,D,BOWIE,N,WRIGHT PATMAN LAKE/RESERVOIR,0,0,0,0,0,0
144,600,TYLER,MUNICIPAL,D,SMITH,Y,PALESTINE LAKE/RESERVOIR,118,106,99,89,78,68
144,600,TYLER,MUNICIPAL,I,SMITH,Y,PALESTINE LAKE/RESERVOIR,17549,19679,22125,23504,24971,26528
144,815,TYLER,MUNICIPAL,D,SMITH,Y,TYLER LAKE/RESERVOIR,115,103,95,84,75,65
144,815,TYLER,MUNICIPAL,I,SMITH,Y,TYLER LAKE/RESERVOIR,17169,19117,21342,22512,23745,25045
151,6,VALLEY MUD 2,MUNICIPAL,M,CAMERON,N,AMISTAD-FALCON LAKE/RESERVOIR SYSTEM,798,798,798,798,798,798
151,169,VALLEY MUD 2,MUNICIPAL,M,CAMERON,N,DIRECT REUSE,98,112,112,112,112,112
151,303,VALLEY MUD 2,MUNICIPAL,M,CAMERON,N,GULF COAST AQUIFER SYSTEM | CAMERON,367,386,406,425,444,444
152,655,WACO,MUNICIPAL,G,MCLENNAN,N,BRAZOS RUN-OF-RIVER,5600,5600,5600,5600,5600,5600
152,791,WACO,MUNICIPAL,G,MCLENNAN,N,TRINITY AQUIFER | MCLENNAN,161,161,161,161,161,161
152,818,WACO,MUNICIPAL,G,MCLENNAN,N,WACO LAKE/RESERVOIR,26440,25701,24909,24166,23285,23181
153,810,WALNUT CREEK SUD,MUNICIPAL,C,PARKER,Y,TRWD LAKE/RESERVOIR SYSTEM,2594,2602,2605,2602,2596,2596
153,810,WALNUT CREEK SUD,MUNICIPAL,C,WISE,Y,TRWD LAKE/RESERVOIR SYSTEM,460,452,449,452,458,458
154,12,WAXAHACHIE,MUNICIPAL,C,ELLIS,N,BARDWELL LAKE/RESERVOIR,2779,2760,2721,2672,2611,2540
154,390,WAXAHACHIE,MUNICIPAL,C,ELLIS,N,TRINITY INDIRECT REUSE,1886,2127,2368,2569,2768,2963
154,810,WAXAHACHIE,MUNICIPAL,C,ELLIS,N,TRWD LAKE/RESERVOIR SYSTEM,477,1845,3216,3882,3554,3236
154,819,WAXAHACHIE,MUNICIPAL,C,ELLIS,N,WAXAHACHIE LAKE/RESERVOIR,1955,1981,1995,1987,1972,1951
155,390,WEATHERFORD,MUNICIPAL,C,PARKER,N,TRINITY INDIRECT REUSE,3560,3665,3794,3838,3794,3751
155,810,WEATHERFORD,MUNICIPAL,C,PARKER,N,TRWD LAKE/RESERVOIR SYSTEM,1410,1355,1275,1274,1361,1446
155,821,WEATHERFORD,MUNICIPAL,C,PARKER,N,WEATHERFORD LAKE/RESERVOIR,2860,2810,2760,2717,2673,2630
156,810,WEST CEDAR CREEK MUD,MUNICIPAL,C,HENDERSON,Y,TRWD LAKE/RESERVOIR SYSTEM,895,731,750,684,634,594
156,810,WEST CEDAR CREEK MUD,MUNICIPAL,C,KAUFMAN,Y,TRWD LAKE/RESERVOIR SYSTEM,42,45,52,57,62,69
158,169,WEST HARRIS COUNTY REGIONAL WATER AUTHORITY,MUNICIPAL,H,HARRIS,Y,DIRECT REUSE,1469,1469,1469,1469,1469,1469
158,309,WEST HARRIS COUNTY REGIONAL WATER AUTHORITY,MUNICIPAL,H,FORT BEND,Y,GULF COAST AQUIFER SYSTEM | FORT BEND,0,9,35,61,81,100
158,315,WEST HARRIS COUNTY REGIONAL WATER AUTHORITY,MUNICIPAL,H,HARRIS,Y,GULF COAST AQUIFER SYSTEM | HARRIS,22512,6046,5954,5915,6063,6306
158,410,WEST HARRIS COUNTY REGIONAL WATER AUTHORITY,MUNICIPAL,H,HARRIS,Y,LIVINGSTON-WALLISVILLE LAKE/RESERVOIR SYSTEM,31976,31976,31976,31976,31976,31976
160,386,WICHITA FALLS,MUNICIPAL,B,WICHITA,N,RED INDIRECT REUSE,5181,5214,5254,5276,5295,5316
160,394,WICHITA FALLS,MUNICIPAL,B,WICHITA,N,KEMP-DIVERSION LAKE/RESERVOIR SYSTEM,3344,3098,2852,2606,2360,2114
160,830,WICHITA FALLS,MUNICIPAL,B,WICHITA,N,LITTLE WICHITA RIVER LAKE/RESERVOIR SYSTEM,8401,7919,7446,6926,6393,5862
162,54,439 WSC,MUNICIPAL,G,BELL,N,BRAZOS RIVER AUTHORITY LITTLE RIVER LAKE/RESERVOIR SYSTEM,1821,1810,1798,1786,1775,1763
163,481,ABERNATHY,MUNICIPAL,O,HALE,Y,OGALLALA AND EDWARDS-TRINITY-HIGH PLAINS AQUIFERS | HALE,1379,1355,1326,1288,1267,1241
163,481,ABERNATHY,MUNICIPAL,O,LUBBOCK,Y,OGALLALA AND EDWARDS-TRINITY-HIGH PLAINS AQUIFERS | HALE,479,503,532,570,591,617
164,390,ABLES SPRINGS SUD,MUNICIPAL,C,KAUFMAN,Y,TRINITY INDIRECT REUSE,134,123,127,129,139,141
164,390,ABLES SPRINGS SUD,MUNICIPAL,D,HUNT,Y,TRINITY INDIRECT REUSE,14,14,12,12,12,12
164,738,ABLES SPRINGS SUD,MUNICIPAL,C,KAUFMAN,Y,TAWAKONI LAKE/RESERVOIR,8,7,7,7,8,8
164,738,ABLES SPRINGS SUD,MUNICIPAL,D,HUNT,Y,TAWAKONI LAKE/RESERVOIR,1,1,1,1,1,1
164,1068,ABLES SPRINGS SUD,MUNICIPAL,C,KAUFMAN,Y,NORTH TEXAS MWD LAKE/RESERVOIR SYSTEM,223,194,191,187,193,190
164,1068,ABLES SPRINGS SUD,MUNICIPAL,D,HUNT,Y,NORTH TEXAS MWD LAKE/RESERVOIR SYSTEM,24,21,19,18,16,16
164,1068,ABLES SPRINGS SUD,MUNICIPAL,D,VAN ZANDT,Y,NORTH TEXAS MWD LAKE/RESERVOIR SYSTEM,1,1,1,1,1,1
165,55,ACTON MUD,MUNICIPAL,G,HOOD,Y,BRAZOS RIVER AUTHORITY MAIN STEM LAKE/RESERVOIR SYSTEM,2810,2768,2724,2124,1551,1551
165,55,ACTON MUD,MUNICIPAL,G,JOHNSON,Y,BRAZOS RIVER AUTHORITY MAIN STEM LAKE/RESERVOIR SYSTEM,37,36,36,28,20,20
165,781,ACTON MUD,MUNICIPAL,G,HOOD,Y,TRINITY AQUIFER | HOOD,1505,1505,1505,1505,1505,1505
165,781,ACTON MUD,MUNICIPAL,G,JOHNSON,Y,TRINITY AQUIFER | HOOD,20,20,20,20,20,20
166,279,ADDISON,MUNICIPAL,C,DALLAS,N,FORK LAKE/RESERVOIR,785,867,896,912,928,951
166,390,ADDISON,MUNICIPAL,C,DALLAS,N,TRINITY INDIRECT REUSE,804,998,1167,1199,1237,1295
166,648,ADDISON,MUNICIPAL,C,DALLAS,N,RAY HUBBARD LAKE/RESERVOIR,816,860,848,825,803,787
166,650,ADDISON,MUNICIPAL,C,DALLAS,N,RAY ROBERTS-LEWISVILLE-GRAPEVINE LAKE/RESERVOIR SYSTEM,1976,2003,1885,1869,1856,1863
166,738,ADDISON,MUNICIPAL,C,DALLAS,N,TAWAKONI LAKE/RESERVOIR,3288,3494,3480,3413,3350,3313
168,6,ALAMO,MUNICIPAL,M,HIDALGO,N,AMISTAD-FALCON LAKE/RESERVOIR SYSTEM,3131,3131,3131,3131,3131,3131
168,316,ALAMO,MUNICIPAL,M,HIDALGO,N,GULF COAST AQUIFER SYSTEM | HIDALGO,522,522,522,522,522,522
169,209,ALAMO HEIGHTS,MUNICIPAL,L,BEXAR,N,EDWARDS-BFZ AQUIFER | BEXAR,1611,1611,1611,1611,1611,1611
170,373,ALBANY,MUNICIPAL,G,SHACKELFORD,N,HUBBARD CREEK LAKE/RESERVOIR,674,692,708,723,738,738
170,965,ALBANY,MUNICIPAL,G,SHACKELFORD,N,MCCARTY LAKE/RESERVOIR,60,45,30,15,0,0
171,798,ALEDO,MUNICIPAL,C,PARKER,N,TRINITY AQUIFER | PARKER,423,455,557,636,725,779
171,810,ALEDO,MUNICIPAL,C,PARKER,N,TRWD LAKE/RESERVOIR SYSTEM,851,805,919,955,1009,1017
172,163,ALICE,MUNICIPAL,N,JIM WELLS,N,CORPUS CHRISTI-CHOKE CANYON LAKE/RESERVOIR SYSTEM,1105,1218,1319,1434,1572,1739
172,169,ALICE,MUNICIPAL,N,JIM WELLS,N,DIRECT REUSE,230,230,230,230,230,230
172,321,ALICE,MUNICIPAL,N,JIM WELLS,N,GULF COAST AQUIFER SYSTEM | JIM WELLS,1568,1568,1568,1568,1568,1568
172,742,ALICE,MUNICIPAL,N,JIM WELLS,N,TEXANA LAKE/RESERVOIR,1106,1219,1319,1435,1573,1739
173,390,ALLEN,MUNICIPAL,C,COLLIN,N,TRINITY INDIRECT REUSE,8552,8426,7363,6680,6343,6154
173,738,ALLEN,MUNICIPAL,C,COLLIN,N,TAWAKONI LAKE/RESERVOIR,528,506,438,394,372,358
173,1068,ALLEN,MUNICIPAL,C,COLLIN,N,NORTH TEXAS MWD LAKE/RESERVOIR SYSTEM,14255,13315,11225,9815,8918,8320
174,169,ALPINE,MUNICIPAL,E,BREWSTER,N,DIRECT REUSE,193,193,193,193,193,193
174,377,ALPINE,MUNICIPAL,E,BREWSTER,N,IGNEOUS AQUIFER | BREWSTER,2064,2064,2064,2064,2064,2064
174,379,ALPINE,MUNICIPAL,E,BREWSTER,N,IGNEOUS AQUIFER | JEFF DAVIS,2065,2065,2065,2065,2065,2065
175,83,ALTO,MUNICIPAL,I,CHEROKEE,N,CARRIZO-WILCOX AQUIFER | CHEROKEE,218,215,211,206,202,197
176,83,ALTO RURAL WSC,MUNICIPAL,I,CHEROKEE,N,CARRIZO-WILCOX AQUIFER | CHEROKEE,817,817,817,817,817,817
178,55,ALVARADO,MUNICIPAL,G,JOHNSON,N,BRAZOS RIVER AUTHORITY MAIN STEM LAKE/RESERVOIR SYSTEM,2241,2241,2241,2241,2241,2241
178,784,ALVARADO,MUNICIPAL,G,JOHNSON,N,TRINITY AQUIFER | JOHNSON,0,0,0,0,0,0
179,169,ALVIN,MUNICIPAL,H,BRAZORIA,N,DIRECT REUSE,81,81,81,81,81,81
179,299,ALVIN,MUNICIPAL,H,BRAZORIA,N,GULF COAST AQUIFER SYSTEM | BRAZORIA,2947,2919,3058,3034,2987,2946
180,808,ALVORD,MUNICIPAL,C,WISE,N,TRINITY AQUIFER | WISE,228,228,228,228,228,228
182,488,AMHERST,MUNICIPAL,O,LAMB,N,OGALLALA AND EDWARDS-TRINITY-HIGH PLAINS AQUIFERS | LAMB,234,234,234,234,234,234
183,675,ANAHUAC,MUNICIPAL,H,CHAMBERS,N,TRINITY RUN-OF-RIVER,1105,1105,1105,1105,1105,1105
185,460,ANDREWS,MUNICIPAL,F,ANDREWS,N,OGALLALA AND EDWARDS-TRINITY-HIGH PLAINS AQUIFERS | ANDREWS,4037,4387,4325,4157,4035,3943
186,299,ANGLETON,MUNICIPAL,H,BRAZORIA,N,GULF COAST AQUIFER SYSTEM | BRAZORIA,362,347,342,339,337,336
186,655,ANGLETON,MUNICIPAL,H,BRAZORIA,N,BRAZOS RUN-OF-RIVER,2576,2576,2576,2576,2576,2576
187,390,ANNA,MUNICIPAL,C,COLLIN,N,TRINITY INDIRECT REUSE,1363,1409,1439,1471,1510,1543
187,738,ANNA,MUNICIPAL,C,COLLIN,N,TAWAKONI LAKE/RESERVOIR,84,85,86,87,88,90
187,763,ANNA,MUNICIPAL,C,COLLIN,N,TRINITY AQUIFER | COLLIN,445,445,445,445,445,445
187,833,ANNA,MUNICIPAL,C,COLLIN,N,WOODBINE AQUIFER | COLLIN,45,45,45,45,45,45
187,1068,ANNA,MUNICIPAL,C,COLLIN,N,NORTH TEXAS MWD LAKE/RESERVOIR SYSTEM,2272,2225,2194,2161,2121,2086
188,798,ANNETTA,MUNICIPAL,C,PARKER,N,TRINITY AQUIFER | PARKER,787,787,787,787,787,787
190,373,ANSON,MUNICIPAL,G,JONES,N,HUBBARD CREEK LAKE/RESERVOIR,373,376,386,394,402,402
191,375,ANTHONY,MUNICIPAL,E,EL PASO,N,HUECO-MESILLA BOLSON AQUIFER | EL PASO,1847,1847,1847,1847,1847,1847
192,485,ANTON,MUNICIPAL,O,HOCKLEY,N,OGALLALA AND EDWARDS-TRINITY-HIGH PLAINS AQUIFERS | HOCKLEY,835,835,835,835,835,835
193,112,APPLEBY WSC,MUNICIPAL,I,NACOGDOCHES,N,CARRIZO-WILCOX AQUIFER | NACOGDOCHES,1070,1102,1134,1187,1240,1291
193,451,APPLEBY WSC,MUNICIPAL,I,NACOGDOCHES,N,NACOGDOCHES LAKE/RESERVOIR,64,63,63,62,62,61
194,74,AQUA WSC,MUNICIPAL,G,LEE,Y,CARRIZO-WILCOX AQUIFER | BASTROP,0,3,14,25,36,48
194,74,AQUA WSC,MUNICIPAL,K,BASTROP,Y,CARRIZO-WILCOX AQUIFER | BASTROP,8748,7510,7268,6980,6660,6302
194,74,AQUA WSC,MUNICIPAL,K,TRAVIS,Y,CARRIZO-WILCOX AQUIFER | BASTROP,1251,1419,1524,1664,1818,1988
194,80,AQUA WSC,MUNICIPAL,K,BASTROP,Y,CARRIZO-WILCOX AQUIFER | CALDWELL,594,1524,1505,1489,1471,1451
194,80,AQUA WSC,MUNICIPAL,L,CALDWELL,Y,CARRIZO-WILCOX AQUIFER | CALDWELL,166,186,205,221,239,259
194,101,AQUA WSC,MUNICIPAL,G,LEE,Y,CARRIZO-WILCOX AQUIFER | LEE,264,270,270,270,270,270
194,101,AQUA WSC,MUNICIPAL,K,BASTROP,Y,CARRIZO-WILCOX AQUIFER | LEE,6,0,0,0,0,0
195,163,ARANSAS PASS,MUNICIPAL,N,ARANSAS,Y,CORPUS CHRISTI-CHOKE CANYON LAKE/RESERVOIR SYSTEM,27,27,26,26,25,25
195,163,ARANSAS PASS,MUNICIPAL,N,SAN PATRICIO,Y,CORPUS CHRISTI-CHOKE CANYON LAKE/RESERVOIR SYSTEM,278,275,276,279,283,286
195,169,ARANSAS PASS,MUNICIPAL,N,ARANSAS,Y,DIRECT REUSE,62,61,60,58,57,55
195,169,ARANSAS PASS,MUNICIPAL,N,SAN PATRICIO,Y,DIRECT REUSE,628,629,630,632,633,635
195,742,ARANSAS PASS,MUNICIPAL,N,ARANSAS,Y,TEXANA LAKE/RESERVOIR,27,27,26,26,25,25
195,742,ARANSAS PASS,MUNICIPAL,N,SAN PATRICIO,Y,TEXANA LAKE/RESERVOIR,279,276,277,280,283,286
196,386,ARCHER CITY,MUNICIPAL,B,ARCHER,N,RED INDIRECT REUSE,142,141,139,138,136,136
196,830,ARCHER CITY,MUNICIPAL,B,ARCHER,N,LITTLE WICHITA RIVER LAKE/RESERVOIR SYSTEM,257,239,220,203,186,169
199,148,ARGYLE WSC,MUNICIPAL,C,DENTON,N,CHAPMAN/COOPER LAKE/RESERVOIR NON-SYSTEM PORTION,232,214,210,239,245,246
199,390,ARGYLE WSC,MUNICIPAL,C,DENTON,N,TRINITY INDIRECT REUSE,70,85,105,119,123,123
199,646,ARGYLE WSC,MUNICIPAL,C,DENTON,N,RALPH HALL LAKE/RESERVOIR,834,786,790,920,970,994
199,650,ARGYLE WSC,MUNICIPAL,C,DENTON,N,RAY ROBERTS-LEWISVILLE-GRAPEVINE LAKE/RESERVOIR SYSTEM,918,981,1096,1257,1299,1300
199,770,ARGYLE WSC,MUNICIPAL,C,DENTON,N,TRINITY AQUIFER | DENTON,683,683,683,683,683,683
200,810,ARLINGTON,MUNICIPAL,C,TARRANT,N,TRWD LAKE/RESERVOIR SYSTEM,64403,61490,60844,58204,57409,55497
201,122,ARP,MUNICIPAL,I,SMITH,N,CARRIZO-WILCOX AQUIFER | SMITH,155,141,132,120,108,96
202,84,ASHERTON,MUNICIPAL,L,DIMMIT,N,CARRIZO-WILCOX AQUIFER | DIMMIT,193,193,193,193,193,193
203,430,ASPERMONT,MUNICIPAL,G,STONEWALL,N,MILLERS CREEK LAKE/RESERVOIR,4,3,2,1,0,0
203,703,ASPERMONT,MUNICIPAL,G,STONEWALL,N,SEYMOUR AQUIFER | STONEWALL,202,197,189,188,188,188
204,209,ATASCOSA RURAL WSC,MUNICIPAL,L,BEXAR,N,EDWARDS-BFZ AQUIFER | BEXAR,446,446,446,446,446,446
205,9,ATHENS,MUNICIPAL,C,HENDERSON,Y,ATHENS LAKE/RESERVOIR,645,1167,1790,1950,1955,1958
205,9,ATHENS,MUNICIPAL,I,HENDERSON,Y,ATHENS LAKE/RESERVOIR,10,16,18,17,14,12
205,95,ATHENS,MUNICIPAL,C,HENDERSON,Y,CARRIZO-WILCOX AQUIFER | HENDERSON,1946,1952,1958,1962,1965,1966
205,95,ATHENS,MUNICIPAL,I,HENDERSON,Y,CARRIZO-WILCOX AQUIFER | HENDERSON,32,26,20,16,13,12
206,854,ATLANTA,MUNICIPAL,D,CASS,N,WRIGHT PATMAN LAKE/RESERVOIR,1075,1135,1209,1206,1206,1206
207,148,AUBREY,MUNICIPAL,C,DENTON,N,CHAPMAN/COOPER LAKE/RESERVOIR NON-SYSTEM PORTION,21,48,86,140,149,136
207,390,AUBREY,MUNICIPAL,C,DENTON,N,TRINITY INDIRECT REUSE,6,19,43,70,75,68
207,646,AUBREY,MUNICIPAL,C,DENTON,N,RALPH HALL LAKE/RESERVOIR,76,177,325,539,590,549
207,650,AUBREY,MUNICIPAL,C,DENTON,N,RAY ROBERTS-LEWISVILLE-GRAPEVINE LAKE/RESERVOIR SYSTEM,83,221,451,736,790,718
207,770,AUBREY,MUNICIPAL,C,DENTON,N,TRINITY AQUIFER | DENTON,559,559,559,559,559,559
209,810,AZLE,MUNICIPAL,C,PARKER,Y,TRWD LAKE/RESERVOIR SYSTEM,344,381,421,463,500,534
209,810,AZLE,MUNICIPAL,C,TARRANT,Y,TRWD LAKE/RESERVOIR SYSTEM,1336,1299,1259,1217,1180,1146
210,55,BACLIFF MUD,MUNICIPAL,H,GALVESTON,N,BRAZOS RIVER AUTHORITY MAIN STEM LAKE/RESERVOIR SYSTEM,136,153,165,175,185,194
210,169,BACLIFF MUD,MUNICIPAL,H,GALVESTON,N,DIRECT REUSE,68,68,68,68,68,68
210,310,BACLIFF MUD,MUNICIPAL,H,GALVESTON,N,GULF COAST AQUIFER SYSTEM | GALVESTON,12,12,12,12,12,12
210,655,BACLIFF MUD,MUNICIPAL,H,GALVESTON,N,BRAZOS RUN-OF-RIVER,722,718,713,709,705,701
210,1076,BACLIFF MUD,MUNICIPAL,H,GALVESTON,N,BRA SYSTEM OPERATIONS PERMIT SUPPLY,235,216,199,180,162,143
212,55,BAIRD,MUNICIPAL,G,CALLAHAN,N,BRAZOS RIVER AUTHORITY MAIN STEM LAKE/RESERVOIR SYSTEM,0,0,41,77,77,77
212,507,BAIRD,MUNICIPAL,G,CALLAHAN,N,OH IVIE LAKE/RESERVOIR NON-SYSTEM PORTION,77,77,36,0,0,0
212,887,BAIRD,MUNICIPAL,G,CALLAHAN,N,BAIRD LAKE/RESERVOIR,20,20,20,20,20,20
213,279,BALCH SPRINGS,MUNICIPAL,C,DALLAS,N,FORK LAKE/RESERVOIR,269,281,300,322,349,361
213,390,BALCH SPRINGS,MUNICIPAL,C,DALLAS,N,TRINITY INDIRECT REUSE,276,324,390,423,465,492
213,648,BALCH SPRINGS,MUNICIPAL,C,DALLAS,N,RAY HUBBARD LAKE/RESERVOIR,280,279,284,291,302,299
213,650,BALCH SPRINGS,MUNICIPAL,C,DALLAS,N,RAY ROBERTS-LEWISVILLE-GRAPEVINE LAKE/RESERVOIR SYSTEM,679,650,630,658,697,709
213,738,BALCH SPRINGS,MUNICIPAL,C,DALLAS,N,TAWAKONI LAKE/RESERVOIR,1128,1133,1164,1203,1260,1259
215,10,BALLINGER,MUNICIPAL,F,RUNNELS,N,BALLINGER/MOONEN LAKE/RESERVOIR,0,0,0,0,0,0
215,507,BALLINGER,MUNICIPAL,F,RUNNELS,N,OH IVIE LAKE/RESERVOIR NON-SYSTEM PORTION,344,321,283,254,235,217
217,753,BANDERA,MUNICIPAL,J,BANDERA,N,TRINITY AQUIFER | BANDERA,496,496,496,496,496,496
218,57,BANGS,MUNICIPAL,F,BROWN,N,BROWNWOOD LAKE/RESERVOIR,346,347,348,349,350,351
220,807,BARTLETT,MUNICIPAL,G,BELL,Y,TRINITY AQUIFER | WILLIAMSON,132,127,124,119,113,108
220,807,BARTLETT,MUNICIPAL,G,WILLIAMSON,Y,TRINITY AQUIFER | WILLIAMSON,194,199,202,207,213,218
221,368,BARTON CREEK WEST WSC,MUNICIPAL,K,TRAVIS,N,HIGHLAND LAKES LAKE/RESERVOIR SYSTEM,430,430,430,430,430,430
223,148,CROSS TIMBERS WSC,MUNICIPAL,C,DENTON,N,CHAPMAN/COOPER LAKE/RESERVOIR NON-SYSTEM PORTION,142,127,117,130,146,162
223,390,CROSS TIMBERS WSC,MUNICIPAL,C,DENTON,N,TRINITY INDIRECT REUSE,43,51,58,66,73,81
223,646,CROSS TIMBERS WSC,MUNICIPAL,C,DENTON,N,RALPH HALL LAKE/RESERVOIR,511,467,438,505,578,655
223,650,CROSS TIMBERS WSC,MUNICIPAL,C,DENTON,N,RAY ROBERTS-LEWISVILLE-GRAPEVINE LAKE/RESERVOIR SYSTEM,563,584,608,690,774,857
223,770,CROSS TIMBERS WSC,MUNICIPAL,C,DENTON,N,TRINITY AQUIFER | DENTON,649,649,649,649,649,649
224,74,BASTROP,MUNICIPAL,K,BASTROP,N,CARRIZO-WILCOX AQUIFER | BASTROP,200,700,1300,1900,2650,3500
224,514,BASTROP,MUNICIPAL,K,BASTROP,N,OTHER AQUIFER | BASTROP,1877,1877,1877,1877,1877,1877
225,74,BASTROP COUNTY WCID 2,MUNICIPAL,K,BASTROP,N,CARRIZO-WILCOX AQUIFER | BASTROP,1,1,1,1,1,1
225,514,BASTROP COUNTY WCID 2,MUNICIPAL,K,BASTROP,N,OTHER AQUIFER | BASTROP,472,472,472,472,472,472
226,328,BAY CITY,MUNICIPAL,K,MATAGORDA,N,GULF COAST AQUIFER SYSTEM | MATAGORDA,2912,2912,2912,2912,2912,2912
227,55,GALVESTON COUNTY MUD 12,MUNICIPAL,H,GALVESTON,N,BRAZOS RIVER AUTHORITY MAIN STEM LAKE/RESERVOIR SYSTEM,52,57,62,66,70,74
227,310,GALVESTON COUNTY MUD 12,MUNICIPAL,H,GALVESTON,N,GULF COAST AQUIFER SYSTEM | GALVESTON,16,16,16,16,16,16
227,655,GALVESTON COUNTY MUD 12,MUNICIPAL,H,GALVESTON,N,BRAZOS RUN-OF-RIVER,272,272,270,269,266,265
227,1076,GALVESTON COUNTY MUD 12,MUNICIPAL,H,GALVESTON,N,BRA SYSTEM OPERATIONS PERMIT SUPPLY,89,82,75,68,62,54
228,315,BAYTOWN,MUNICIPAL,H,HARRIS,Y,GULF COAST AQUIFER SYSTEM | HARRIS,1920,2244,2381,2422,2373,2316
228,410,BAYTOWN,MUNICIPAL,H,CHAMBERS,Y,LIVINGSTON-WALLISVILLE LAKE/RESERVOIR SYSTEM,1258,1380,1629,1935,2307,2724
228,410,BAYTOWN,MUNICIPAL,H,HARRIS,Y,LIVINGSTON-WALLISVILLE LAKE/RESERVOIR SYSTEM,18262,18089,17836,17533,17171,16762
231,114,BECKVILLE,MUNICIPAL,I,PANOLA,N,CARRIZO-WILCOX AQUIFER | PANOLA,87,77,69,62,56,51
232,803,BEDFORD,MUNICIPAL,C,TARRANT,N,TRINITY AQUIFER | TARRANT,445,445,445,445,445,445
232,810,BEDFORD,MUNICIPAL,C,TARRANT,N,TRWD LAKE/RESERVOIR SYSTEM,8013,7598,7176,6887,6382,5991
234,163,BEEVILLE,MUNICIPAL,N,BEE,N,CORPUS CHRISTI-CHOKE CANYON LAKE/RESERVOIR SYSTEM,1550,1672,1820,1998,2193,2408
234,298,BEEVILLE,MUNICIPAL,N,BEE,N,GULF COAST AQUIFER SYSTEM | BEE,1255,1255,1255,1255,1255,1255
235,54,BELL MILAM FALLS WSC,MUNICIPAL,G,BELL,Y,BRAZOS RIVER AUTHORITY LITTLE RIVER LAKE/RESERVOIR SYSTEM,837,774,797,808,821,834
235,54,BELL MILAM FALLS WSC,MUNICIPAL,G,FALLS,Y,BRAZOS RIVER AUTHORITY LITTLE RIVER LAKE/RESERVOIR SYSTEM,464,375,343,313,280,245
235,54,BELL MILAM FALLS WSC,MUNICIPAL,G,MILAM,Y,BRAZOS RIVER AUTHORITY LITTLE RIVER LAKE/RESERVOIR SYSTEM,526,451,428,409,389,368
235,54,BELL MILAM FALLS WSC,MUNICIPAL,G,WILLIAMSON,Y,BRAZOS RIVER AUTHORITY LITTLE RIVER LAKE/RESERVOIR SYSTEM,130,145,177,215,255,298
235,755,BELL MILAM FALLS WSC,MUNICIPAL,G,BELL,Y,TRINITY AQUIFER | BELL,314,416,425,429,433,437
235,755,BELL MILAM FALLS WSC,MUNICIPAL,G,FALLS,Y,TRINITY AQUIFER | BELL,166,199,183,170,158,146
235,755,BELL MILAM FALLS WSC,MUNICIPAL,G,MILAM,Y,TRINITY AQUIFER | BELL,202,250,243,235,226,219
235,755,BELL MILAM FALLS WSC,MUNICIPAL,G,WILLIAMSON,Y,TRINITY AQUIFER | BELL,48,77,91,108,125,140
236,315,BELLAIRE,MUNICIPAL,H,HARRIS,N,GULF COAST AQUIFER SYSTEM | HARRIS,773,786,787,788,776,768
236,410,BELLAIRE,MUNICIPAL,H,HARRIS,N,LIVINGSTON-WALLISVILLE LAKE/RESERVOIR SYSTEM,3092,3144,3148,3152,3106,3073
237,791,BELLMEAD,MUNICIPAL,G,MCLENNAN,N,TRINITY AQUIFER | MCLENNAN,2000,2000,2000,2000,2000,2000
237,818,BELLMEAD,MUNICIPAL,G,MCLENNAN,N,WACO LAKE/RESERVOIR,0,0,0,0,0,0
238,840,BELLS,MUNICIPAL,C,GRAYSON,N,WOODBINE AQUIFER | GRAYSON,107,107,107,107,107,107
239,297,BELLVILLE,MUNICIPAL,H,AUSTIN,N,GULF COAST AQUIFER SYSTEM | AUSTIN,1180,1195,1232,1250,1265,1281
240,54,BELTON,MUNICIPAL,G,BELL,N,BRAZOS RIVER AUTHORITY LITTLE RIVER LAKE/RESERVOIR SYSTEM,6602,6570,6537,6505,6472,6440
241,307,DUVAL COUNTY CRD,MUNICIPAL,N,DUVAL,N,GULF COAST AQUIFER SYSTEM | DUVAL,161,152,143,135,127,119
242,803,BENBROOK WATER AUTHORITY,MUNICIPAL,C,TARRANT,N,TRINITY AQUIFER | TARRANT,615,663,712,762,811,860
242,810,BENBROOK WATER AUTHORITY,MUNICIPAL,C,TARRANT,N,TRWD LAKE/RESERVOIR SYSTEM,4777,4536,4524,4408,4347,4329
243,73,BENTON CITY WSC,MUNICIPAL,L,ATASCOSA,Y,CARRIZO-WILCOX AQUIFER | ATASCOSA,1646,1652,1668,1688,1709,1731
243,73,BENTON CITY WSC,MUNICIPAL,L,FRIO,Y,CARRIZO-WILCOX AQUIFER | ATASCOSA,147,173,185,178,171,163
243,73,BENTON CITY WSC,MUNICIPAL,L,MEDINA,Y,CARRIZO-WILCOX AQUIFER | ATASCOSA,674,642,614,601,587,573
244,95,BERRYVILLE,MUNICIPAL,I,ANDERSON,Y,CARRIZO-WILCOX AQUIFER | HENDERSON,2,2,2,2,2,2
244,95,BERRYVILLE,MUNICIPAL,I,HENDERSON,Y,CARRIZO-WILCOX AQUIFER | HENDERSON,95,90,97,98,99,99
245,262,BERTRAM,MUNICIPAL,K,BURNET,N,ELLENBURGER-SAN SABA AQUIFER | BURNET,518,518,518,518,518,518
245,760,BERTRAM,MUNICIPAL,K,BURNET,N,TRINITY AQUIFER | BURNET,3,3,3,3,3,3
246,55,BETHANY SUD,MUNICIPAL,G,JOHNSON,N,BRAZOS RIVER AUTHORITY MAIN STEM LAKE/RESERVOIR SYSTEM,1120,1120,1120,1120,1120,1120
246,784,BETHANY SUD,MUNICIPAL,G,JOHNSON,N,TRINITY AQUIFER | JOHNSON,296,296,296,296,296,296
247,95,BETHEL ASH WSC,MUNICIPAL,C,HENDERSON,Y,CARRIZO-WILCOX AQUIFER | HENDERSON,299,312,315,323,331,340
247,95,BETHEL ASH WSC,MUNICIPAL,D,VAN ZANDT,Y,CARRIZO-WILCOX AQUIFER | HENDERSON,168,184,200,216,233,249
247,95,BETHEL ASH WSC,MUNICIPAL,I,HENDERSON,Y,CARRIZO-WILCOX AQUIFER | HENDERSON,269,270,281,285,290,294
248,784,BETHESDA WSC,MUNICIPAL,C,TARRANT,Y,TRINITY AQUIFER | JOHNSON,4,4,4,4,3,3
248,784,BETHESDA WSC,MUNICIPAL,G,JOHNSON,Y,TRINITY AQUIFER | JOHNSON,427,426,427,426,427,427
248,803,BETHESDA WSC,MUNICIPAL,C,TARRANT,Y,TRINITY AQUIFER | TARRANT,17,16,16,15,14,14
248,803,BETHESDA WSC,MUNICIPAL,G,JOHNSON,Y,TRINITY AQUIFER | TARRANT,1736,1737,1737,1738,1739,1739
248,810,BETHESDA WSC,MUNICIPAL,C,TARRANT,Y,TRWD LAKE/RESERVOIR SYSTEM,42,43,46,45,46,47
248,810,BETHESDA WSC,MUNICIPAL,G,JOHNSON,Y,TRWD LAKE/RESERVOIR SYSTEM,4281,4614,5089,5301,5602,5989
250,319,BEVIL OAKS,MUNICIPAL,I,JEFFERSON,N,GULF COAST AQUIFER SYSTEM | JEFFERSON,99,100,100,98,97,96
252,247,BIG LAKE,MUNICIPAL,F,REAGAN,N,"EDWARDS-TRINITY-PLATEAU, PECOS VALLEY, AND TRINITY AQUIFERS | REAGAN",760,781,790,792,793,795
254,125,BIG SANDY,MUNICIPAL,D,UPSHUR,N,CARRIZO-WILCOX AQUIFER | UPSHUR,247,247,247,247,247,247
255,145,BIG SPRING,MUNICIPAL,F,HOWARD,N,EDWARDS-TRINITY-PLATEAU AND PECOS VALLEY AQUIFERS | WARD,4573,4404,3890,3311,2949,2615
255,158,BIG SPRING,MUNICIPAL,F,HOWARD,N,COLORADO RIVER MWD LAKE/RESERVOIR SYSTEM,1636,1505,1364,1254,1148,1049
255,169,BIG SPRING,MUNICIPAL,F,HOWARD,N,DIRECT REUSE,229,215,200,188,177,167
255,492,BIG SPRING,MUNICIPAL,F,HOWARD,N,OGALLALA AND EDWARDS-TRINITY-HIGH PLAINS AQUIFERS | MARTIN,128,107,90,79,71,64
256,84,BIG WELLS,MUNICIPAL,L,DIMMIT,N,CARRIZO-WILCOX AQUIFER | DIMMIT,168,168,168,168,168,168
257,163,BISHOP,MUNICIPAL,N,NUECES,N,CORPUS CHRISTI-CHOKE CANYON LAKE/RESERVOIR SYSTEM,154,158,158,156,154,152
257,332,BISHOP,MUNICIPAL,N,NUECES,N,GULF COAST AQUIFER SYSTEM | NUECES,282,282,282,282,282,282
257,742,BISHOP,MUNICIPAL,N,NUECES,N,TEXANA LAKE/RESERVOIR,114,118,118,117,115,113
258,428,BISTONE MUNICIPAL WATER SUPPLY DISTRICT,MUNICIPAL,G,LIMESTONE,N,MEXIA LAKE/RESERVOIR,272,177,83,70,80,0
259,190,THE BITTER CREEK WSC,MUNICIPAL,G,FISHER,Y,DOCKUM AQUIFER | NOLAN,43,42,41,41,40,40
259,190,THE BITTER CREEK WSC,MUNICIPAL,G,NOLAN,Y,DOCKUM AQUIFER | NOLAN,66,67,68,68,69,69
260,390,BLACKLAND WSC,MUNICIPAL,C,ROCKWALL,N,TRINITY INDIRECT REUSE,307,281,264,278,285,297
260,738,BLACKLAND WSC,MUNICIPAL,C,ROCKWALL,N,TAWAKONI LAKE/RESERVOIR,19,17,16,16,17,17
260,1068,BLACKLAND WSC,MUNICIPAL,C,ROCKWALL,N,NORTH TEXAS MWD LAKE/RESERVOIR SYSTEM,511,443,403,409,399,401
261,64,BLANCO,MUNICIPAL,K,BLANCO,N,CANYON LAKE/RESERVOIR,545,545,545,545,545,545
263,453,BLOOMING GROVE,MUNICIPAL,C,NAVARRO,N,NAVARRO MILLS LAKE/RESERVOIR,142,143,146,147,150,152
263,652,BLOOMING GROVE,MUNICIPAL,C,NAVARRO,N,CORSICANA RICHLAND CHAMBERS-HALBERT LAKE/RESERVOIR SYSTEM,28,29,29,30,30,31
264,604,BLOSSOM,MUNICIPAL,D,LAMAR,N,PAT MAYSE LAKE/RESERVOIR,230,245,245,245,245,245
265,315,BLUE BELL MANOR UTILITY,MUNICIPAL,H,HARRIS,N,GULF COAST AQUIFER SYSTEM | HARRIS,426,341,344,345,343,343
267,833,BLUE RIDGE,MUNICIPAL,C,COLLIN,N,WOODBINE AQUIFER | COLLIN,400,400,400,400,400,400
268,34,BOERNE,MUNICIPAL,L,KENDALL,N,BOERNE LAKE/RESERVOIR,648,648,648,648,648,648
268,64,BOERNE,MUNICIPAL,L,KENDALL,N,CANYON LAKE/RESERVOIR,3611,3611,3611,3611,3611,3611
268,169,BOERNE,MUNICIPAL,L,KENDALL,N,DIRECT REUSE,523,523,523,523,523,523
268,786,BOERNE,MUNICIPAL,L,KENDALL,N,TRINITY AQUIFER | KENDALL,1850,1850,1850,1850,1850,1850
269,448,BOGATA,MUNICIPAL,D,RED RIVER,N,NACATOCH AQUIFER | RED RIVER,510,510,510,510,510,510
271,766,BOLIVAR WSC,MUNICIPAL,C,COOKE,Y,TRINITY AQUIFER | COOKE,30,28,24,21,18,16
271,766,BOLIVAR WSC,MUNICIPAL,C,DENTON,Y,TRINITY AQUIFER | COOKE,154,158,163,167,171,175
271,766,BOLIVAR WSC,MUNICIPAL,C,WISE,Y,TRINITY AQUIFER | COOKE,16,14,13,12,11,9
271,770,BOLIVAR WSC,MUNICIPAL,C,COOKE,Y,TRINITY AQUIFER | DENTON,145,130,115,102,87,74
271,770,BOLIVAR WSC,MUNICIPAL,C,DENTON,Y,TRINITY AQUIFER | DENTON,731,753,774,792,813,831
271,770,BOLIVAR WSC,MUNICIPAL,C,WISE,Y,TRINITY AQUIFER | DENTON,74,67,61,56,50,45
271,808,BOLIVAR WSC,MUNICIPAL,C,COOKE,Y,TRINITY AQUIFER | WISE,17,16,14,12,10,9
271,808,BOLIVAR WSC,MUNICIPAL,C,DENTON,Y,TRINITY AQUIFER | WISE,88,90,93,95,98,100
271,808,BOLIVAR WSC,MUNICIPAL,C,WISE,Y,TRINITY AQUIFER | WISE,9,8,7,7,6,5
272,36,BONHAM,MUNICIPAL,C,FANNIN,N,BONHAM LAKE/RESERVOIR,1944,2362,3353,3528,3462,3395
273,489,BOOKER,MUNICIPAL,A,LIPSCOMB,Y,OGALLALA AQUIFER | LIPSCOMB,125,117,104,93,82,71
273,489,BOOKER,MUNICIPAL,A,OCHILTREE,Y,OGALLALA AQUIFER | LIPSCOMB,2,2,2,2,2,2
273,496,BOOKER,MUNICIPAL,A,LIPSCOMB,Y,OGALLALA AQUIFER | OCHILTREE,139,122,104,87,75,62
273,496,BOOKER,MUNICIPAL,A,OCHILTREE,Y,OGALLALA AQUIFER | OCHILTREE,2,2,2,2,2,2
274,498,BOVINA,MUNICIPAL,O,PARMER,N,OGALLALA AND EDWARDS-TRINITY-HIGH PLAINS AQUIFERS | PARMER,571,571,571,571,571,571
275,7,BOWIE,MUNICIPAL,B,MONTAGUE,N,AMON G. CARTER LAKE/RESERVOIR,923,837,751,664,577,491
276,808,BOYD,MUNICIPAL,C,WISE,N,TRINITY AQUIFER | WISE,153,153,153,153,153,153
276,810,BOYD,MUNICIPAL,C,WISE,N,TRWD LAKE/RESERVOIR SYSTEM,70,70,70,70,70,70
277,239,BRACKETTVILLE,MUNICIPAL,J,KINNEY,N,"EDWARDS-TRINITY-PLATEAU, PECOS VALLEY, AND TRINITY AQUIFERS | KINNEY",645,645,645,645,645,645
277,668,BRACKETTVILLE,MUNICIPAL,J,KINNEY,N,RIO GRANDE RUN-OF-RIVER,0,0,0,0,0,0
278,37,BRADY,MUNICIPAL,F,MCCULLOCH,N,BRADY CREEK LAKE/RESERVOIR,0,0,0,0,0,0
278,364,BRADY,MUNICIPAL,F,MCCULLOCH,N,HICKORY AQUIFER | MCCULLOCH,1316,1270,1224,1201,1178,1155
279,53,BRANDON IRENE WSC,MUNICIPAL,C,NAVARRO,Y,BRAZOS RIVER AUTHORITY AQUILLA LAKE/RESERVOIR SYSTEM,10,11,12,13,13,13
279,53,BRANDON IRENE WSC,MUNICIPAL,G,HILL,Y,BRAZOS RIVER AUTHORITY AQUILLA LAKE/RESERVOIR SYSTEM,246,244,242,239,226,213
279,780,BRANDON IRENE WSC,MUNICIPAL,C,NAVARRO,Y,TRINITY AQUIFER | HILL,11,14,15,17,20,24
279,780,BRANDON IRENE WSC,MUNICIPAL,G,HILL,Y,TRINITY AQUIFER | HILL,224,221,220,218,215,211
280,655,BRAZORIA,MUNICIPAL,H,BRAZORIA,N,BRAZOS RUN-OF-RIVER,754,754,754,754,754,754
282,299,BRAZORIA COUNTY MUD 2,MUNICIPAL,H,BRAZORIA,N,GULF COAST AQUIFER SYSTEM | BRAZORIA,1514,1553,1577,1620,1618,1587
283,169,BRAZORIA COUNTY MUD 3,MUNICIPAL,H,BRAZORIA,N,DIRECT REUSE,9,9,9,9,9,9
283,299,BRAZORIA COUNTY MUD 3,MUNICIPAL,H,BRAZORIA,N,GULF COAST AQUIFER SYSTEM | BRAZORIA,629,643,651,668,686,696
286,167,BRECKENRIDGE,MUNICIPAL,G,STEPHENS,N,DANIEL LAKE/RESERVOIR,21,17,13,8,4,0
286,373,BRECKENRIDGE,MUNICIPAL,G,STEPHENS,N,HUBBARD CREEK LAKE/RESERVOIR,1713,1718,1723,1728,1733,1733
287,117,BREMOND,MUNICIPAL,G,ROBERTSON,N,CARRIZO-WILCOX AQUIFER | ROBERTSON,391,391,391,391,391,391
288,55,BRENHAM,MUNICIPAL,G,WASHINGTON,N,BRAZOS RIVER AUTHORITY MAIN STEM LAKE/RESERVOIR SYSTEM,3992,3947,3777,3616,3494,3469
288,1076,BRENHAM,MUNICIPAL,G,WASHINGTON,N,BRA SYSTEM OPERATIONS PERMIT SUPPLY,774,774,774,774,750,664
290,333,BRIDGE CITY,MUNICIPAL,I,ORANGE,N,GULF COAST AQUIFER SYSTEM | ORANGE,1271,1358,1370,1409,1446,1479
291,810,BRIDGEPORT,MUNICIPAL,C,WISE,N,TRWD LAKE/RESERVOIR SYSTEM,850,765,726,670,629,599
295,57,BROOKESMITH SUD,MUNICIPAL,F,BROWN,Y,BROWNWOOD LAKE/RESERVOIR,1227,1244,1247,1252,1257,1262
295,57,BROOKESMITH SUD,MUNICIPAL,F,COLEMAN,Y,BROWNWOOD LAKE/RESERVOIR,5,4,3,2,2,1
296,344,BROOKSHIRE MWD,MUNICIPAL,H,WALLER,N,GULF COAST AQUIFER SYSTEM | WALLER,823,854,856,867,941,1013
298,427,BROWNFIELD,MUNICIPAL,O,TERRY,N,MEREDITH LAKE/RESERVOIR,165,134,113,97,80,62
298,501,BROWNFIELD,MUNICIPAL,O,TERRY,N,OGALLALA AQUIFER | ROBERTS,923,793,707,641,654,670
298,504,BROWNFIELD,MUNICIPAL,O,TERRY,N,OGALLALA AND EDWARDS-TRINITY-HIGH PLAINS AQUIFERS | TERRY,632,632,632,632,632,632
299,95,BROWNSBORO,MUNICIPAL,I,HENDERSON,N,CARRIZO-WILCOX AQUIFER | HENDERSON,246,267,263,271,279,288
300,6,BROWNSVILLE,MUNICIPAL,M,CAMERON,N,AMISTAD-FALCON LAKE/RESERVOIR SYSTEM,32283,32283,32283,32283,32283,32283
300,303,BROWNSVILLE,MUNICIPAL,M,CAMERON,N,GULF COAST AQUIFER SYSTEM | CAMERON,9991,9991,9991,9991,9991,9991
301,57,BROWNWOOD,MUNICIPAL,F,BROWN,N,BROWNWOOD LAKE/RESERVOIR,3827,3854,3862,3875,3889,3906
302,54,BRUCEVILLE EDDY,MUNICIPAL,G,FALLS,Y,BRAZOS RIVER AUTHORITY LITTLE RIVER LAKE/RESERVOIR SYSTEM,171,211,209,208,207,207
302,54,BRUCEVILLE EDDY,MUNICIPAL,G,MCLENNAN,Y,BRAZOS RIVER AUTHORITY LITTLE RIVER LAKE/RESERVOIR SYSTEM,731,685,681,676,671,671
302,774,BRUCEVILLE EDDY,MUNICIPAL,G,FALLS,Y,TRINITY AQUIFER | FALLS,214,214,214,214,214,214
302,791,BRUCEVILLE EDDY,MUNICIPAL,G,MCLENNAN,Y,TRINITY AQUIFER | MCLENNAN,618,618,618,618,618,618
303,54,BRUSHY CREEK MUD,MUNICIPAL,G,WILLIAMSON,Y,BRAZOS RIVER AUTHORITY LITTLE RIVER LAKE/RESERVOIR SYSTEM,2774,2753,2733,2712,2691,2671
303,54,BRUSHY CREEK MUD,MUNICIPAL,K,WILLIAMSON,Y,BRAZOS RIVER AUTHORITY LITTLE RIVER LAKE/RESERVOIR SYSTEM,42,42,41,41,41,40
303,217,BRUSHY CREEK MUD,MUNICIPAL,G,WILLIAMSON,Y,EDWARDS-BFZ AQUIFER | WILLIAMSON,380,358,347,347,347,347
304,71,BRUSHY CREEK WSC,MUNICIPAL,C,HENDERSON,Y,CARRIZO-WILCOX AQUIFER | ANDERSON,104,107,109,112,114,117
304,71,BRUSHY CREEK WSC,MUNICIPAL,I,ANDERSON,Y,CARRIZO-WILCOX AQUIFER | ANDERSON,430,427,422,416,411,406
304,71,BRUSHY CREEK WSC,MUNICIPAL,I,HENDERSON,Y,CARRIZO-WILCOX AQUIFER | ANDERSON,5,5,5,5,5,5
305,78,BRYAN,MUNICIPAL,G,BRAZOS,N,CARRIZO-WILCOX AQUIFER | BRAZOS,6425,9765,9890,10002,10090,10090
307,64,BUDA,MUNICIPAL,K,HAYS,N,CANYON LAKE/RESERVOIR,1680,1680,1680,1680,1680,1680
307,80,BUDA,MUNICIPAL,K,HAYS,N,CARRIZO-WILCOX AQUIFER | CALDWELL,762,762,762,762,762,762
307,90,BUDA,MUNICIPAL,K,HAYS,N,CARRIZO-WILCOX AQUIFER | GONZALES,762,762,762,762,762,762
307,169,BUDA,MUNICIPAL,K,HAYS,N,DIRECT REUSE,16,16,16,16,16,16
307,212,BUDA,MUNICIPAL,K,HAYS,N,EDWARDS-BFZ AQUIFER | HAYS,844,844,844,844,844,844
307,1042,BUDA,MUNICIPAL,K,HAYS,N,TRINITY AQUIFER ASR | HAYS,410,410,410,410,410,410
308,12,BUENA VISTA-BETHEL SUD,MUNICIPAL,C,ELLIS,N,BARDWELL LAKE/RESERVOIR,614,604,580,567,553,537
308,390,BUENA VISTA-BETHEL SUD,MUNICIPAL,C,ELLIS,N,TRINITY INDIRECT REUSE,416,465,505,546,586,626
308,772,BUENA VISTA-BETHEL SUD,MUNICIPAL,C,ELLIS,N,TRINITY AQUIFER | ELLIS,50,50,100,100,100,100
308,810,BUENA VISTA-BETHEL SUD,MUNICIPAL,C,ELLIS,N,TRWD LAKE/RESERVOIR SYSTEM,105,403,685,925,1166,1416
308,819,BUENA VISTA-BETHEL SUD,MUNICIPAL,C,ELLIS,N,WAXAHACHIE LAKE/RESERVOIR,432,433,425,422,418,412
309,102,BUFFALO,MUNICIPAL,H,LEON,N,CARRIZO-WILCOX AQUIFER | LEON,342,323,303,290,275,259
310,83,BULLARD,MUNICIPAL,I,CHEROKEE,Y,CARRIZO-WILCOX AQUIFER | CHEROKEE,103,106,109,111,113,116
310,83,BULLARD,MUNICIPAL,I,SMITH,Y,CARRIZO-WILCOX AQUIFER | CHEROKEE,299,342,371,399,426,452
310,122,BULLARD,MUNICIPAL,I,SMITH,Y,CARRIZO-WILCOX AQUIFER | SMITH,998,1110,1110,1110,1110,1110
310,391,BULLARD,MUNICIPAL,I,CHEROKEE,Y,JACKSONVILLE LAKE/RESERVOIR,62,72,78,84,90,95
310,391,BULLARD,MUNICIPAL,I,SMITH,Y,JACKSONVILLE LAKE/RESERVOIR,699,797,866,930,993,1054
312,315,BUNKER HILL VILLAGE,MUNICIPAL,H,HARRIS,N,GULF COAST AQUIFER SYSTEM | HARRIS,353,350,350,350,351,350
312,410,BUNKER HILL VILLAGE,MUNICIPAL,H,HARRIS,N,LIVINGSTON-WALLISVILLE LAKE/RESERVOIR SYSTEM,1313,1399,1400,1400,1405,1399
313,169,BURKBURNETT,MUNICIPAL,B,WICHITA,N,DIRECT REUSE,167,167,167,167,167,167
313,386,BURKBURNETT,MUNICIPAL,B,WICHITA,N,RED INDIRECT REUSE,370,586,579,574,569,565
313,705,BURKBURNETT,MUNICIPAL,B,WICHITA,N,SEYMOUR AQUIFER | WICHITA,1000,1000,1000,1000,1000,1000
313,830,BURKBURNETT,MUNICIPAL,B,WICHITA,N,LITTLE WICHITA RIVER LAKE/RESERVOIR SYSTEM,1064,999,920,847,776,705
314,810,BURLESON,MUNICIPAL,C,TARRANT,Y,TRWD LAKE/RESERVOIR SYSTEM,1308,1288,1304,1266,1252,1257
314,810,BURLESON,MUNICIPAL,G,JOHNSON,Y,TRWD LAKE/RESERVOIR SYSTEM,5734,5910,6312,6435,6673,7011
315,169,BURNET,MUNICIPAL,K,BURNET,N,DIRECT REUSE,614,614,614,614,614,614
315,262,BURNET,MUNICIPAL,K,BURNET,N,ELLENBURGER-SAN SABA AQUIFER | BURNET,921,921,921,921,921,921
315,368,BURNET,MUNICIPAL,K,BURNET,N,HIGHLAND LAKES LAKE/RESERVOIR SYSTEM,503,503,503,503,503,503
317,390,CADDO BASIN SUD,MUNICIPAL,C,COLLIN,Y,TRINITY INDIRECT REUSE,96,432,606,635,671,672
317,390,CADDO BASIN SUD,MUNICIPAL,D,HUNT,Y,TRINITY INDIRECT REUSE,665,528,538,503,475,502
317,738,CADDO BASIN SUD,MUNICIPAL,C,COLLIN,Y,TAWAKONI LAKE/RESERVOIR,7,26,36,37,39,39
317,738,CADDO BASIN SUD,MUNICIPAL,D,HUNT,Y,TAWAKONI LAKE/RESERVOIR,40,32,32,30,28,29
317,1068,CADDO BASIN SUD,MUNICIPAL,C,COLLIN,Y,NORTH TEXAS MWD LAKE/RESERVOIR SYSTEM,160,683,922,931,944,911
317,1068,CADDO BASIN SUD,MUNICIPAL,D,HUNT,Y,NORTH TEXAS MWD LAKE/RESERVOIR SYSTEM,1110,834,821,740,667,679
318,738,CADDO MILLS,MUNICIPAL,D,HUNT,N,TAWAKONI LAKE/RESERVOIR,186,201,242,309,319,319
318,1068,CADDO MILLS,MUNICIPAL,D,HUNT,N,NORTH TEXAS MWD LAKE/RESERVOIR SYSTEM,67,67,67,67,67,67
319,79,CALDWELL,MUNICIPAL,G,BURLESON,N,CARRIZO-WILCOX AQUIFER | BURLESON,2248,2276,2276,2276,2276,2276
321,117,CALVERT,MUNICIPAL,G,ROBERTSON,N,CARRIZO-WILCOX AQUIFER | ROBERTSON,529,529,529,529,529,529
322,655,CAMERON,MUNICIPAL,G,MILAM,N,BRAZOS RUN-OF-RIVER,0,0,0,0,0,0
323,665,CAMP WOOD,MUNICIPAL,J,REAL,N,NUECES RUN-OF-RIVER,0,0,0,0,0,0
326,484,CANADIAN,MUNICIPAL,A,HEMPHILL,N,OGALLALA AQUIFER | HEMPHILL,675,675,675,675,675,675
328,127,CANTON,MUNICIPAL,D,VAN ZANDT,N,CARRIZO-WILCOX AQUIFER | VAN ZANDT,282,282,294,298,262,270
328,429,CANTON,MUNICIPAL,D,VAN ZANDT,N,MILL CREEK LAKE/RESERVOIR,1190,1190,1190,1190,1190,1190
328,669,CANTON,MUNICIPAL,D,VAN ZANDT,N,SABINE RUN-OF-RIVER,903,903,903,903,903,903
329,193,CANYON,MUNICIPAL,A,RANDALL,N,DOCKUM AQUIFER | POTTER,11,10,10,10,9,9
329,194,CANYON,MUNICIPAL,A,RANDALL,N,DOCKUM AQUIFER | RANDALL,1780,1691,1606,1526,1450,1378
329,427,CANYON,MUNICIPAL,A,RANDALL,N,MEREDITH LAKE/RESERVOIR,84,69,59,48,37,27
329,465,CANYON,MUNICIPAL,A,RANDALL,N,OGALLALA AQUIFER | CARSON,284,266,249,237,227,216
329,472,CANYON,MUNICIPAL,A,RANDALL,N,OGALLALA AND EDWARDS-TRINITY-HIGH PLAINS AQUIFERS | DEAF SMITH,2,1,1,0,0,0
329,499,CANYON,MUNICIPAL,A,RANDALL,N,OGALLALA AQUIFER | POTTER,46,40,34,29,25,22
329,500,CANYON,MUNICIPAL,A,RANDALL,N,OGALLALA AQUIFER | RANDALL,1513,1434,1361,1292,1225,1164
329,501,CANYON,MUNICIPAL,A,RANDALL,N,OGALLALA AQUIFER | ROBERTS,473,412,371,318,303,289
331,84,CARRIZO SPRINGS,MUNICIPAL,L,DIMMIT,N,CARRIZO-WILCOX AQUIFER | DIMMIT,1789,1789,1789,1789,1789,1789
332,279,CARROLLTON,MUNICIPAL,C,DALLAS,Y,FORK LAKE/RESERVOIR,944,977,1009,1052,1095,1084
332,279,CARROLLTON,MUNICIPAL,C,DENTON,Y,FORK LAKE/RESERVOIR,1481,1534,1583,1648,1712,1696
332,390,CARROLLTON,MUNICIPAL,C,DALLAS,Y,TRINITY INDIRECT REUSE,967,1125,1314,1383,1460,1477
332,390,CARROLLTON,MUNICIPAL,C,DENTON,Y,TRINITY INDIRECT REUSE,1517,1767,2060,2167,2283,2310
332,648,CARROLLTON,MUNICIPAL,C,DALLAS,Y,RAY HUBBARD LAKE/RESERVOIR,982,969,955,952,948,898
332,648,CARROLLTON,MUNICIPAL,C,DENTON,Y,RAY HUBBARD LAKE/RESERVOIR,1539,1521,1498,1492,1482,1405
332,650,CARROLLTON,MUNICIPAL,C,DALLAS,Y,RAY ROBERTS-LEWISVILLE-GRAPEVINE LAKE/RESERVOIR SYSTEM,2376,2256,2122,2155,2188,2124
332,650,CARROLLTON,MUNICIPAL,C,DENTON,Y,RAY ROBERTS-LEWISVILLE-GRAPEVINE LAKE/RESERVOIR SYSTEM,3727,3544,3326,3374,3421,3321
332,738,CARROLLTON,MUNICIPAL,C,DALLAS,Y,TAWAKONI LAKE/RESERVOIR,3955,3937,3919,3938,3952,3779
332,738,CARROLLTON,MUNICIPAL,C,DENTON,Y,TAWAKONI LAKE/RESERVOIR,6203,6183,6143,6167,6181,5910
332,768,CARROLLTON,MUNICIPAL,C,DALLAS,Y,TRINITY AQUIFER | DALLAS,10,10,10,10,10,10
332,768,CARROLLTON,MUNICIPAL,C,DENTON,Y,TRINITY AQUIFER | DALLAS,15,15,15,15,15,15
335,214,CASTROVILLE,MUNICIPAL,L,MEDINA,N,EDWARDS-BFZ AQUIFER | MEDINA,632,632,632,632,632,632
337,842,CELESTE,MUNICIPAL,D,HUNT,N,WOODBINE AQUIFER | HUNT,95,95,95,95,95,95
338,148,CELINA,MUNICIPAL,C,COLLIN,Y,CHAPMAN/COOPER LAKE/RESERVOIR NON-SYSTEM PORTION,1136,1220,1320,1134,1138,1134
338,148,CELINA,MUNICIPAL,C,DENTON,Y,CHAPMAN/COOPER LAKE/RESERVOIR NON-SYSTEM PORTION,22,23,26,23,23,23
338,390,CELINA,MUNICIPAL,C,COLLIN,Y,TRINITY INDIRECT REUSE,341,488,660,567,568,566
338,390,CELINA,MUNICIPAL,C,DENTON,Y,TRINITY INDIRECT REUSE,7,9,13,11,12,12
338,646,CELINA,MUNICIPAL,C,COLLIN,Y,RALPH HALL LAKE/RESERVOIR,4086,4482,4968,4368,4487,4584
338,646,CELINA,MUNICIPAL,C,DENTON,Y,RALPH HALL LAKE/RESERVOIR,79,85,98,87,92,94
338,650,CELINA,MUNICIPAL,C,COLLIN,Y,RAY ROBERTS-LEWISVILLE-GRAPEVINE LAKE/RESERVOIR SYSTEM,4497,5599,6896,5967,6011,5996
338,650,CELINA,MUNICIPAL,C,DENTON,Y,RAY ROBERTS-LEWISVILLE-GRAPEVINE LAKE/RESERVOIR SYSTEM,87,106,135,119,123,122
339,102,CENTERVILLE,MUNICIPAL,H,LEON,N,CARRIZO-WILCOX AQUIFER | LEON,158,156,153,151,148,145
341,72,CENTRAL WCID OF ANGELINA COUNTY,MUNICIPAL,I,ANGELINA,N,CARRIZO-WILCOX AQUIFER | ANGELINA,620,631,637,643,650,656
342,791,CHALK BLUFF WSC,MUNICIPAL,G,MCLENNAN,N,TRINITY AQUIFER | MCLENNAN,701,701,701,701,701,701
343,95,CHANDLER,MUNICIPAL,I,HENDERSON,N,CARRIZO-WILCOX AQUIFER | HENDERSON,676,831,980,980,980,980
344,73,CHARLOTTE,MUNICIPAL,L,ATASCOSA,N,CARRIZO-WILCOX AQUIFER | ATASCOSA,1098,1098,1098,1098,1098,1098
345,453,CHATFIELD WSC,MUNICIPAL,C,NAVARRO,N,NAVARRO MILLS LAKE/RESERVOIR,287,299,297,295,292,289
345,652,CHATFIELD WSC,MUNICIPAL,C,NAVARRO,N,CORSICANA RICHLAND CHAMBERS-HALBERT LAKE/RESERVOIR SYSTEM,57,60,60,59,58,58
346,808,CHICO,MUNICIPAL,C,WISE,N,TRINITY AQUIFER | WISE,194,194,194,194,194,194
346,810,CHICO,MUNICIPAL,C,WISE,N,TRWD LAKE/RESERVOIR SYSTEM,174,153,141,130,120,112
347,293,CHILDRESS,MUNICIPAL,A,CHILDRESS,N,GREENBELT LAKE/RESERVOIR,844,859,847,825,804,790
347,474,CHILDRESS,MUNICIPAL,A,CHILDRESS,N,OGALLALA AQUIFER | DONLEY,430,456,449,436,420,396
348,758,CHILDRESS CREEK WSC,MUNICIPAL,G,BOSQUE,Y,TRINITY AQUIFER | BOSQUE,495,490,485,478,470,461
348,758,CHILDRESS CREEK WSC,MUNICIPAL,G,MCLENNAN,Y,TRINITY AQUIFER | BOSQUE,17,22,27,34,42,51
350,169,CHIMNEY HILL MUD,MUNICIPAL,H,HARRIS,N,DIRECT REUSE,69,69,69,69,69,69
350,315,CHIMNEY HILL MUD,MUNICIPAL,H,HARRIS,N,GULF COAST AQUIFER SYSTEM | HARRIS,214,106,106,106,106,106
350,410,CHIMNEY HILL MUD,MUNICIPAL,H,HARRIS,N,LIVINGSTON-WALLISVILLE LAKE/RESERVOIR SYSTEM,320,424,424,424,424,425
351,319,CHINA,MUNICIPAL,I,JEFFERSON,N,GULF COAST AQUIFER SYSTEM | JEFFERSON,178,179,179,176,174,172
355,64,CIBOLO,MUNICIPAL,L,GUADALUPE,N,CANYON LAKE/RESERVOIR,1350,1350,1350,1350,1350,1350
355,93,CIBOLO,MUNICIPAL,L,GUADALUPE,N,CARRIZO-WILCOX AQUIFER | GUADALUPE,1861,1861,1861,1861,1861,1861
355,169,CIBOLO,MUNICIPAL,L,GUADALUPE,N,DIRECT REUSE,7,7,7,7,7,7
355,210,CIBOLO,MUNICIPAL,L,GUADALUPE,N,EDWARDS-BFZ AQUIFER | COMAL,400,400,400,400,400,400
356,212,CIMARRON PARK WATER,MUNICIPAL,K,HAYS,N,EDWARDS-BFZ AQUIFER | HAYS,291,291,291,291,291,291
362,151,CISCO,MUNICIPAL,G,EASTLAND,N,CISCO LAKE/RESERVOIR,850,836,822,807,793,779
363,293,CLARENDON,MUNICIPAL,A,DONLEY,N,GREENBELT LAKE/RESERVOIR,197,184,171,164,157,151
363,474,CLARENDON,MUNICIPAL,A,DONLEY,N,OGALLALA AQUIFER | DONLEY,101,97,91,87,82,76
364,32,CLARKSVILLE,MUNICIPAL,D,RED RIVER,N,BLOSSOM AQUIFER | RED RIVER,371,371,371,371,371,371
365,91,CLARKSVILLE CITY,MUNICIPAL,D,GREGG,N,CARRIZO-WILCOX AQUIFER | GREGG,245,245,245,245,245,245
366,461,CLAUDE MUNICIPAL WATER SYSTEM,MUNICIPAL,A,ARMSTRONG,N,OGALLALA AQUIFER | ARMSTRONG,322,316,314,312,310,308
369,53,CLEBURNE,MUNICIPAL,G,JOHNSON,N,BRAZOS RIVER AUTHORITY AQUILLA LAKE/RESERVOIR SYSTEM,2586,2195,1845,1488,879,650
369,603,CLEBURNE,MUNICIPAL,G,JOHNSON,N,PAT CLEBURNE LAKE/RESERVOIR,5590,5590,5590,5590,5590,5590
369,784,CLEBURNE,MUNICIPAL,G,JOHNSON,N,TRINITY AQUIFER | JOHNSON,55,55,55,55,55,55
370,326,CLEVELAND,MUNICIPAL,H,LIBERTY,N,GULF COAST AQUIFER SYSTEM | LIBERTY,1556,1736,1946,2139,2337,2530
371,758,CLIFTON,MUNICIPAL,G,BOSQUE,N,TRINITY AQUIFER | BOSQUE,630,630,630,630,630,630
371,895,CLIFTON,MUNICIPAL,G,BOSQUE,N,CLIFTON LAKE/RESERVOIR,238,195,162,130,97,97
373,299,CLUTE,MUNICIPAL,H,BRAZORIA,N,GULF COAST AQUIFER SYSTEM | BRAZORIA,417,362,344,306,267,215
373,655,CLUTE,MUNICIPAL,H,BRAZORIA,N,BRAZOS RUN-OF-RIVER,2240,2240,2240,2240,1891,1499
374,281,CLYDE,MUNICIPAL,G,CALLAHAN,N,FORT PHANTOM HILL LAKE/RESERVOIR,0,1501,1461,1425,1418,1412
374,507,CLYDE,MUNICIPAL,G,CALLAHAN,N,OH IVIE LAKE/RESERVOIR NON-SYSTEM PORTION,307,307,190,0,0,0
375,145,COAHOMA,MUNICIPAL,F,HOWARD,N,EDWARDS-TRINITY-PLATEAU AND PECOS VALLEY AQUIFERS | WARD,252,245,217,184,162,143
375,158,COAHOMA,MUNICIPAL,F,HOWARD,N,COLORADO RIVER MWD LAKE/RESERVOIR SYSTEM,90,84,76,70,63,58
375,169,COAHOMA,MUNICIPAL,F,HOWARD,N,DIRECT REUSE,13,12,11,10,10,9
375,492,COAHOMA,MUNICIPAL,F,HOWARD,N,OGALLALA AND EDWARDS-TRINITY-HIGH PLAINS AQUIFERS | MARTIN,7,6,5,4,4,4
376,279,COCKRELL HILL,MUNICIPAL,C,DALLAS,N,FORK LAKE/RESERVOIR,50,45,43,41,39,37
376,390,COCKRELL HILL,MUNICIPAL,C,DALLAS,N,TRINITY INDIRECT REUSE,51,52,56,54,52,51
376,648,COCKRELL HILL,MUNICIPAL,C,DALLAS,N,RAY HUBBARD LAKE/RESERVOIR,52,45,40,37,34,31
376,650,COCKRELL HILL,MUNICIPAL,C,DALLAS,N,RAY ROBERTS-LEWISVILLE-GRAPEVINE LAKE/RESERVOIR SYSTEM,123,105,89,83,78,73
376,738,COCKRELL HILL,MUNICIPAL,C,DALLAS,N,TAWAKONI LAKE/RESERVOIR,208,183,166,153,141,130
378,155,COLEMAN,MUNICIPAL,F,COLEMAN,N,COLEMAN LAKE/RESERVOIR,0,0,0,0,0,0
378,370,COLEMAN,MUNICIPAL,F,COLEMAN,N,HORDS CREEK LAKE/RESERVOIR,0,0,0,0,0,0
380,390,COLLEGE MOUND SUD,MUNICIPAL,C,KAUFMAN,N,TRINITY INDIRECT REUSE,339,340,382,488,595,703
380,738,COLLEGE MOUND SUD,MUNICIPAL,C,KAUFMAN,N,TAWAKONI LAKE/RESERVOIR,21,21,23,29,35,40
380,1068,COLLEGE MOUND SUD,MUNICIPAL,C,KAUFMAN,N,NORTH TEXAS MWD LAKE/RESERVOIR SYSTEM,567,539,584,715,836,951
381,78,COLLEGE STATION,MUNICIPAL,G,BRAZOS,N,CARRIZO-WILCOX AQUIFER | BRAZOS,15720,17982,18374,18374,18374,18374
381,712,COLLEGE STATION,MUNICIPAL,G,BRAZOS,N,SPARTA AQUIFER | BRAZOS,672,725,725,725,725,725
382,810,COLLEYVILLE,MUNICIPAL,C,TARRANT,N,TRWD LAKE/RESERVOIR SYSTEM,9296,8173,7592,6919,6411,6018
383,777,COLLINSVILLE,MUNICIPAL,C,GRAYSON,N,TRINITY AQUIFER | GRAYSON,242,242,242,242,242,242
384,341,COLMESNEIL,MUNICIPAL,I,TYLER,N,GULF COAST AQUIFER SYSTEM | TYLER,163,156,151,147,143,140
385,188,COLORADO CITY,MUNICIPAL,F,MITCHELL,N,DOCKUM AQUIFER | MITCHELL,1650,1652,1636,1652,1670,1688
386,305,COLUMBUS,MUNICIPAL,K,COLORADO,N,GULF COAST AQUIFER SYSTEM | COLORADO,1481,1481,1481,1481,1481,1481
387,54,COMANCHE,MUNICIPAL,G,COMANCHE,N,BRAZOS RIVER AUTHORITY LITTLE RIVER LAKE/RESERVOIR SYSTEM,686,686,686,686,686,686
388,6,COMBES,MUNICIPAL,M,CAMERON,N,AMISTAD-FALCON LAKE/RESERVOIR SYSTEM,677,677,677,677,677,677
389,279,COMBINE WSC,MUNICIPAL,C,DALLAS,Y,FORK LAKE/RESERVOIR,7,7,7,7,7,7
389,279,COMBINE WSC,MUNICIPAL,C,KAUFMAN,Y,FORK LAKE/RESERVOIR,24,28,32,36,41,46
389,390,COMBINE WSC,MUNICIPAL,C,DALLAS,Y,TRINITY INDIRECT REUSE,7,8,9,9,9,10
389,390,COMBINE WSC,MUNICIPAL,C,KAUFMAN,Y,TRINITY INDIRECT REUSE,25,32,41,48,55,63
389,648,COMBINE WSC,MUNICIPAL,C,DALLAS,Y,RAY HUBBARD LAKE/RESERVOIR,7,7,7,6,6,6
389,648,COMBINE WSC,MUNICIPAL,C,KAUFMAN,Y,RAY HUBBARD LAKE/RESERVOIR,25,27,29,33,35,38
389,650,COMBINE WSC,MUNICIPAL,C,DALLAS,Y,RAY ROBERTS-LEWISVILLE-GRAPEVINE LAKE/RESERVOIR SYSTEM,17,16,15,14,14,14
389,650,COMBINE WSC,MUNICIPAL,C,KAUFMAN,Y,RAY ROBERTS-LEWISVILLE-GRAPEVINE LAKE/RESERVOIR SYSTEM,62,64,66,74,82,90
389,738,COMBINE WSC,MUNICIPAL,C,DALLAS,Y,TAWAKONI LAKE/RESERVOIR,28,28,27,26,26,25
389,738,COMBINE WSC,MUNICIPAL,C,KAUFMAN,Y,TAWAKONI LAKE/RESERVOIR,103,111,123,135,147,161
392,439,COMMERCE,MUNICIPAL,D,HUNT,N,NACATOCH AQUIFER | DELTA,122,122,122,122,122,122
392,443,COMMERCE,MUNICIPAL,D,HUNT,N,NACATOCH AQUIFER | HUNT,122,122,122,122,122,122
392,738,COMMERCE,MUNICIPAL,D,HUNT,N,TAWAKONI LAKE/RESERVOIR,1886,1886,1886,1886,1886,1886
394,810,COMMUNITY WSC,MUNICIPAL,C,PARKER,Y,TRWD LAKE/RESERVOIR SYSTEM,5,7,8,10,12,13
394,810,COMMUNITY WSC,MUNICIPAL,C,TARRANT,Y,TRWD LAKE/RESERVOIR SYSTEM,519,509,516,500,493,495
397,160,CONROE,MUNICIPAL,H,MONTGOMERY,N,CONROE LAKE/RESERVOIR,5141,5141,5141,5141,5141,5141
397,330,CONROE,MUNICIPAL,H,MONTGOMERY,N,GULF COAST AQUIFER SYSTEM | MONTGOMERY,5285,6566,8604,10305,10813,11318
397,388,CONROE,MUNICIPAL,H,MONTGOMERY,N,SAN JACINTO INDIRECT REUSE,3220,4264,5964,7604,8432,9267
400,90,CONVERSE,MUNICIPAL,L,BEXAR,N,CARRIZO-WILCOX AQUIFER | GONZALES,500,500,500,500,500,500
400,209,CONVERSE,MUNICIPAL,L,BEXAR,N,EDWARDS-BFZ AQUIFER | BEXAR,1916,1916,1916,1916,1916,1916
401,103,COOLIDGE,MUNICIPAL,G,LIMESTONE,N,CARRIZO-WILCOX AQUIFER | LIMESTONE,0,0,0,17,43,43
401,428,COOLIDGE,MUNICIPAL,G,LIMESTONE,N,MEXIA LAKE/RESERVOIR,186,184,181,88,27,19
401,453,COOLIDGE,MUNICIPAL,G,LIMESTONE,N,NAVARRO MILLS LAKE/RESERVOIR,159,164,166,166,162,152
401,652,COOLIDGE,MUNICIPAL,G,LIMESTONE,N,CORSICANA RICHLAND CHAMBERS-HALBERT LAKE/RESERVOIR SYSTEM,32,33,33,33,33,31
402,15,COOPER,MUNICIPAL,D,DELTA,N,BIG CREEK LAKE/RESERVOIR,464,461,458,376,188,0
402,148,COOPER,MUNICIPAL,D,DELTA,N,CHAPMAN/COOPER LAKE/RESERVOIR NON-SYSTEM PORTION,0,0,0,76,258,440
403,279,COPPELL,MUNICIPAL,C,DALLAS,Y,FORK LAKE/RESERVOIR,1041,1017,994,979,964,950
403,279,COPPELL,MUNICIPAL,C,DENTON,Y,FORK LAKE/RESERVOIR,35,33,33,34,34,34
403,390,COPPELL,MUNICIPAL,C,DALLAS,Y,TRINITY INDIRECT REUSE,1067,1171,1294,1287,1285,1294
403,390,COPPELL,MUNICIPAL,C,DENTON,Y,TRINITY INDIRECT REUSE,36,38,43,44,45,46
403,648,COPPELL,MUNICIPAL,C,DALLAS,Y,RAY HUBBARD LAKE/RESERVOIR,1083,1008,940,886,834,787
403,648,COPPELL,MUNICIPAL,C,DENTON,Y,RAY HUBBARD LAKE/RESERVOIR,36,33,32,30,29,28
403,650,COPPELL,MUNICIPAL,C,DALLAS,Y,RAY ROBERTS-LEWISVILLE-GRAPEVINE LAKE/RESERVOIR SYSTEM,2620,2349,2087,2005,1925,1862
403,650,COPPELL,MUNICIPAL,C,DENTON,Y,RAY ROBERTS-LEWISVILLE-GRAPEVINE LAKE/RESERVOIR SYSTEM,88,77,70,69,68,66
403,738,COPPELL,MUNICIPAL,C,DALLAS,Y,TAWAKONI LAKE/RESERVOIR,4361,4098,3857,3663,3478,3312
403,738,COPPELL,MUNICIPAL,C,DENTON,Y,TAWAKONI LAKE/RESERVOIR,147,134,129,126,123,117
405,54,COPPERAS COVE,MUNICIPAL,G,CORYELL,Y,BRAZOS RIVER AUTHORITY LITTLE RIVER LAKE/RESERVOIR SYSTEM,7262,7178,7113,7038,6977,6925
405,54,COPPERAS COVE,MUNICIPAL,G,LAMPASAS,Y,BRAZOS RIVER AUTHORITY LITTLE RIVER LAKE/RESERVOIR SYSTEM,214,253,273,301,314,319
406,148,CORINTH,MUNICIPAL,C,DENTON,N,CHAPMAN/COOPER LAKE/RESERVOIR NON-SYSTEM PORTION,551,390,340,312,288,261
406,390,CORINTH,MUNICIPAL,C,DENTON,N,TRINITY INDIRECT REUSE,165,156,170,156,144,131
406,646,CORINTH,MUNICIPAL,C,DENTON,N,RALPH HALL LAKE/RESERVOIR,1979,1435,1280,1202,1137,1056
406,650,CORINTH,MUNICIPAL,C,DENTON,N,RAY ROBERTS-LEWISVILLE-GRAPEVINE LAKE/RESERVOIR SYSTEM,2178,1793,1777,1642,1522,1381
408,334,CORRIGAN,MUNICIPAL,I,POLK,N,GULF COAST AQUIFER SYSTEM | POLK,238,255,264,274,283,293
409,368,COTTONWOOD SHORES,MUNICIPAL,K,BURNET,N,HIGHLAND LAKES LAKE/RESERVOIR SYSTEM,495,495,495,495,495,495
410,100,COTULLA,MUNICIPAL,L,LA SALLE,N,CARRIZO-WILCOX AQUIFER | LA SALLE,1100,1100,1100,1100,1100,1100
411,64,COUNTY LINE SUD,MUNICIPAL,L,HAYS,Y,CANYON LAKE/RESERVOIR,1308,1308,1308,1308,1308,1308
411,80,COUNTY LINE SUD,MUNICIPAL,L,CALDWELL,Y,CARRIZO-WILCOX AQUIFER | CALDWELL,478,478,478,478,478,478
411,90,COUNTY LINE SUD,MUNICIPAL,L,CALDWELL,Y,CARRIZO-WILCOX AQUIFER | GONZALES,160,119,92,91,91,91
411,90,COUNTY LINE SUD,MUNICIPAL,L,HAYS,Y,CARRIZO-WILCOX AQUIFER | GONZALES,2119,2160,2187,2188,2188,2188
411,212,COUNTY LINE SUD,MUNICIPAL,L,HAYS,Y,EDWARDS-BFZ AQUIFER | HAYS,166,166,166,166,166,166
412,510,"COUNTY-OTHER, ANDERSON",MUNICIPAL,I,ANDERSON,N,OTHER AQUIFER | ANDERSON,260,260,260,260,260,260
412,600,"COUNTY-OTHER, ANDERSON",MUNICIPAL,I,ANDERSON,N,PALESTINE LAKE/RESERVOIR,47,47,47,47,47,47
412,609,"COUNTY-OTHER, ANDERSON",MUNICIPAL,I,ANDERSON,N,QUEEN CITY AQUIFER | ANDERSON,1124,1124,1124,1124,1124,1124
412,708,"COUNTY-OTHER, ANDERSON",MUNICIPAL,I,ANDERSON,N,SPARTA AQUIFER | ANDERSON,247,247,247,247,247,247
413,138,"COUNTY-OTHER, ANDREWS",MUNICIPAL,F,ANDREWS,N,PECOS VALLEY AQUIFER | ANDREWS,1,1,1,1,2,2
413,460,"COUNTY-OTHER, ANDREWS",MUNICIPAL,F,ANDREWS,N,OGALLALA AND EDWARDS-TRINITY-HIGH PLAINS AQUIFERS | ANDREWS,727,850,1010,1168,1334,1506
414,72,"COUNTY-OTHER, ANGELINA",MUNICIPAL,I,ANGELINA,N,CARRIZO-WILCOX AQUIFER | ANGELINA,211,213,216,218,220,222
414,511,"COUNTY-OTHER, ANGELINA",MUNICIPAL,I,ANGELINA,N,OTHER AQUIFER | ANGELINA,0,0,0,0,0,0
414,709,"COUNTY-OTHER, ANGELINA",MUNICIPAL,I,ANGELINA,N,SPARTA AQUIFER | ANGELINA,50,51,52,52,53,53
414,855,"COUNTY-OTHER, ANGELINA",MUNICIPAL,I,ANGELINA,N,YEGUA-JACKSON AQUIFER | ANGELINA,277,281,284,286,289,292
415,169,"COUNTY-OTHER, ARANSAS",MUNICIPAL,N,ARANSAS,N,DIRECT REUSE,48,48,48,48,48,48
415,296,"COUNTY-OTHER, ARANSAS",MUNICIPAL,N,ARANSAS,N,GULF COAST AQUIFER SYSTEM | ARANSAS,482,477,464,452,441,430
416,686,"COUNTY-OTHER, ARCHER",MUNICIPAL,B,ARCHER,N,SEYMOUR AQUIFER | BAYLOR,15,15,15,15,15,15
416,1090,"COUNTY-OTHER, ARCHER",MUNICIPAL,B,ARCHER,N,CROSS TIMBERS AQUIFER | ARCHER,36,35,35,34,33,32
417,171,"COUNTY-OTHER, ARMSTRONG",MUNICIPAL,A,ARMSTRONG,N,DOCKUM AQUIFER | ARMSTRONG,17,16,16,16,16,16
417,461,"COUNTY-OTHER, ARMSTRONG",MUNICIPAL,A,ARMSTRONG,N,OGALLALA AQUIFER | ARMSTRONG,71,70,69,68,67,66
418,73,"COUNTY-OTHER, ATASCOSA",MUNICIPAL,L,ATASCOSA,N,CARRIZO-WILCOX AQUIFER | ATASCOSA,194,194,194,194,194,194
418,207,"COUNTY-OTHER, ATASCOSA",MUNICIPAL,L,ATASCOSA,N,EDWARDS-BFZ AQUIFER | ATASCOSA,32,32,32,32,32,32
418,611,"COUNTY-OTHER, ATASCOSA",MUNICIPAL,L,ATASCOSA,N,QUEEN CITY AQUIFER | ATASCOSA,173,173,173,173,173,173
419,297,"COUNTY-OTHER, AUSTIN",MUNICIPAL,H,AUSTIN,N,GULF COAST AQUIFER SYSTEM | AUSTIN,1726,1757,1778,1787,1795,1807
420,462,"COUNTY-OTHER, BAILEY",MUNICIPAL,O,BAILEY,N,OGALLALA AND EDWARDS-TRINITY-HIGH PLAINS AQUIFERS | BAILEY,228,228,228,228,228,228
421,221,"COUNTY-OTHER, BANDERA",MUNICIPAL,J,BANDERA,N,EDWARDS-TRINITY-PLATEAU AQUIFER | BANDERA,457,457,457,457,457,457
421,665,"COUNTY-OTHER, BANDERA",MUNICIPAL,J,BANDERA,N,NUECES RUN-OF-RIVER,0,0,0,0,0,0
421,670,"COUNTY-OTHER, BANDERA",MUNICIPAL,J,BANDERA,N,SAN ANTONIO RUN-OF-RIVER,0,0,0,0,0,0
421,753,"COUNTY-OTHER, BANDERA",MUNICIPAL,J,BANDERA,N,TRINITY AQUIFER | BANDERA,4718,4718,4718,4718,4718,4718
422,74,"COUNTY-OTHER, BASTROP",MUNICIPAL,K,BASTROP,N,CARRIZO-WILCOX AQUIFER | BASTROP,1291,1291,1291,1291,1291,1291
422,368,"COUNTY-OTHER, BASTROP",MUNICIPAL,K,BASTROP,N,HIGHLAND LAKES LAKE/RESERVOIR SYSTEM,744,744,744,744,744,744
423,686,"COUNTY-OTHER, BAYLOR",MUNICIPAL,B,BAYLOR,N,SEYMOUR AQUIFER | BAYLOR,2,2,1,1,1,1
424,298,"COUNTY-OTHER, BEE",MUNICIPAL,N,BEE,N,GULF COAST AQUIFER SYSTEM | BEE,219,219,219,219,219,219
425,54,"COUNTY-OTHER, BELL",MUNICIPAL,G,BELL,N,BRAZOS RIVER AUTHORITY LITTLE RIVER LAKE/RESERVOIR SYSTEM,194,194,194,194,194,194
425,755,"COUNTY-OTHER, BELL",MUNICIPAL,G,BELL,N,TRINITY AQUIFER | BELL,56,56,56,56,56,56
426,76,"COUNTY-OTHER, BEXAR",MUNICIPAL,L,BEXAR,N,CARRIZO-WILCOX AQUIFER | BEXAR,103,103,103,103,103,103
426,209,"COUNTY-OTHER, BEXAR",MUNICIPAL,L,BEXAR,N,EDWARDS-BFZ AQUIFER | BEXAR,10322,10322,10322,10322,10322,10322
426,756,"COUNTY-OTHER, BEXAR",MUNICIPAL,L,BEXAR,N,TRINITY AQUIFER | BEXAR,426,426,426,426,426,426
427,261,"COUNTY-OTHER, BLANCO",MUNICIPAL,K,BLANCO,N,ELLENBURGER-SAN SABA AQUIFER | BLANCO,161,161,161,161,161,161
427,358,"COUNTY-OTHER, BLANCO",MUNICIPAL,K,BLANCO,N,HICKORY AQUIFER | BLANCO,120,120,120,120,120,120
427,757,"COUNTY-OTHER, BLANCO",MUNICIPAL,K,BLANCO,N,TRINITY AQUIFER | BLANCO,576,576,576,576,576,576
428,463,"COUNTY-OTHER, BORDEN",MUNICIPAL,F,BORDEN,N,OGALLALA AND EDWARDS-TRINITY-HIGH PLAINS AQUIFERS | BORDEN,81,72,59,44,25,13
428,515,"COUNTY-OTHER, BORDEN",MUNICIPAL,F,BORDEN,N,OTHER AQUIFER | BORDEN,21,21,21,21,21,9
429,758,"COUNTY-OTHER, BOSQUE",MUNICIPAL,G,BOSQUE,N,TRINITY AQUIFER | BOSQUE,899,899,899,899,899,899
430,77,"COUNTY-OTHER, BOWIE",MUNICIPAL,D,BOWIE,N,CARRIZO-WILCOX AQUIFER | BOWIE,2442,2484,2440,2416,2416,2416
430,438,"COUNTY-OTHER, BOWIE",MUNICIPAL,D,BOWIE,N,NACATOCH AQUIFER | BOWIE,1128,1149,1130,1119,1119,1119
430,854,"COUNTY-OTHER, BOWIE",MUNICIPAL,D,BOWIE,N,WRIGHT PATMAN LAKE/RESERVOIR,0,0,0,0,0,0
431,299,"COUNTY-OTHER, BRAZORIA",MUNICIPAL,H,BRAZORIA,N,GULF COAST AQUIFER SYSTEM | BRAZORIA,10518,10306,10287,10153,10070,10087
431,655,"COUNTY-OTHER, BRAZORIA",MUNICIPAL,H,BRAZORIA,N,BRAZOS RUN-OF-RIVER,52,52,52,52,52,52
432,78,"COUNTY-OTHER, BRAZOS",MUNICIPAL,G,BRAZOS,N,CARRIZO-WILCOX AQUIFER | BRAZOS,29,30,30,30,30,30
432,613,"COUNTY-OTHER, BRAZOS",MUNICIPAL,G,BRAZOS,N,QUEEN CITY AQUIFER | BRAZOS,245,357,400,400,400,400
432,856,"COUNTY-OTHER, BRAZOS",MUNICIPAL,G,BRAZOS,N,YEGUA-JACKSON AQUIFER | BRAZOS,16,16,16,16,16,16
433,223,"COUNTY-OTHER, BREWSTER",MUNICIPAL,E,BREWSTER,N,EDWARDS-TRINITY-PLATEAU AQUIFER | BREWSTER,10,10,10,10,10,10
433,377,"COUNTY-OTHER, BREWSTER",MUNICIPAL,E,BREWSTER,N,IGNEOUS AQUIFER | BREWSTER,207,207,207,207,207,207
433,518,"COUNTY-OTHER, BREWSTER",MUNICIPAL,E,BREWSTER,N,OTHER AQUIFER | BREWSTER,301,301,301,301,301,301
434,519,"COUNTY-OTHER, BRISCOE",MUNICIPAL,O,BRISCOE,N,OTHER AQUIFER | BRISCOE,176,176,176,176,176,176
434,667,"COUNTY-OTHER, BRISCOE",MUNICIPAL,O,BRISCOE,N,RED RUN-OF-RIVER,20,20,20,20,20,20
435,301,"COUNTY-OTHER, BROOKS",MUNICIPAL,N,BROOKS,N,GULF COAST AQUIFER SYSTEM | BROOKS,32,32,32,32,32,32
436,759,"COUNTY-OTHER, BROWN",MUNICIPAL,F,BROWN,N,TRINITY AQUIFER | BROWN,195,197,197,198,199,200
436,1070,"COUNTY-OTHER, BROWN",MUNICIPAL,F,BROWN,N,CROSS TIMBERS AQUIFER | BROWN,50,50,50,50,50,50
437,79,"COUNTY-OTHER, BURLESON",MUNICIPAL,G,BURLESON,N,CARRIZO-WILCOX AQUIFER | BURLESON,27,27,27,27,27,27
437,713,"COUNTY-OTHER, BURLESON",MUNICIPAL,G,BURLESON,N,SPARTA AQUIFER | BURLESON,761,761,761,761,761,761
437,857,"COUNTY-OTHER, BURLESON",MUNICIPAL,G,BURLESON,N,YEGUA-JACKSON AQUIFER | BURLESON,659,659,659,659,659,659
438,262,"COUNTY-OTHER, BURNET",MUNICIPAL,K,BURNET,N,ELLENBURGER-SAN SABA AQUIFER | BURNET,416,416,416,416,416,416
438,359,"COUNTY-OTHER, BURNET",MUNICIPAL,K,BURNET,N,HICKORY AQUIFER | BURNET,184,184,184,184,184,184
438,368,"COUNTY-OTHER, BURNET",MUNICIPAL,K,BURNET,N,HIGHLAND LAKES LAKE/RESERVOIR SYSTEM,1141,1141,1141,1141,1141,1141
438,419,"COUNTY-OTHER, BURNET",MUNICIPAL,K,BURNET,N,MARBLE FALLS AQUIFER | BURNET,134,134,134,134,134,134
438,521,"COUNTY-OTHER, BURNET",MUNICIPAL,K,BURNET,N,OTHER AQUIFER | BURNET,501,501,501,501,501,501
438,760,"COUNTY-OTHER, BURNET",MUNICIPAL,K,BURNET,N,TRINITY AQUIFER | BURNET,875,875,875,875,875,875
439,80,"COUNTY-OTHER, CALDWELL",MUNICIPAL,L,CALDWELL,N,CARRIZO-WILCOX AQUIFER | CALDWELL,81,411,411,411,411,411
439,615,"COUNTY-OTHER, CALDWELL",MUNICIPAL,L,CALDWELL,N,QUEEN CITY AQUIFER | CALDWELL,18,18,18,18,18,18
440,302,"COUNTY-OTHER, CALHOUN",MUNICIPAL,L,CALHOUN,N,GULF COAST AQUIFER SYSTEM | CALHOUN,262,262,262,262,262,262
441,762,"COUNTY-OTHER, CALLAHAN",MUNICIPAL,G,CALLAHAN,N,TRINITY AQUIFER | CALLAHAN,267,267,267,267,267,267
442,6,"COUNTY-OTHER, CAMERON",MUNICIPAL,M,CAMERON,N,AMISTAD-FALCON LAKE/RESERVOIR SYSTEM,1790,1790,1790,1790,1790,1790
442,303,"COUNTY-OTHER, CAMERON",MUNICIPAL,M,CAMERON,N,GULF COAST AQUIFER SYSTEM | CAMERON,20,20,20,20,20,20
443,81,"COUNTY-OTHER, CAMP",MUNICIPAL,D,CAMP,N,CARRIZO-WILCOX AQUIFER | CAMP,444,453,461,469,478,478
444,465,"COUNTY-OTHER, CARSON",MUNICIPAL,A,CARSON,N,OGALLALA AQUIFER | CARSON,207,183,155,125,93,58
445,82,"COUNTY-OTHER, CASS",MUNICIPAL,D,CASS,N,CARRIZO-WILCOX AQUIFER | CASS,292,292,292,292,292,292
445,854,"COUNTY-OTHER, CASS",MUNICIPAL,D,CASS,N,WRIGHT PATMAN LAKE/RESERVOIR,44,44,44,44,44,44
446,466,"COUNTY-OTHER, CASTRO",MUNICIPAL,O,CASTRO,N,OGALLALA AND EDWARDS-TRINITY-HIGH PLAINS AQUIFERS | CASTRO,348,348,348,348,348,348
447,304,"COUNTY-OTHER, CHAMBERS",MUNICIPAL,H,CHAMBERS,N,GULF COAST AQUIFER SYSTEM | CHAMBERS,1885,2527,3481,4053,4145,4249
447,410,"COUNTY-OTHER, CHAMBERS",MUNICIPAL,H,CHAMBERS,N,LIVINGSTON-WALLISVILLE LAKE/RESERVOIR SYSTEM,971,936,898,854,800,743
448,83,"COUNTY-OTHER, CHEROKEE",MUNICIPAL,I,CHEROKEE,N,CARRIZO-WILCOX AQUIFER | CHEROKEE,238,202,160,114,63,10
448,618,"COUNTY-OTHER, CHEROKEE",MUNICIPAL,I,CHEROKEE,N,QUEEN CITY AQUIFER | CHEROKEE,160,136,108,77,43,6
448,714,"COUNTY-OTHER, CHEROKEE",MUNICIPAL,I,CHEROKEE,N,SPARTA AQUIFER | CHEROKEE,37,32,25,18,10,1
449,522,"COUNTY-OTHER, CHILDRESS",MUNICIPAL,A,CHILDRESS,N,OTHER AQUIFER | CHILDRESS,1,1,1,1,1,1
449,688,"COUNTY-OTHER, CHILDRESS",MUNICIPAL,A,CHILDRESS,N,SEYMOUR AQUIFER | CHILDRESS,20,7,7,13,20,27
450,689,"COUNTY-OTHER, CLAY",MUNICIPAL,B,CLAY,N,SEYMOUR AQUIFER | CLAY,170,170,170,170,170,170
450,1092,"COUNTY-OTHER, CLAY",MUNICIPAL,B,CLAY,N,CROSS TIMBERS AQUIFER | CLAY,330,330,330,330,330,330
451,467,"COUNTY-OTHER, COCHRAN",MUNICIPAL,O,COCHRAN,N,OGALLALA AND EDWARDS-TRINITY-HIGH PLAINS AQUIFERS | COCHRAN,233,233,233,233,233,233
452,224,"COUNTY-OTHER, COKE",MUNICIPAL,F,COKE,N,"EDWARDS-TRINITY-PLATEAU, PECOS VALLEY, AND TRINITY AQUIFERS | COKE",31,31,31,31,31,31
452,458,"COUNTY-OTHER, COKE",MUNICIPAL,F,COKE,N,OAK CREEK LAKE/RESERVOIR,0,0,0,0,0,0
452,524,"COUNTY-OTHER, COKE",MUNICIPAL,F,COKE,N,OTHER AQUIFER | COKE,67,77,87,103,121,141
453,155,"COUNTY-OTHER, COLEMAN",MUNICIPAL,F,COLEMAN,N,COLEMAN LAKE/RESERVOIR,0,0,0,0,0,0
453,370,"COUNTY-OTHER, COLEMAN",MUNICIPAL,F,COLEMAN,N,HORDS CREEK LAKE/RESERVOIR,0,0,0,0,0,0
454,390,"COUNTY-OTHER, COLLIN",MUNICIPAL,C,COLLIN,N,TRINITY INDIRECT REUSE,17,15,13,12,12,11
454,738,"COUNTY-OTHER, COLLIN",MUNICIPAL,C,COLLIN,N,TAWAKONI LAKE/RESERVOIR,1,1,1,1,1,1
454,763,"COUNTY-OTHER, COLLIN",MUNICIPAL,C,COLLIN,N,TRINITY AQUIFER | COLLIN,300,300,300,300,300,300
454,833,"COUNTY-OTHER, COLLIN",MUNICIPAL,C,COLLIN,N,WOODBINE AQUIFER | COLLIN,300,300,300,300,300,300
454,1068,"COUNTY-OTHER, COLLIN",MUNICIPAL,C,COLLIN,N,NORTH TEXAS MWD LAKE/RESERVOIR SYSTEM,27,23,20,17,15,14
455,18,"COUNTY-OTHER, COLLINGSWORTH",MUNICIPAL,A,COLLINGSWORTH,N,BLAINE AQUIFER | COLLINGSWORTH,6,6,6,5,5,5
455,527,"COUNTY-OTHER, COLLINGSWORTH",MUNICIPAL,A,COLLINGSWORTH,N,OTHER AQUIFER | COLLINGSWORTH,1,1,1,1,1,1
455,690,"COUNTY-OTHER, COLLINGSWORTH",MUNICIPAL,A,COLLINGSWORTH,N,SEYMOUR AQUIFER | COLLINGSWORTH,97,93,87,83,79,74
456,305,"COUNTY-OTHER, COLORADO",MUNICIPAL,K,COLORADO,N,GULF COAST AQUIFER SYSTEM | COLORADO,1712,1712,1712,1712,1712,1712
457,64,"COUNTY-OTHER, COMAL",MUNICIPAL,L,COMAL,N,CANYON LAKE/RESERVOIR,464,464,464,464,464,464
457,210,"COUNTY-OTHER, COMAL",MUNICIPAL,L,COMAL,N,EDWARDS-BFZ AQUIFER | COMAL,724,724,724,724,724,724
457,764,"COUNTY-OTHER, COMAL",MUNICIPAL,L,COMAL,N,TRINITY AQUIFER | COMAL,2870,2870,2870,2870,2870,2870
458,54,"COUNTY-OTHER, COMANCHE",MUNICIPAL,G,COMANCHE,N,BRAZOS RIVER AUTHORITY LITTLE RIVER LAKE/RESERVOIR SYSTEM,9,9,9,9,9,9
458,765,"COUNTY-OTHER, COMANCHE",MUNICIPAL,G,COMANCHE,N,TRINITY AQUIFER | COMANCHE,346,345,346,345,346,346
459,225,"COUNTY-OTHER, CONCHO",MUNICIPAL,F,CONCHO,N,"EDWARDS-TRINITY-PLATEAU, PECOS VALLEY, AND TRINITY AQUIFERS | CONCHO",135,125,117,109,99,86
459,658,"COUNTY-OTHER, CONCHO",MUNICIPAL,F,CONCHO,N,COLORADO RUN-OF-RIVER,35,35,35,35,35,35
460,766,"COUNTY-OTHER, COOKE",MUNICIPAL,C,COOKE,N,TRINITY AQUIFER | COOKE,643,665,689,713,744,769
460,834,"COUNTY-OTHER, COOKE",MUNICIPAL,C,COOKE,N,WOODBINE AQUIFER | COOKE,120,120,120,120,120,120
461,767,"COUNTY-OTHER, CORYELL",MUNICIPAL,G,CORYELL,N,TRINITY AQUIFER | CORYELL,614,614,614,614,614,614
462,531,"COUNTY-OTHER, COTTLE",MUNICIPAL,B,COTTLE,N,OTHER AQUIFER | COTTLE,33,32,31,30,30,29
463,999,"COUNTY-OTHER, CRANE",MUNICIPAL,F,CRANE,N,EDWARDS-TRINITY-PLATEAU AND PECOS VALLEY AQUIFERS | CRANE,182,228,272,308,348,392
464,227,"COUNTY-OTHER, CROCKETT",MUNICIPAL,F,CROCKETT,N,"EDWARDS-TRINITY-PLATEAU, PECOS VALLEY, AND TRINITY AQUIFERS | CROCKETT",66,61,55,51,47,43
465,469,"COUNTY-OTHER, CROSBY",MUNICIPAL,O,CROSBY,N,OGALLALA AND EDWARDS-TRINITY-HIGH PLAINS AQUIFERS | CROSBY,107,107,107,107,107,107
465,903,"COUNTY-OTHER, CROSBY",MUNICIPAL,O,CROSBY,N,DOCKUM AQUIFER | CROSBY,1,1,1,1,1,1
465,985,"COUNTY-OTHER, CROSBY",MUNICIPAL,O,CROSBY,N,OTHER AQUIFER | CROSBY,1,1,1,1,1,1
466,228,"COUNTY-OTHER, CULBERSON",MUNICIPAL,E,CULBERSON,N,EDWARDS-TRINITY-PLATEAU AQUIFER | CULBERSON,1,1,1,1,1,1
466,680,"COUNTY-OTHER, CULBERSON",MUNICIPAL,E,CULBERSON,N,RUSTLER AQUIFER | CULBERSON,1,1,1,1,1,1
466,823,"COUNTY-OTHER, CULBERSON",MUNICIPAL,E,CULBERSON,N,WEST TEXAS BOLSONS AQUIFER | CULBERSON,68,68,68,68,68,68
467,980,"COUNTY-OTHER, DALLAM",MUNICIPAL,A,DALLAM,N,OGALLALA AND RITA BLANCA AQUIFERS | DALLAM,144,144,142,121,98,72
468,169,"COUNTY-OTHER, DALLAS",MUNICIPAL,C,DALLAS,N,DIRECT REUSE,150,150,150,150,150,150
468,279,"COUNTY-OTHER, DALLAS",MUNICIPAL,C,DALLAS,N,FORK LAKE/RESERVOIR,106,179,248,317,383,448
468,390,"COUNTY-OTHER, DALLAS",MUNICIPAL,C,DALLAS,N,TRINITY INDIRECT REUSE,108,207,323,417,510,610
468,453,"COUNTY-OTHER, DALLAS",MUNICIPAL,C,DALLAS,N,NAVARRO MILLS LAKE/RESERVOIR,42,41,38,36,34,32
468,648,"COUNTY-OTHER, DALLAS",MUNICIPAL,C,DALLAS,N,RAY HUBBARD LAKE/RESERVOIR,110,178,235,287,331,371
468,650,"COUNTY-OTHER, DALLAS",MUNICIPAL,C,DALLAS,N,RAY ROBERTS-LEWISVILLE-GRAPEVINE LAKE/RESERVOIR SYSTEM,266,414,523,649,764,876
468,652,"COUNTY-OTHER, DALLAS",MUNICIPAL,C,DALLAS,N,CORSICANA RICHLAND CHAMBERS-HALBERT LAKE/RESERVOIR SYSTEM,8,8,8,7,7,6
468,738,"COUNTY-OTHER, DALLAS",MUNICIPAL,C,DALLAS,N,TAWAKONI LAKE/RESERVOIR,443,723,965,1187,1381,1560
468,768,"COUNTY-OTHER, DALLAS",MUNICIPAL,C,DALLAS,N,TRINITY AQUIFER | DALLAS,50,50,50,50,50,50
468,810,"COUNTY-OTHER, DALLAS",MUNICIPAL,C,DALLAS,N,TRWD LAKE/RESERVOIR SYSTEM,447,394,365,333,309,290
468,835,"COUNTY-OTHER, DALLAS",MUNICIPAL,C,DALLAS,N,WOODBINE AQUIFER | DALLAS,300,300,300,300,300,300
469,471,"COUNTY-OTHER, DAWSON",MUNICIPAL,O,DAWSON,N,OGALLALA AND EDWARDS-TRINITY-HIGH PLAINS AQUIFERS | DAWSON,542,542,542,542,542,542
470,178,"COUNTY-OTHER, DEAF SMITH",MUNICIPAL,O,DEAF SMITH,N,DOCKUM AQUIFER | DEAF SMITH,2,2,2,2,2,2
470,472,"COUNTY-OTHER, DEAF SMITH",MUNICIPAL,O,DEAF SMITH,N,OGALLALA AND EDWARDS-TRINITY-HIGH PLAINS AQUIFERS | DEAF SMITH,477,477,477,477,477,477
471,148,"COUNTY-OTHER, DELTA",MUNICIPAL,D,DELTA,N,CHAPMAN/COOPER LAKE/RESERVOIR NON-SYSTEM PORTION,82,83,82,80,76,73
471,439,"COUNTY-OTHER, DELTA",MUNICIPAL,D,DELTA,N,NACATOCH AQUIFER | DELTA,85,86,86,86,86,86
471,769,"COUNTY-OTHER, DELTA",MUNICIPAL,D,DELTA,N,TRINITY AQUIFER | DELTA,16,16,16,16,16,16
472,148,"COUNTY-OTHER, DENTON",MUNICIPAL,C,DENTON,N,CHAPMAN/COOPER LAKE/RESERVOIR NON-SYSTEM PORTION,4,2,2,2,1,1
472,390,"COUNTY-OTHER, DENTON",MUNICIPAL,C,DENTON,N,TRINITY INDIRECT REUSE,9,10,8,8,9,9
472,405,"COUNTY-OTHER, DENTON",MUNICIPAL,C,DENTON,N,LEWISVILLE LAKE/RESERVOIR NON-SYSTEM PORTION,9,9,7,6,4,3
472,646,"COUNTY-OTHER, DENTON",MUNICIPAL,C,DENTON,N,RALPH HALL LAKE/RESERVOIR,14,10,7,6,6,5
472,649,"COUNTY-OTHER, DENTON",MUNICIPAL,C,DENTON,N,RAY ROBERTS LAKE/RESERVOIR NON-SYSTEM PORTION,33,32,27,22,17,14
472,650,"COUNTY-OTHER, DENTON",MUNICIPAL,C,DENTON,N,RAY ROBERTS-LEWISVILLE-GRAPEVINE LAKE/RESERVOIR SYSTEM,16,12,9,8,7,7
472,770,"COUNTY-OTHER, DENTON",MUNICIPAL,C,DENTON,N,TRINITY AQUIFER | DENTON,1079,1079,1079,1079,1079,1079
472,837,"COUNTY-OTHER, DENTON",MUNICIPAL,C,DENTON,N,WOODBINE AQUIFER | DENTON,610,610,610,610,610,610
473,306,"COUNTY-OTHER, DEWITT",MUNICIPAL,L,DEWITT,N,GULF COAST AQUIFER SYSTEM | DEWITT,1306,1306,1305,1305,1305,1306
474,473,"COUNTY-OTHER, DICKENS",MUNICIPAL,O,DICKENS,N,OGALLALA AQUIFER | DICKENS,9,9,9,9,9,9
474,535,"COUNTY-OTHER, DICKENS",MUNICIPAL,O,DICKENS,N,OTHER AQUIFER | DICKENS,123,123,123,123,123,123
475,84,"COUNTY-OTHER, DIMMIT",MUNICIPAL,L,DIMMIT,N,CARRIZO-WILCOX AQUIFER | DIMMIT,307,307,307,307,307,307
476,293,"COUNTY-OTHER, DONLEY",MUNICIPAL,A,DONLEY,N,GREENBELT LAKE/RESERVOIR,37,37,37,37,37,37
476,474,"COUNTY-OTHER, DONLEY",MUNICIPAL,A,DONLEY,N,OGALLALA AQUIFER | DONLEY,107,97,87,81,75,69
477,307,"COUNTY-OTHER, DUVAL",MUNICIPAL,N,DUVAL,N,GULF COAST AQUIFER SYSTEM | DUVAL,0,0,0,0,0,0
478,151,"COUNTY-OTHER, EASTLAND",MUNICIPAL,G,EASTLAND,N,CISCO LAKE/RESERVOIR,147,147,147,147,147,147
478,404,"COUNTY-OTHER, EASTLAND",MUNICIPAL,G,EASTLAND,N,LEON LAKE/RESERVOIR,120,120,120,120,120,120
478,771,"COUNTY-OTHER, EASTLAND",MUNICIPAL,G,EASTLAND,N,TRINITY AQUIFER | EASTLAND,202,203,202,203,202,202
479,179,"COUNTY-OTHER, ECTOR",MUNICIPAL,F,ECTOR,N,DOCKUM AQUIFER | ECTOR,86,86,86,86,86,86
479,229,"COUNTY-OTHER, ECTOR",MUNICIPAL,F,ECTOR,N,"EDWARDS-TRINITY-PLATEAU, PECOS VALLEY, AND TRINITY AQUIFERS | ECTOR",4780,4579,3756,3831,3978,4206
479,460,"COUNTY-OTHER, ECTOR",MUNICIPAL,F,ECTOR,N,OGALLALA AND EDWARDS-TRINITY-HIGH PLAINS AQUIFERS | ANDREWS,60,52,48,45,43,41
479,475,"COUNTY-OTHER, ECTOR",MUNICIPAL,F,ECTOR,N,OGALLALA AQUIFER | ECTOR,202,209,214,218,222,222
480,230,"COUNTY-OTHER, EDWARDS",MUNICIPAL,J,EDWARDS,N,"EDWARDS-TRINITY-PLATEAU, PECOS VALLEY, AND TRINITY AQUIFERS | EDWARDS",136,136,136,136,136,136
480,970,"COUNTY-OTHER, EDWARDS",MUNICIPAL,J,EDWARDS,N,NUECES RIVER ALLUVIUM AQUIFER | EDWARDS,4,4,4,4,4,4
481,12,"COUNTY-OTHER, ELLIS",MUNICIPAL,C,ELLIS,N,BARDWELL LAKE/RESERVOIR,146,128,112,100,89,79
481,53,"COUNTY-OTHER, ELLIS",MUNICIPAL,C,ELLIS,N,BRAZOS RIVER AUTHORITY AQUILLA LAKE/RESERVOIR SYSTEM,84,84,84,84,84,84
481,279,"COUNTY-OTHER, ELLIS",MUNICIPAL,C,ELLIS,N,FORK LAKE/RESERVOIR,9,9,9,9,9,9
481,390,"COUNTY-OTHER, ELLIS",MUNICIPAL,C,ELLIS,N,TRINITY INDIRECT REUSE,45,52,60,65,68,65
481,392,"COUNTY-OTHER, ELLIS",MUNICIPAL,C,ELLIS,N,JOE POOL LAKE/RESERVOIR,70,61,53,47,41,36
481,648,"COUNTY-OTHER, ELLIS",MUNICIPAL,C,ELLIS,N,RAY HUBBARD LAKE/RESERVOIR,10,9,9,8,8,7
481,650,"COUNTY-OTHER, ELLIS",MUNICIPAL,C,ELLIS,N,RAY ROBERTS-LEWISVILLE-GRAPEVINE LAKE/RESERVOIR SYSTEM,24,22,18,18,16,16
481,738,"COUNTY-OTHER, ELLIS",MUNICIPAL,C,ELLIS,N,TAWAKONI LAKE/RESERVOIR,39,37,35,33,32,30
481,772,"COUNTY-OTHER, ELLIS",MUNICIPAL,C,ELLIS,N,TRINITY AQUIFER | ELLIS,530,530,530,530,530,530
481,810,"COUNTY-OTHER, ELLIS",MUNICIPAL,C,ELLIS,N,TRWD LAKE/RESERVOIR SYSTEM,126,133,142,140,141,143
481,819,"COUNTY-OTHER, ELLIS",MUNICIPAL,C,ELLIS,N,WAXAHACHIE LAKE/RESERVOIR,34,28,23,20,17,14
482,375,"COUNTY-OTHER, EL PASO",MUNICIPAL,E,EL PASO,N,HUECO-MESILLA BOLSON AQUIFER | EL PASO,6678,6678,6678,6678,6678,6678
483,54,"COUNTY-OTHER, ERATH",MUNICIPAL,G,ERATH,N,BRAZOS RIVER AUTHORITY LITTLE RIVER LAKE/RESERVOIR SYSTEM,72,72,72,72,72,72
483,773,"COUNTY-OTHER, ERATH",MUNICIPAL,G,ERATH,N,TRINITY AQUIFER | ERATH,3211,3211,3211,3211,3211,3211
483,1037,"COUNTY-OTHER, ERATH",MUNICIPAL,G,ERATH,N,STRAWN LAKE/RESERVOIR,49,49,49,48,48,48
484,44,"COUNTY-OTHER, FALLS",MUNICIPAL,G,FALLS,N,BRAZOS RIVER ALLUVIUM AQUIFER | FALLS,170,170,170,170,170,170
484,54,"COUNTY-OTHER, FALLS",MUNICIPAL,G,FALLS,N,BRAZOS RIVER AUTHORITY LITTLE RIVER LAKE/RESERVOIR SYSTEM,245,245,245,245,245,245
484,85,"COUNTY-OTHER, FALLS",MUNICIPAL,G,FALLS,N,CARRIZO-WILCOX AQUIFER | FALLS,0,0,3,9,16,16
484,755,"COUNTY-OTHER, FALLS",MUNICIPAL,G,FALLS,N,TRINITY AQUIFER | BELL,81,81,81,81,81,81
484,774,"COUNTY-OTHER, FALLS",MUNICIPAL,G,FALLS,N,TRINITY AQUIFER | FALLS,0,0,0,0,0,0
485,674,"COUNTY-OTHER, FANNIN",MUNICIPAL,C,FANNIN,N,SULPHUR RUN-OF-RIVER,45,45,45,45,45,45
485,775,"COUNTY-OTHER, FANNIN",MUNICIPAL,C,FANNIN,N,TRINITY AQUIFER | FANNIN,184,166,147,129,110,92
485,839,"COUNTY-OTHER, FANNIN",MUNICIPAL,C,FANNIN,N,WOODBINE AQUIFER | FANNIN,350,320,290,260,230,200
486,308,"COUNTY-OTHER, FAYETTE",MUNICIPAL,K,FAYETTE,N,GULF COAST AQUIFER SYSTEM | FAYETTE,459,459,459,459,459,459
486,368,"COUNTY-OTHER, FAYETTE",MUNICIPAL,K,FAYETTE,N,HIGHLAND LAKES LAKE/RESERVOIR SYSTEM,27,27,27,27,27,27
486,541,"COUNTY-OTHER, FAYETTE",MUNICIPAL,K,FAYETTE,N,OTHER AQUIFER | FAYETTE,223,223,223,223,223,223
486,715,"COUNTY-OTHER, FAYETTE",MUNICIPAL,K,FAYETTE,N,SPARTA AQUIFER | FAYETTE,29,29,29,29,29,29
486,858,"COUNTY-OTHER, FAYETTE",MUNICIPAL,K,FAYETTE,N,YEGUA-JACKSON AQUIFER | FAYETTE,15,15,15,15,15,15
487,694,"COUNTY-OTHER, FISHER",MUNICIPAL,G,FISHER,N,SEYMOUR AQUIFER | FISHER,76,76,76,76,76,76
488,476,"COUNTY-OTHER, FLOYD",MUNICIPAL,O,FLOYD,N,OGALLALA AND EDWARDS-TRINITY-HIGH PLAINS AQUIFERS | FLOYD,141,141,141,141,141,141
489,695,"COUNTY-OTHER, FOARD",MUNICIPAL,B,FOARD,N,SEYMOUR AQUIFER | FOARD,17,17,17,17,16,16
490,55,"COUNTY-OTHER, FORT BEND",MUNICIPAL,H,FORT BEND,N,BRAZOS RIVER AUTHORITY MAIN STEM LAKE/RESERVOIR SYSTEM,586,586,586,586,586,586
490,169,"COUNTY-OTHER, FORT BEND",MUNICIPAL,H,FORT BEND,N,DIRECT REUSE,458,458,458,458,458,458
490,309,"COUNTY-OTHER, FORT BEND",MUNICIPAL,H,FORT BEND,N,GULF COAST AQUIFER SYSTEM | FORT BEND,13566,20525,28803,35549,43195,49828
491,33,"COUNTY-OTHER, FRANKLIN",MUNICIPAL,D,FRANKLIN,N,BOB SANDLIN LAKE/RESERVOIR,14,16,17,17,17,17
491,87,"COUNTY-OTHER, FRANKLIN",MUNICIPAL,D,FRANKLIN,N,CARRIZO-WILCOX AQUIFER | FRANKLIN,200,215,215,215,215,215
492,88,"COUNTY-OTHER, FREESTONE",MUNICIPAL,C,FREESTONE,N,CARRIZO-WILCOX AQUIFER | FREESTONE,940,940,940,940,940,940
492,675,"COUNTY-OTHER, FREESTONE",MUNICIPAL,C,FREESTONE,N,TRINITY RUN-OF-RIVER,41,41,41,41,41,41
493,89,"COUNTY-OTHER, FRIO",MUNICIPAL,L,FRIO,N,CARRIZO-WILCOX AQUIFER | FRIO,499,499,499,499,499,499
494,477,"COUNTY-OTHER, GAINES",MUNICIPAL,O,GAINES,N,OGALLALA AND EDWARDS-TRINITY-HIGH PLAINS AQUIFERS | GAINES,4638,4638,4638,4638,4638,4638
495,310,"COUNTY-OTHER, GALVESTON",MUNICIPAL,H,GALVESTON,N,GULF COAST AQUIFER SYSTEM | GALVESTON,332,351,364,375,380,383
495,655,"COUNTY-OTHER, GALVESTON",MUNICIPAL,H,GALVESTON,N,BRAZOS RUN-OF-RIVER,14,14,14,14,14,14
496,2,"COUNTY-OTHER, GARZA",MUNICIPAL,O,GARZA,N,ALAN HENRY LAKE/RESERVOIR,25,25,25,25,25,25
496,181,"COUNTY-OTHER, GARZA",MUNICIPAL,O,GARZA,N,DOCKUM AQUIFER | GARZA,31,31,31,31,31,31
496,478,"COUNTY-OTHER, GARZA",MUNICIPAL,O,GARZA,N,OGALLALA AND EDWARDS-TRINITY-HIGH PLAINS AQUIFERS | GARZA,122,122,122,122,122,122
497,231,"COUNTY-OTHER, GILLESPIE",MUNICIPAL,K,GILLESPIE,N,"EDWARDS-TRINITY-PLATEAU, PECOS VALLEY, AND TRINITY AQUIFERS | GILLESPIE",1305,1305,1305,1305,1305,1305
497,263,"COUNTY-OTHER, GILLESPIE",MUNICIPAL,K,GILLESPIE,N,ELLENBURGER-SAN SABA AQUIFER | GILLESPIE,346,346,346,346,346,346
497,361,"COUNTY-OTHER, GILLESPIE",MUNICIPAL,K,GILLESPIE,N,HICKORY AQUIFER | GILLESPIE,174,174,174,174,174,174
497,368,"COUNTY-OTHER, GILLESPIE",MUNICIPAL,K,GILLESPIE,N,HIGHLAND LAKES LAKE/RESERVOIR SYSTEM,66,66,66,66,66,66
498,232,"COUNTY-OTHER, GLASSCOCK",MUNICIPAL,F,GLASSCOCK,N,"EDWARDS-TRINITY-PLATEAU, PECOS VALLEY, AND TRINITY AQUIFERS | GLASSCOCK",123,114,110,101,92,82
499,311,"COUNTY-OTHER, GOLIAD",MUNICIPAL,L,GOLIAD,N,GULF COAST AQUIFER SYSTEM | GOLIAD,695,695,695,695,695,695
500,90,"COUNTY-OTHER, GONZALES",MUNICIPAL,L,GONZALES,N,CARRIZO-WILCOX AQUIFER | GONZALES,135,135,135,135,135,135
501,480,"COUNTY-OTHER, GRAY",MUNICIPAL,A,GRAY,N,OGALLALA AQUIFER | GRAY,556,583,534,448,344,215
502,647,"COUNTY-OTHER, GRAYSON",MUNICIPAL,C,GRAYSON,N,RANDELL LAKE/RESERVOIR,49,39,33,29,25,23
502,744,"COUNTY-OTHER, GRAYSON",MUNICIPAL,C,GRAYSON,N,TEXOMA LAKE/RESERVOIR NON-SYSTEM PORTION,733,581,609,643,704,732
502,777,"COUNTY-OTHER, GRAYSON",MUNICIPAL,C,GRAYSON,N,TRINITY AQUIFER | GRAYSON,200,200,200,200,200,200
502,840,"COUNTY-OTHER, GRAYSON",MUNICIPAL,C,GRAYSON,N,WOODBINE AQUIFER | GRAYSON,100,100,100,100,100,100
503,16,"COUNTY-OTHER, GREGG",MUNICIPAL,D,GREGG,N,BIG SANDY CREEK LAKE/RESERVOIR,50,50,50,50,50,50
503,91,"COUNTY-OTHER, GREGG",MUNICIPAL,D,GREGG,N,CARRIZO-WILCOX AQUIFER | GREGG,929,1009,1104,1233,1370,1412
503,125,"COUNTY-OTHER, GREGG",MUNICIPAL,D,GREGG,N,CARRIZO-WILCOX AQUIFER | UPSHUR,37,37,37,37,37,37
503,279,"COUNTY-OTHER, GREGG",MUNICIPAL,D,GREGG,N,FORK LAKE/RESERVOIR,621,663,730,808,900,900
503,288,"COUNTY-OTHER, GREGG",MUNICIPAL,D,GREGG,N,GLADEWATER LAKE/RESERVOIR,154,154,154,154,54,54
503,457,"COUNTY-OTHER, GREGG",MUNICIPAL,D,GREGG,N,O' THE PINES LAKE/RESERVOIR,50,50,50,50,50,50
504,313,"COUNTY-OTHER, GRIMES",MUNICIPAL,G,GRIMES,N,GULF COAST AQUIFER SYSTEM | GRIMES,1251,1251,1251,1251,1251,1251
505,64,"COUNTY-OTHER, GUADALUPE",MUNICIPAL,L,GUADALUPE,N,CANYON LAKE/RESERVOIR,10,10,10,10,10,10
505,93,"COUNTY-OTHER, GUADALUPE",MUNICIPAL,L,GUADALUPE,N,CARRIZO-WILCOX AQUIFER | GUADALUPE,374,374,374,374,374,374
505,211,"COUNTY-OTHER, GUADALUPE",MUNICIPAL,L,GUADALUPE,N,EDWARDS-BFZ AQUIFER | GUADALUPE,14,14,14,14,14,14
505,661,"COUNTY-OTHER, GUADALUPE",MUNICIPAL,L,GUADALUPE,N,GUADALUPE RUN-OF-RIVER,61,61,61,61,61,61
505,1040,"COUNTY-OTHER, GUADALUPE",MUNICIPAL,L,GUADALUPE,N,TRINITY AQUIFER | GUADALUPE,9,9,9,9,9,9
506,481,"COUNTY-OTHER, HALE",MUNICIPAL,O,HALE,N,OGALLALA AND EDWARDS-TRINITY-HIGH PLAINS AQUIFERS | HALE,497,497,497,497,497,497
507,696,"COUNTY-OTHER, HALL",MUNICIPAL,A,HALL,N,SEYMOUR AQUIFER | HALL,91,85,74,68,61,54
508,778,"COUNTY-OTHER, HAMILTON",MUNICIPAL,G,HAMILTON,N,TRINITY AQUIFER | HAMILTON,450,450,450,450,450,450
509,482,"COUNTY-OTHER, HANSFORD",MUNICIPAL,A,HANSFORD,N,OGALLALA AQUIFER | HANSFORD,129,131,132,134,136,138
510,23,"COUNTY-OTHER, HARDEMAN",MUNICIPAL,B,HARDEMAN,N,BLAINE AQUIFER | HARDEMAN,14,14,14,14,14,14
510,293,"COUNTY-OTHER, HARDEMAN",MUNICIPAL,B,HARDEMAN,N,GREENBELT LAKE/RESERVOIR,1,1,1,1,1,1
510,474,"COUNTY-OTHER, HARDEMAN",MUNICIPAL,B,HARDEMAN,N,OGALLALA AQUIFER | DONLEY,1,1,1,1,1,1
510,697,"COUNTY-OTHER, HARDEMAN",MUNICIPAL,B,HARDEMAN,N,SEYMOUR AQUIFER | HARDEMAN,36,36,36,36,36,36
511,314,"COUNTY-OTHER, HARDIN",MUNICIPAL,I,HARDIN,N,GULF COAST AQUIFER SYSTEM | HARDIN,2121,2121,2121,2121,2121,2121
512,315,"COUNTY-OTHER, HARRIS",MUNICIPAL,H,HARRIS,N,GULF COAST AQUIFER SYSTEM | HARRIS,13948,11136,11799,12201,12415,12505
512,372,"COUNTY-OTHER, HARRIS",MUNICIPAL,H,HARRIS,N,HOUSTON LAKE/RESERVOIR,4136,4136,4136,4136,4136,4136
512,410,"COUNTY-OTHER, HARRIS",MUNICIPAL,H,HARRIS,N,LIVINGSTON-WALLISVILLE LAKE/RESERVOIR SYSTEM,5774,5774,5774,5774,5774,5774
513,91,"COUNTY-OTHER, HARRISON",MUNICIPAL,D,HARRISON,N,CARRIZO-WILCOX AQUIFER | GREGG,15,15,15,15,15,15
513,94,"COUNTY-OTHER, HARRISON",MUNICIPAL,D,HARRISON,N,CARRIZO-WILCOX AQUIFER | HARRISON,1238,1268,1304,1356,1396,1396
513,125,"COUNTY-OTHER, HARRISON",MUNICIPAL,D,HARRISON,N,CARRIZO-WILCOX AQUIFER | UPSHUR,30,30,30,30,30,30
513,457,"COUNTY-OTHER, HARRISON",MUNICIPAL,D,HARRISON,N,O' THE PINES LAKE/RESERVOIR,323,323,323,323,323,323
514,981,"COUNTY-OTHER, HARTLEY",MUNICIPAL,A,HARTLEY,N,OGALLALA AND RITA BLANCA AQUIFERS | HARTLEY,323,304,277,240,199,154
515,55,"COUNTY-OTHER, HASKELL",MUNICIPAL,G,HASKELL,N,BRAZOS RIVER AUTHORITY MAIN STEM LAKE/RESERVOIR SYSTEM,160,160,160,160,160,160
515,430,"COUNTY-OTHER, HASKELL",MUNICIPAL,G,HASKELL,N,MILLERS CREEK LAKE/RESERVOIR,8,5,5,3,0,0
515,698,"COUNTY-OTHER, HASKELL",MUNICIPAL,G,HASKELL,N,SEYMOUR AQUIFER | HASKELL,190,190,190,190,190,190
516,64,"COUNTY-OTHER, HAYS",MUNICIPAL,L,HAYS,Y,CANYON LAKE/RESERVOIR,560,560,560,560,560,560
516,212,"COUNTY-OTHER, HAYS",MUNICIPAL,K,HAYS,Y,EDWARDS-BFZ AQUIFER | HAYS,256,256,256,256,256,256
516,212,"COUNTY-OTHER, HAYS",MUNICIPAL,L,HAYS,Y,EDWARDS-BFZ AQUIFER | HAYS,1371,1371,1371,1371,1371,1371
516,368,"COUNTY-OTHER, HAYS",MUNICIPAL,K,HAYS,Y,HIGHLAND LAKES LAKE/RESERVOIR SYSTEM,2546,2546,2546,2546,2546,2546
516,779,"COUNTY-OTHER, HAYS",MUNICIPAL,K,HAYS,Y,TRINITY AQUIFER | HAYS,2337,2337,2337,2337,2337,2337
516,779,"COUNTY-OTHER, HAYS",MUNICIPAL,L,HAYS,Y,TRINITY AQUIFER | HAYS,1100,1100,1100,1100,1100,1100
517,484,"COUNTY-OTHER, HEMPHILL",MUNICIPAL,A,HEMPHILL,N,OGALLALA AQUIFER | HEMPHILL,118,117,113,112,110,108
518,95,"COUNTY-OTHER, HENDERSON",MUNICIPAL,C,HENDERSON,Y,CARRIZO-WILCOX AQUIFER | HENDERSON,135,135,135,135,135,135
518,545,"COUNTY-OTHER, HENDERSON",MUNICIPAL,I,HENDERSON,Y,OTHER AQUIFER | HENDERSON,539,539,539,539,539,539
518,626,"COUNTY-OTHER, HENDERSON",MUNICIPAL,I,HENDERSON,Y,QUEEN CITY AQUIFER | HENDERSON,660,660,660,660,660,660
518,810,"COUNTY-OTHER, HENDERSON",MUNICIPAL,C,HENDERSON,Y,TRWD LAKE/RESERVOIR SYSTEM,260,294,333,361,385,410
519,6,"COUNTY-OTHER, HIDALGO",MUNICIPAL,M,HIDALGO,N,AMISTAD-FALCON LAKE/RESERVOIR SYSTEM,2024,2024,2024,2024,2024,2024
519,316,"COUNTY-OTHER, HIDALGO",MUNICIPAL,M,HIDALGO,N,GULF COAST AQUIFER SYSTEM | HIDALGO,232,232,232,232,232,232
520,53,"COUNTY-OTHER, HILL",MUNICIPAL,G,HILL,N,BRAZOS RIVER AUTHORITY AQUILLA LAKE/RESERVOIR SYSTEM,31,32,33,34,35,35
520,453,"COUNTY-OTHER, HILL",MUNICIPAL,G,HILL,N,NAVARRO MILLS LAKE/RESERVOIR,99,97,85,71,60,60
520,652,"COUNTY-OTHER, HILL",MUNICIPAL,G,HILL,N,CORSICANA RICHLAND CHAMBERS-HALBERT LAKE/RESERVOIR SYSTEM,20,19,17,14,12,12
520,780,"COUNTY-OTHER, HILL",MUNICIPAL,G,HILL,N,TRINITY AQUIFER | HILL,4,4,4,4,4,4
520,841,"COUNTY-OTHER, HILL",MUNICIPAL,G,HILL,N,WOODBINE AQUIFER | HILL,20,20,20,20,20,20
521,485,"COUNTY-OTHER, HOCKLEY",MUNICIPAL,O,HOCKLEY,N,OGALLALA AND EDWARDS-TRINITY-HIGH PLAINS AQUIFERS | HOCKLEY,866,866,866,866,866,866
522,55,"COUNTY-OTHER, HOOD",MUNICIPAL,G,HOOD,N,BRAZOS RIVER AUTHORITY MAIN STEM LAKE/RESERVOIR SYSTEM,1543,1557,1594,1633,2236,2812
522,781,"COUNTY-OTHER, HOOD",MUNICIPAL,G,HOOD,N,TRINITY AQUIFER | HOOD,16,16,16,16,16,16
523,96,"COUNTY-OTHER, HOPKINS",MUNICIPAL,D,HOPKINS,N,CARRIZO-WILCOX AQUIFER | HOPKINS,797,799,797,792,789,789
523,115,"COUNTY-OTHER, HOPKINS",MUNICIPAL,D,HOPKINS,N,CARRIZO-WILCOX AQUIFER | RAINS,112,112,112,112,112,112
523,131,"COUNTY-OTHER, HOPKINS",MUNICIPAL,D,HOPKINS,N,CARRIZO-WILCOX AQUIFER | WOOD,7,7,7,7,7,7
523,148,"COUNTY-OTHER, HOPKINS",MUNICIPAL,D,HOPKINS,N,CHAPMAN/COOPER LAKE/RESERVOIR NON-SYSTEM PORTION,83,79,24,0,0,0
523,442,"COUNTY-OTHER, HOPKINS",MUNICIPAL,D,HOPKINS,N,NACATOCH AQUIFER | HOPKINS,91,88,87,85,85,85
524,97,"COUNTY-OTHER, HOUSTON",MUNICIPAL,I,HOUSTON,N,CARRIZO-WILCOX AQUIFER | HOUSTON,52,37,27,17,8,0
524,548,"COUNTY-OTHER, HOUSTON",MUNICIPAL,I,HOUSTON,N,OTHER AQUIFER | HOUSTON,0,0,0,0,0,0
524,627,"COUNTY-OTHER, HOUSTON",MUNICIPAL,I,HOUSTON,N,QUEEN CITY AQUIFER | HOUSTON,72,52,37,22,11,0
524,719,"COUNTY-OTHER, HOUSTON",MUNICIPAL,I,HOUSTON,N,SPARTA AQUIFER | HOUSTON,167,119,84,52,24,0
524,860,"COUNTY-OTHER, HOUSTON",MUNICIPAL,I,HOUSTON,N,YEGUA-JACKSON AQUIFER | HOUSTON,370,324,229,140,66,1
525,184,"COUNTY-OTHER, HOWARD",MUNICIPAL,F,HOWARD,N,DOCKUM AQUIFER | HOWARD,77,77,77,77,77,77
525,233,"COUNTY-OTHER, HOWARD",MUNICIPAL,F,HOWARD,N,EDWARDS-TRINITY-PLATEAU AQUIFER | HOWARD,150,150,150,150,150,150
525,486,"COUNTY-OTHER, HOWARD",MUNICIPAL,F,HOWARD,N,OGALLALA AND EDWARDS-TRINITY-HIGH PLAINS AQUIFERS | HOWARD,796,824,842,816,788,757
526,35,"COUNTY-OTHER, HUDSPETH",MUNICIPAL,E,HUDSPETH,N,BONE SPRING-VICTORIO PEAK AQUIFER | HUDSPETH,42,42,42,42,42,42
526,376,"COUNTY-OTHER, HUDSPETH",MUNICIPAL,E,HUDSPETH,N,HUECO-MESILLA BOLSON AQUIFER | HUDSPETH,14,14,14,14,14,14
526,549,"COUNTY-OTHER, HUDSPETH",MUNICIPAL,E,HUDSPETH,N,OTHER AQUIFER | HUDSPETH,179,179,179,179,179,179
527,148,"COUNTY-OTHER, HUNT",MUNICIPAL,D,HUNT,N,CHAPMAN/COOPER LAKE/RESERVOIR NON-SYSTEM PORTION,4,6,8,12,19,21
527,279,"COUNTY-OTHER, HUNT",MUNICIPAL,D,HUNT,N,FORK LAKE/RESERVOIR,138,143,143,134,122,103
527,443,"COUNTY-OTHER, HUNT",MUNICIPAL,D,HUNT,N,NACATOCH AQUIFER | HUNT,457,457,458,458,458,458
527,738,"COUNTY-OTHER, HUNT",MUNICIPAL,D,HUNT,N,TAWAKONI LAKE/RESERVOIR,944,949,948,941,928,837
527,782,"COUNTY-OTHER, HUNT",MUNICIPAL,D,HUNT,N,TRINITY AQUIFER | HUNT,3,3,3,3,3,3
527,842,"COUNTY-OTHER, HUNT",MUNICIPAL,D,HUNT,N,WOODBINE AQUIFER | HUNT,39,34,29,19,15,15
528,487,"COUNTY-OTHER, HUTCHINSON",MUNICIPAL,A,HUTCHINSON,N,OGALLALA AQUIFER | HUTCHINSON,197,219,216,203,180,147
529,234,"COUNTY-OTHER, IRION",MUNICIPAL,F,IRION,N,"EDWARDS-TRINITY-PLATEAU, PECOS VALLEY, AND TRINITY AQUIFERS | IRION",90,84,81,76,71,64
530,290,"COUNTY-OTHER, JACK",MUNICIPAL,C,JACK,N,GRAHAM/EDDLEMAN LAKE/RESERVOIR,43,38,34,30,30,27
530,1071,"COUNTY-OTHER, JACK",MUNICIPAL,C,JACK,N,CROSS TIMBERS AQUIFER | JACK,443,423,395,378,356,338
531,317,"COUNTY-OTHER, JACKSON",MUNICIPAL,P,JACKSON,N,GULF COAST AQUIFER SYSTEM | JACKSON,1077,1077,1077,1077,1077,1077
532,318,"COUNTY-OTHER, JASPER",MUNICIPAL,I,JASPER,N,GULF COAST AQUIFER SYSTEM | JASPER,1205,1122,1021,924,821,709
533,379,"COUNTY-OTHER, JEFF DAVIS",MUNICIPAL,E,JEFF DAVIS,N,IGNEOUS AQUIFER | JEFF DAVIS,233,233,233,233,233,233
534,319,"COUNTY-OTHER, JEFFERSON",MUNICIPAL,I,JEFFERSON,N,GULF COAST AQUIFER SYSTEM | JEFFERSON,2104,2104,2104,2104,2104,2104
534,663,"COUNTY-OTHER, JEFFERSON",MUNICIPAL,I,JEFFERSON,N,NECHES RUN-OF-RIVER,924,924,924,924,924,924
534,683,"COUNTY-OTHER, JEFFERSON",MUNICIPAL,I,JEFFERSON,N,SAM RAYBURN-STEINHAGEN LAKE/RESERVOIR SYSTEM,110,110,110,110,110,110
535,320,"COUNTY-OTHER, JIM HOGG",MUNICIPAL,M,JIM HOGG,N,GULF COAST AQUIFER SYSTEM | JIM HOGG,153,153,153,153,153,153
536,321,"COUNTY-OTHER, JIM WELLS",MUNICIPAL,N,JIM WELLS,N,GULF COAST AQUIFER SYSTEM | JIM WELLS,35,35,35,35,35,35
537,279,"COUNTY-OTHER, JOHNSON",MUNICIPAL,G,JOHNSON,N,FORK LAKE/RESERVOIR,63,125,121,120,118,116
537,390,"COUNTY-OTHER, JOHNSON",MUNICIPAL,G,JOHNSON,N,TRINITY INDIRECT REUSE,65,143,158,157,157,158
537,648,"COUNTY-OTHER, JOHNSON",MUNICIPAL,G,JOHNSON,N,RAY HUBBARD LAKE/RESERVOIR,66,123,115,108,102,96
537,650,"COUNTY-OTHER, JOHNSON",MUNICIPAL,G,JOHNSON,N,RAY ROBERTS-LEWISVILLE-GRAPEVINE LAKE/RESERVOIR SYSTEM,160,288,256,245,234,227
537,738,"COUNTY-OTHER, JOHNSON",MUNICIPAL,G,JOHNSON,N,TAWAKONI LAKE/RESERVOIR,265,502,471,447,424,404
537,784,"COUNTY-OTHER, JOHNSON",MUNICIPAL,G,JOHNSON,N,TRINITY AQUIFER | JOHNSON,7,7,7,7,7,7
537,810,"COUNTY-OTHER, JOHNSON",MUNICIPAL,G,JOHNSON,N,TRWD LAKE/RESERVOIR SYSTEM,616,616,616,616,616,616
538,55,"COUNTY-OTHER, JONES",MUNICIPAL,G,JONES,N,BRAZOS RIVER AUTHORITY MAIN STEM LAKE/RESERVOIR SYSTEM,89,89,89,89,89,89
538,699,"COUNTY-OTHER, JONES",MUNICIPAL,G,JONES,N,SEYMOUR AQUIFER | JONES,201,201,201,201,201,201
539,322,"COUNTY-OTHER, KARNES",MUNICIPAL,L,KARNES,N,GULF COAST AQUIFER SYSTEM | KARNES,316,316,316,316,316,316
539,1058,"COUNTY-OTHER, KARNES",MUNICIPAL,L,KARNES,N,YEGUA-JACKSON AQUIFER | KARNES,51,51,51,51,51,51
540,390,"COUNTY-OTHER, KAUFMAN",MUNICIPAL,C,KAUFMAN,N,TRINITY INDIRECT REUSE,465,472,552,587,716,793
540,738,"COUNTY-OTHER, KAUFMAN",MUNICIPAL,C,KAUFMAN,N,TAWAKONI LAKE/RESERVOIR,28,28,33,35,42,46
540,810,"COUNTY-OTHER, KAUFMAN",MUNICIPAL,C,KAUFMAN,N,TRWD LAKE/RESERVOIR SYSTEM,86,76,71,64,60,56
540,1068,"COUNTY-OTHER, KAUFMAN",MUNICIPAL,C,KAUFMAN,N,NORTH TEXAS MWD LAKE/RESERVOIR SYSTEM,773,748,842,862,1007,1072
541,64,"COUNTY-OTHER, KENDALL",MUNICIPAL,L,KENDALL,N,CANYON LAKE/RESERVOIR,2250,750,750,750,750,750
541,236,"COUNTY-OTHER, KENDALL",MUNICIPAL,L,KENDALL,N,EDWARDS-TRINITY-PLATEAU AQUIFER | KENDALL,55,55,55,55,55,55
541,786,"COUNTY-OTHER, KENDALL",MUNICIPAL,L,KENDALL,N,TRINITY AQUIFER | KENDALL,3289,3289,3289,3289,3289,3289
542,323,"COUNTY-OTHER, KENEDY",MUNICIPAL,N,KENEDY,N,GULF COAST AQUIFER SYSTEM | KENEDY,175,160,148,139,130,121
543,700,"COUNTY-OTHER, KENT",MUNICIPAL,G,KENT,N,SEYMOUR AQUIFER | KENT,15,15,15,15,15,15
544,237,"COUNTY-OTHER, KERR",MUNICIPAL,J,KERR,N,EDWARDS-TRINITY-PLATEAU AQUIFER | KERR,417,417,417,417,417,417
544,661,"COUNTY-OTHER, KERR",MUNICIPAL,J,KERR,N,GUADALUPE RUN-OF-RIVER,16,16,16,16,16,16
544,787,"COUNTY-OTHER, KERR",MUNICIPAL,J,KERR,N,TRINITY AQUIFER | KERR,5176,5176,5176,5176,5176,5176
545,238,"COUNTY-OTHER, KIMBLE",MUNICIPAL,F,KIMBLE,N,"EDWARDS-TRINITY-PLATEAU, PECOS VALLEY, AND TRINITY AQUIFERS | KIMBLE",194,169,152,150,146,140
545,964,"COUNTY-OTHER, KIMBLE",MUNICIPAL,F,KIMBLE,N,MARBLE FALLS AQUIFER | KIMBLE,20,20,20,20,20,20
546,24,"COUNTY-OTHER, KING",MUNICIPAL,B,KING,N,BLAINE AQUIFER | KING,15,15,15,15,15,15
547,213,"COUNTY-OTHER, KINNEY",MUNICIPAL,J,KINNEY,N,EDWARDS-BFZ AQUIFER | KINNEY,5,5,5,5,5,5
547,239,"COUNTY-OTHER, KINNEY",MUNICIPAL,J,KINNEY,N,"EDWARDS-TRINITY-PLATEAU, PECOS VALLEY, AND TRINITY AQUIFERS | KINNEY",70,70,70,70,70,70
547,885,"COUNTY-OTHER, KINNEY",MUNICIPAL,J,KINNEY,N,AUSTIN CHALK AQUIFER | KINNEY,65,65,65,65,65,65
548,324,"COUNTY-OTHER, KLEBERG",MUNICIPAL,N,KLEBERG,N,GULF COAST AQUIFER SYSTEM | KLEBERG,208,212,219,230,240,251
549,25,"COUNTY-OTHER, KNOX",MUNICIPAL,G,KNOX,N,BLAINE AQUIFER | KNOX,100,100,100,100,100,100
549,655,"COUNTY-OTHER, KNOX",MUNICIPAL,G,KNOX,N,BRAZOS RUN-OF-RIVER,34,34,34,34,34,34
550,604,"COUNTY-OTHER, LAMAR",MUNICIPAL,D,LAMAR,N,PAT MAYSE LAKE/RESERVOIR,280,285,283,281,279,279
550,788,"COUNTY-OTHER, LAMAR",MUNICIPAL,D,LAMAR,N,TRINITY AQUIFER | LAMAR,1,1,1,1,1,1
551,488,"COUNTY-OTHER, LAMB",MUNICIPAL,O,LAMB,N,OGALLALA AND EDWARDS-TRINITY-HIGH PLAINS AQUIFERS | LAMB,447,447,447,447,447,447
552,54,"COUNTY-OTHER, LAMPASAS",MUNICIPAL,G,LAMPASAS,N,BRAZOS RIVER AUTHORITY LITTLE RIVER LAKE/RESERVOIR SYSTEM,209,225,240,254,267,267
552,420,"COUNTY-OTHER, LAMPASAS",MUNICIPAL,G,LAMPASAS,N,MARBLE FALLS AQUIFER | LAMPASAS,6,6,6,6,6,6
552,789,"COUNTY-OTHER, LAMPASAS",MUNICIPAL,G,LAMPASAS,N,TRINITY AQUIFER | LAMPASAS,5,5,5,5,5,5
553,100,"COUNTY-OTHER, LA SALLE",MUNICIPAL,L,LA SALLE,N,CARRIZO-WILCOX AQUIFER | LA SALLE,260,260,260,260,260,260
554,325,"COUNTY-OTHER, LAVACA",MUNICIPAL,P,LAVACA,N,GULF COAST AQUIFER SYSTEM | LAVACA,1960,1960,1960,1960,1960,1960
555,101,"COUNTY-OTHER, LEE",MUNICIPAL,G,LEE,N,CARRIZO-WILCOX AQUIFER | LEE,156,156,156,156,156,156
556,102,"COUNTY-OTHER, LEON",MUNICIPAL,H,LEON,N,CARRIZO-WILCOX AQUIFER | LEON,259,217,167,139,105,65
556,630,"COUNTY-OTHER, LEON",MUNICIPAL,H,LEON,N,QUEEN CITY AQUIFER | LEON,59,49,38,32,24,15
556,722,"COUNTY-OTHER, LEON",MUNICIPAL,H,LEON,N,SPARTA AQUIFER | LEON,12,10,8,7,5,3
557,326,"COUNTY-OTHER, LIBERTY",MUNICIPAL,H,LIBERTY,N,GULF COAST AQUIFER SYSTEM | LIBERTY,6485,8690,11358,14250,17093,20139
558,103,"COUNTY-OTHER, LIMESTONE",MUNICIPAL,G,LIMESTONE,N,CARRIZO-WILCOX AQUIFER | LIMESTONE,39,43,48,53,59,59
558,428,"COUNTY-OTHER, LIMESTONE",MUNICIPAL,G,LIMESTONE,N,MEXIA LAKE/RESERVOIR,241,239,236,232,226,220
559,489,"COUNTY-OTHER, LIPSCOMB",MUNICIPAL,A,LIPSCOMB,N,OGALLALA AQUIFER | LIPSCOMB,183,180,173,168,160,151
560,327,"COUNTY-OTHER, LIVE OAK",MUNICIPAL,N,LIVE OAK,N,GULF COAST AQUIFER SYSTEM | LIVE OAK,441,441,441,441,441,441
561,266,"COUNTY-OTHER, LLANO",MUNICIPAL,K,LLANO,N,ELLENBURGER-SAN SABA AQUIFER | LLANO,44,44,44,44,44,44
561,362,"COUNTY-OTHER, LLANO",MUNICIPAL,K,LLANO,N,HICKORY AQUIFER | LLANO,139,139,139,139,139,139
561,368,"COUNTY-OTHER, LLANO",MUNICIPAL,K,LLANO,N,HIGHLAND LAKES LAKE/RESERVOIR SYSTEM,532,429,324,261,185,96
561,557,"COUNTY-OTHER, LLANO",MUNICIPAL,K,LLANO,N,OTHER AQUIFER | LLANO,403,403,403,403,403,403
562,141,"COUNTY-OTHER, LOVING",MUNICIPAL,F,LOVING,N,EDWARDS-TRINITY-PLATEAU AND PECOS VALLEY AQUIFERS | LOVING,8,7,7,7,7,7
563,2,"COUNTY-OTHER, LUBBOCK",MUNICIPAL,O,LUBBOCK,N,ALAN HENRY LAKE/RESERVOIR,202,202,202,202,400,400
563,462,"COUNTY-OTHER, LUBBOCK",MUNICIPAL,O,LUBBOCK,N,OGALLALA AND EDWARDS-TRINITY-HIGH PLAINS AQUIFERS | BAILEY,202,202,202,202,0,0
563,488,"COUNTY-OTHER, LUBBOCK",MUNICIPAL,O,LUBBOCK,N,OGALLALA AND EDWARDS-TRINITY-HIGH PLAINS AQUIFERS | LAMB,202,202,202,202,0,0
563,490,"COUNTY-OTHER, LUBBOCK",MUNICIPAL,O,LUBBOCK,N,OGALLALA AND EDWARDS-TRINITY-HIGH PLAINS AQUIFERS | LUBBOCK,6000,6000,6000,6000,6000,6000
563,501,"COUNTY-OTHER, LUBBOCK",MUNICIPAL,O,LUBBOCK,N,OGALLALA AQUIFER | ROBERTS,200,200,200,200,200,200
564,491,"COUNTY-OTHER, LYNN",MUNICIPAL,O,LYNN,N,OGALLALA AND EDWARDS-TRINITY-HIGH PLAINS AQUIFERS | LYNN,297,297,297,297,297,297
565,364,"COUNTY-OTHER, MCCULLOCH",MUNICIPAL,F,MCCULLOCH,N,HICKORY AQUIFER | MCCULLOCH,110,97,82,71,58,41
565,560,"COUNTY-OTHER, MCCULLOCH",MUNICIPAL,F,MCCULLOCH,N,OTHER AQUIFER | MCCULLOCH,50,50,50,50,50,50
566,791,"COUNTY-OTHER, MCLENNAN",MUNICIPAL,G,MCLENNAN,N,TRINITY AQUIFER | MCLENNAN,531,534,539,544,549,549
567,108,"COUNTY-OTHER, MCMULLEN",MUNICIPAL,N,MCMULLEN,N,CARRIZO-WILCOX AQUIFER | MCMULLEN,60,55,53,49,45,41
567,169,"COUNTY-OTHER, MCMULLEN",MUNICIPAL,N,MCMULLEN,N,DIRECT REUSE,1,1,1,1,1,1
568,631,"COUNTY-OTHER, MADISON",MUNICIPAL,H,MADISON,N,QUEEN CITY AQUIFER | MADISON,49,52,53,55,57,60
568,1061,"COUNTY-OTHER, MADISON",MUNICIPAL,H,MADISON,N,YEGUA-JACKSON AQUIFER | MADISON,486,514,527,549,570,591
569,106,"COUNTY-OTHER, MARION",MUNICIPAL,D,MARION,N,CARRIZO-WILCOX AQUIFER | MARION,451,451,451,451,451,451
569,125,"COUNTY-OTHER, MARION",MUNICIPAL,D,MARION,N,CARRIZO-WILCOX AQUIFER | UPSHUR,35,35,35,35,35,35
569,457,"COUNTY-OTHER, MARION",MUNICIPAL,D,MARION,N,O' THE PINES LAKE/RESERVOIR,169,169,169,169,169,169
570,492,"COUNTY-OTHER, MARTIN",MUNICIPAL,F,MARTIN,N,OGALLALA AND EDWARDS-TRINITY-HIGH PLAINS AQUIFERS | MARTIN,359,367,379,362,342,319
571,267,"COUNTY-OTHER, MASON",MUNICIPAL,F,MASON,N,ELLENBURGER-SAN SABA AQUIFER | MASON,15,15,15,15,15,15
571,363,"COUNTY-OTHER, MASON",MUNICIPAL,F,MASON,N,HICKORY AQUIFER | MASON,154,125,106,104,102,100
571,1114,"COUNTY-OTHER, MASON",MUNICIPAL,F,MASON,N,OTHER AQUIFER | MASON,25,25,25,25,25,25
572,328,"COUNTY-OTHER, MATAGORDA",MUNICIPAL,K,MATAGORDA,N,GULF COAST AQUIFER SYSTEM | MATAGORDA,1292,1292,1292,1292,1292,1292
573,6,"COUNTY-OTHER, MAVERICK",MUNICIPAL,M,MAVERICK,N,AMISTAD-FALCON LAKE/RESERVOIR SYSTEM,176,176,176,176,176,176
573,107,"COUNTY-OTHER, MAVERICK",MUNICIPAL,M,MAVERICK,N,CARRIZO-WILCOX AQUIFER | MAVERICK,5,5,5,5,5,5
574,109,"COUNTY-OTHER, MEDINA",MUNICIPAL,L,MEDINA,N,CARRIZO-WILCOX AQUIFER | MEDINA,315,315,315,315,315,315
574,214,"COUNTY-OTHER, MEDINA",MUNICIPAL,L,MEDINA,N,EDWARDS-BFZ AQUIFER | MEDINA,1667,1667,1667,1667,1667,1667
574,792,"COUNTY-OTHER, MEDINA",MUNICIPAL,L,MEDINA,N,TRINITY AQUIFER | MEDINA,202,202,202,202,202,202
574,958,"COUNTY-OTHER, MEDINA",MUNICIPAL,L,MEDINA,N,LEONA GRAVEL AQUIFER | MEDINA,250,250,250,250,250,250
575,243,"COUNTY-OTHER, MENARD",MUNICIPAL,F,MENARD,N,"EDWARDS-TRINITY-PLATEAU, PECOS VALLEY, AND TRINITY AQUIFERS | MENARD",71,66,63,63,62,61
575,269,"COUNTY-OTHER, MENARD",MUNICIPAL,F,MENARD,N,ELLENBURGER-SAN SABA AQUIFER | MENARD,5,4,2,1,1,1
576,244,"COUNTY-OTHER, MIDLAND",MUNICIPAL,F,MIDLAND,N,"EDWARDS-TRINITY-PLATEAU, PECOS VALLEY, AND TRINITY AQUIFERS | MIDLAND",2342,2524,2656,2916,3198,3470
576,493,"COUNTY-OTHER, MIDLAND",MUNICIPAL,F,MIDLAND,N,OGALLALA AQUIFER | MIDLAND,3416,4323,5059,4202,3016,1464
577,3,"COUNTY-OTHER, MILAM",MUNICIPAL,G,MILAM,N,ALCOA LAKE/RESERVOIR,14000,14000,14000,14000,14000,14000
577,49,"COUNTY-OTHER, MILAM",MUNICIPAL,G,MILAM,N,BRAZOS RIVER ALLUVIUM AQUIFER | MILAM,160,160,160,160,160,160
577,54,"COUNTY-OTHER, MILAM",MUNICIPAL,G,MILAM,N,BRAZOS RIVER AUTHORITY LITTLE RIVER LAKE/RESERVOIR SYSTEM,4350,4324,4298,4271,4245,4219
577,110,"COUNTY-OTHER, MILAM",MUNICIPAL,G,MILAM,N,CARRIZO-WILCOX AQUIFER | MILAM,7564,8614,9435,10491,11770,11770
577,755,"COUNTY-OTHER, MILAM",MUNICIPAL,G,MILAM,N,TRINITY AQUIFER | BELL,61,61,61,61,61,61
578,270,"COUNTY-OTHER, MILLS",MUNICIPAL,K,MILLS,N,ELLENBURGER-SAN SABA AQUIFER | MILLS,56,56,56,56,56,56
578,794,"COUNTY-OTHER, MILLS",MUNICIPAL,K,MILLS,N,TRINITY AQUIFER | MILLS,267,267,267,267,267,267
579,188,"COUNTY-OTHER, MITCHELL",MUNICIPAL,F,MITCHELL,N,DOCKUM AQUIFER | MITCHELL,159,177,217,224,232,241
580,7,"COUNTY-OTHER, MONTAGUE",MUNICIPAL,B,MONTAGUE,N,AMON G. CARTER LAKE/RESERVOIR,157,181,205,230,255,279
580,795,"COUNTY-OTHER, MONTAGUE",MUNICIPAL,B,MONTAGUE,N,TRINITY AQUIFER | MONTAGUE,200,200,200,200,200,200
580,1095,"COUNTY-OTHER, MONTAGUE",MUNICIPAL,B,MONTAGUE,N,CROSS TIMBERS AQUIFER | MONTAGUE,700,700,700,700,700,700
581,169,"COUNTY-OTHER, MONTGOMERY",MUNICIPAL,H,MONTGOMERY,N,DIRECT REUSE,9,9,9,9,9,9
581,330,"COUNTY-OTHER, MONTGOMERY",MUNICIPAL,H,MONTGOMERY,N,GULF COAST AQUIFER SYSTEM | MONTGOMERY,24803,27435,29555,30742,31633,31521
582,494,"COUNTY-OTHER, MOORE",MUNICIPAL,A,MOORE,N,OGALLALA AQUIFER | MOORE,216,234,241,237,229,221
582,981,"COUNTY-OTHER, MOORE",MUNICIPAL,A,MOORE,N,OGALLALA AND RITA BLANCA AQUIFERS | HARTLEY,45,23,14,10,9,8
583,111,"COUNTY-OTHER, MORRIS",MUNICIPAL,D,MORRIS,N,CARRIZO-WILCOX AQUIFER | MORRIS,540,540,540,540,540,540
584,564,"COUNTY-OTHER, MOTLEY",MUNICIPAL,O,MOTLEY,N,OTHER AQUIFER | MOTLEY,75,75,75,75,75,75
584,702,"COUNTY-OTHER, MOTLEY",MUNICIPAL,O,MOTLEY,N,SEYMOUR AQUIFER | MOTLEY,35,35,35,35,35,35
585,112,"COUNTY-OTHER, NACOGDOCHES",MUNICIPAL,I,NACOGDOCHES,N,CARRIZO-WILCOX AQUIFER | NACOGDOCHES,75,89,107,137,167,196
585,451,"COUNTY-OTHER, NACOGDOCHES",MUNICIPAL,I,NACOGDOCHES,N,NACOGDOCHES LAKE/RESERVOIR,46,46,45,45,45,44
585,565,"COUNTY-OTHER, NACOGDOCHES",MUNICIPAL,I,NACOGDOCHES,N,OTHER AQUIFER | NACOGDOCHES,79,79,79,79,79,79
585,636,"COUNTY-OTHER, NACOGDOCHES",MUNICIPAL,I,NACOGDOCHES,N,QUEEN CITY AQUIFER | NACOGDOCHES,221,221,221,221,221,221
585,725,"COUNTY-OTHER, NACOGDOCHES",MUNICIPAL,I,NACOGDOCHES,N,SPARTA AQUIFER | NACOGDOCHES,156,156,156,156,156,156
585,863,"COUNTY-OTHER, NACOGDOCHES",MUNICIPAL,I,NACOGDOCHES,N,YEGUA-JACKSON AQUIFER | NACOGDOCHES,26,26,26,26,26,26
586,453,"COUNTY-OTHER, NAVARRO",MUNICIPAL,C,NAVARRO,N,NAVARRO MILLS LAKE/RESERVOIR,536,544,548,559,588,589
586,652,"COUNTY-OTHER, NAVARRO",MUNICIPAL,C,NAVARRO,N,CORSICANA RICHLAND CHAMBERS-HALBERT LAKE/RESERVOIR SYSTEM,107,109,110,112,118,118
586,675,"COUNTY-OTHER, NAVARRO",MUNICIPAL,C,NAVARRO,N,TRINITY RUN-OF-RIVER,252,252,252,252,252,252
586,810,"COUNTY-OTHER, NAVARRO",MUNICIPAL,C,NAVARRO,N,TRWD LAKE/RESERVOIR SYSTEM,129,114,106,96,90,84
586,1115,"COUNTY-OTHER, NAVARRO",MUNICIPAL,C,NAVARRO,N,OTHER AQUIFER | NAVARRO,200,200,200,200,200,200
587,331,"COUNTY-OTHER, NEWTON",MUNICIPAL,I,NEWTON,N,GULF COAST AQUIFER SYSTEM | NEWTON,693,618,543,474,407,340
588,245,"COUNTY-OTHER, NOLAN",MUNICIPAL,G,NOLAN,N,"EDWARDS-TRINITY-PLATEAU, PECOS VALLEY, AND TRINITY AQUIFERS | NOLAN",139,139,139,139,139,139
589,163,"COUNTY-OTHER, NUECES",MUNICIPAL,N,NUECES,N,CORPUS CHRISTI-CHOKE CANYON LAKE/RESERVOIR SYSTEM,2008,1319,1320,1312,1304,1296
589,658,"COUNTY-OTHER, NUECES",MUNICIPAL,N,NUECES,N,COLORADO RUN-OF-RIVER,366,0,0,0,0,0
589,742,"COUNTY-OTHER, NUECES",MUNICIPAL,N,NUECES,N,TEXANA LAKE/RESERVOIR,233,1320,1321,1313,1305,1297
590,496,"COUNTY-OTHER, OCHILTREE",MUNICIPAL,A,OCHILTREE,N,OGALLALA AQUIFER | OCHILTREE,279,291,300,308,317,325
591,191,"COUNTY-OTHER, OLDHAM",MUNICIPAL,A,OLDHAM,N,DOCKUM AQUIFER | OLDHAM,225,189,148,102,56,11
591,497,"COUNTY-OTHER, OLDHAM",MUNICIPAL,A,OLDHAM,N,OGALLALA AQUIFER | OLDHAM,38,32,26,18,10,2
592,333,"COUNTY-OTHER, ORANGE",MUNICIPAL,I,ORANGE,N,GULF COAST AQUIFER SYSTEM | ORANGE,5220,5220,5220,5220,5220,5220
592,669,"COUNTY-OTHER, ORANGE",MUNICIPAL,I,ORANGE,N,SABINE RUN-OF-RIVER,228,228,228,228,228,228
593,602,"COUNTY-OTHER, PALO PINTO",MUNICIPAL,G,PALO PINTO,N,PALO PINTO LAKE/RESERVOIR,90,90,90,90,90,90
593,940,"COUNTY-OTHER, PALO PINTO",MUNICIPAL,G,PALO PINTO,N,GORDON LAKE/RESERVOIR,0,0,0,0,0,0
593,1076,"COUNTY-OTHER, PALO PINTO",MUNICIPAL,G,PALO PINTO,N,BRA SYSTEM OPERATIONS PERMIT SUPPLY,15,15,15,15,15,13
594,114,"COUNTY-OTHER, PANOLA",MUNICIPAL,I,PANOLA,N,CARRIZO-WILCOX AQUIFER | PANOLA,973,931,877,837,796,754
594,437,"COUNTY-OTHER, PANOLA",MUNICIPAL,I,PANOLA,N,MURVAUL LAKE/RESERVOIR,100,100,100,100,100,100
595,602,"COUNTY-OTHER, PARKER",MUNICIPAL,C,PARKER,N,PALO PINTO LAKE/RESERVOIR,663,663,663,663,663,663
595,798,"COUNTY-OTHER, PARKER",MUNICIPAL,C,PARKER,N,TRINITY AQUIFER | PARKER,5983,5983,5983,5983,5983,5983
595,1072,"COUNTY-OTHER, PARKER",MUNICIPAL,C,PARKER,N,CROSS TIMBERS AQUIFER | PARKER,50,50,50,50,50,50
596,498,"COUNTY-OTHER, PARMER",MUNICIPAL,O,PARMER,N,OGALLALA AND EDWARDS-TRINITY-HIGH PLAINS AQUIFERS | PARMER,484,484,484,484,484,484
597,246,"COUNTY-OTHER, PECOS",MUNICIPAL,F,PECOS,N,"EDWARDS-TRINITY-PLATEAU, PECOS VALLEY, AND TRINITY AQUIFERS | PECOS",314,351,370,349,325,294
598,334,"COUNTY-OTHER, POLK",MUNICIPAL,H,POLK,Y,GULF COAST AQUIFER SYSTEM | POLK,1611,1713,1767,1827,1892,1964
598,334,"COUNTY-OTHER, POLK",MUNICIPAL,I,POLK,Y,GULF COAST AQUIFER SYSTEM | POLK,743,797,840,882,923,957
598,410,"COUNTY-OTHER, POLK",MUNICIPAL,H,POLK,Y,LIVINGSTON-WALLISVILLE LAKE/RESERVOIR SYSTEM,10,10,10,10,10,10
599,193,"COUNTY-OTHER, POTTER",MUNICIPAL,A,POTTER,N,DOCKUM AQUIFER | POTTER,2212,2224,2223,2207,2201,2210
599,499,"COUNTY-OTHER, POTTER",MUNICIPAL,A,POTTER,N,OGALLALA AQUIFER | POTTER,380,383,383,380,379,380
600,380,"COUNTY-OTHER, PRESIDIO",MUNICIPAL,E,PRESIDIO,N,IGNEOUS AQUIFER | PRESIDIO,58,58,58,58,58,58
600,826,"COUNTY-OTHER, PRESIDIO",MUNICIPAL,E,PRESIDIO,N,WEST TEXAS BOLSONS AQUIFER | PRESIDIO,39,39,39,39,39,39
601,96,"COUNTY-OTHER, RAINS",MUNICIPAL,D,RAINS,N,CARRIZO-WILCOX AQUIFER | HOPKINS,113,113,113,113,113,113
601,115,"COUNTY-OTHER, RAINS",MUNICIPAL,D,RAINS,N,CARRIZO-WILCOX AQUIFER | RAINS,217,220,218,215,215,215
601,131,"COUNTY-OTHER, RAINS",MUNICIPAL,D,RAINS,N,CARRIZO-WILCOX AQUIFER | WOOD,7,7,7,7,7,7
601,442,"COUNTY-OTHER, RAINS",MUNICIPAL,D,RAINS,N,NACATOCH AQUIFER | HOPKINS,75,77,76,74,74,74
602,194,"COUNTY-OTHER, RANDALL",MUNICIPAL,A,RANDALL,N,DOCKUM AQUIFER | RANDALL,2018,2270,2515,2751,2987,3222
602,427,"COUNTY-OTHER, RANDALL",MUNICIPAL,A,RANDALL,N,MEREDITH LAKE/RESERVOIR,2,2,1,1,1,1
602,465,"COUNTY-OTHER, RANDALL",MUNICIPAL,A,RANDALL,N,OGALLALA AQUIFER | CARSON,8,6,6,6,6,6
602,499,"COUNTY-OTHER, RANDALL",MUNICIPAL,A,RANDALL,N,OGALLALA AQUIFER | POTTER,1,1,1,1,1,1
602,500,"COUNTY-OTHER, RANDALL",MUNICIPAL,A,RANDALL,N,OGALLALA AQUIFER | RANDALL,3000,3375,3739,4090,4440,4790
602,501,"COUNTY-OTHER, RANDALL",MUNICIPAL,A,RANDALL,N,OGALLALA AQUIFER | ROBERTS,12,10,9,8,8,7
603,247,"COUNTY-OTHER, REAGAN",MUNICIPAL,F,REAGAN,N,"EDWARDS-TRINITY-PLATEAU, PECOS VALLEY, AND TRINITY AQUIFERS | REAGAN",67,67,68,68,68,69
604,248,"COUNTY-OTHER, REAL",MUNICIPAL,J,REAL,N,"EDWARDS-TRINITY-PLATEAU, PECOS VALLEY, AND TRINITY AQUIFERS | REAL",185,185,185,185,185,185
604,665,"COUNTY-OTHER, REAL",MUNICIPAL,J,REAL,N,NUECES RUN-OF-RIVER,0,0,0,0,0,0
604,971,"COUNTY-OTHER, REAL",MUNICIPAL,J,REAL,N,NUECES RIVER ALLUVIUM AQUIFER | REAL,1,1,1,1,1,1
604,1069,"COUNTY-OTHER, REAL",MUNICIPAL,J,REAL,N,FRIO RIVER ALLUVIUM AQUIFER | REAL,352,352,352,352,352,352
605,448,"COUNTY-OTHER, RED RIVER",MUNICIPAL,D,RED RIVER,N,NACATOCH AQUIFER | RED RIVER,55,54,54,54,54,54
605,604,"COUNTY-OTHER, RED RIVER",MUNICIPAL,D,RED RIVER,N,PAT MAYSE LAKE/RESERVOIR,250,247,247,247,247,247
605,800,"COUNTY-OTHER, RED RIVER",MUNICIPAL,D,RED RIVER,N,TRINITY AQUIFER | RED RIVER,23,23,23,23,23,23
605,854,"COUNTY-OTHER, RED RIVER",MUNICIPAL,D,RED RIVER,N,WRIGHT PATMAN LAKE/RESERVOIR,0,0,0,0,0,0
606,668,"COUNTY-OTHER, REEVES",MUNICIPAL,F,REEVES,N,RIO GRANDE RUN-OF-RIVER,19,19,19,19,19,19
606,1001,"COUNTY-OTHER, REEVES",MUNICIPAL,F,REEVES,N,EDWARDS-TRINITY-PLATEAU AND PECOS VALLEY AQUIFERS | REEVES,511,536,564,589,616,644
607,335,"COUNTY-OTHER, REFUGIO",MUNICIPAL,L,REFUGIO,N,GULF COAST AQUIFER SYSTEM | REFUGIO,329,329,329,329,329,329
608,501,"COUNTY-OTHER, ROBERTS",MUNICIPAL,A,ROBERTS,N,OGALLALA AQUIFER | ROBERTS,33,32,31,31,31,31
609,117,"COUNTY-OTHER, ROBERTSON",MUNICIPAL,G,ROBERTSON,N,CARRIZO-WILCOX AQUIFER | ROBERTSON,155,155,155,155,155,155
610,390,"COUNTY-OTHER, ROCKWALL",MUNICIPAL,C,ROCKWALL,N,TRINITY INDIRECT REUSE,139,101,132,137,203,246
610,738,"COUNTY-OTHER, ROCKWALL",MUNICIPAL,C,ROCKWALL,N,TAWAKONI LAKE/RESERVOIR,9,6,8,8,12,14
610,1068,"COUNTY-OTHER, ROCKWALL",MUNICIPAL,C,ROCKWALL,N,NORTH TEXAS MWD LAKE/RESERVOIR SYSTEM,231,160,201,203,285,333
611,507,"COUNTY-OTHER, RUNNELS",MUNICIPAL,F,RUNNELS,N,OH IVIE LAKE/RESERVOIR NON-SYSTEM PORTION,27,23,19,15,12,10
611,575,"COUNTY-OTHER, RUNNELS",MUNICIPAL,F,RUNNELS,N,OTHER AQUIFER | RUNNELS,36,34,31,29,26,22
612,118,"COUNTY-OTHER, RUSK",MUNICIPAL,I,RUSK,N,CARRIZO-WILCOX AQUIFER | RUSK,1463,1463,1463,1463,1463,1463
612,991,"COUNTY-OTHER, RUSK",MUNICIPAL,I,RUSK,N,OTHER AQUIFER | RUSK,85,85,85,85,85,85
613,119,"COUNTY-OTHER, SABINE",MUNICIPAL,I,SABINE,N,CARRIZO-WILCOX AQUIFER | SABINE,74,69,66,63,61,59
613,121,"COUNTY-OTHER, SABINE",MUNICIPAL,I,SABINE,N,CARRIZO-WILCOX AQUIFER | SHELBY,0,0,0,0,0,0
613,576,"COUNTY-OTHER, SABINE",MUNICIPAL,I,SABINE,N,OTHER AQUIFER | SABINE,0,0,0,0,0,0
613,727,"COUNTY-OTHER, SABINE",MUNICIPAL,I,SABINE,N,SPARTA AQUIFER | SABINE,11,9,9,8,8,7
613,748,"COUNTY-OTHER, SABINE",MUNICIPAL,I,SABINE,N,TOLEDO BEND LAKE/RESERVOIR,37,37,37,37,37,37
614,112,"COUNTY-OTHER, SAN AUGUSTINE",MUNICIPAL,I,SAN AUGUSTINE,N,CARRIZO-WILCOX AQUIFER | NACOGDOCHES,1,1,1,1,1,1
614,120,"COUNTY-OTHER, SAN AUGUSTINE",MUNICIPAL,I,SAN AUGUSTINE,N,CARRIZO-WILCOX AQUIFER | SAN AUGUSTINE,110,113,115,115,117,119
614,577,"COUNTY-OTHER, SAN AUGUSTINE",MUNICIPAL,I,SAN AUGUSTINE,N,OTHER AQUIFER | SAN AUGUSTINE,196,200,199,211,218,215
614,684,"COUNTY-OTHER, SAN AUGUSTINE",MUNICIPAL,I,SAN AUGUSTINE,N,SAN AUGUSTINE LAKE/RESERVOIR,65,65,65,65,65,65
614,728,"COUNTY-OTHER, SAN AUGUSTINE",MUNICIPAL,I,SAN AUGUSTINE,N,SPARTA AQUIFER | SAN AUGUSTINE,83,83,83,83,83,83
614,866,"COUNTY-OTHER, SAN AUGUSTINE",MUNICIPAL,I,SAN AUGUSTINE,N,YEGUA-JACKSON AQUIFER | SAN AUGUSTINE,230,230,230,230,230,230
615,337,"COUNTY-OTHER, SAN JACINTO",MUNICIPAL,H,SAN JACINTO,N,GULF COAST AQUIFER SYSTEM | SAN JACINTO,1228,1212,1178,1147,1111,1069
616,163,"COUNTY-OTHER, SAN PATRICIO",MUNICIPAL,N,SAN PATRICIO,N,CORPUS CHRISTI-CHOKE CANYON LAKE/RESERVOIR SYSTEM,579,639,588,402,204,76
616,338,"COUNTY-OTHER, SAN PATRICIO",MUNICIPAL,N,SAN PATRICIO,N,GULF COAST AQUIFER SYSTEM | SAN PATRICIO,506,506,506,506,506,341
616,742,"COUNTY-OTHER, SAN PATRICIO",MUNICIPAL,N,SAN PATRICIO,N,TEXANA LAKE/RESERVOIR,579,640,589,402,205,76
617,271,"COUNTY-OTHER, SAN SABA",MUNICIPAL,K,SAN SABA,N,ELLENBURGER-SAN SABA AQUIFER | SAN SABA,168,168,168,168,168,168
617,367,"COUNTY-OTHER, SAN SABA",MUNICIPAL,K,SAN SABA,N,HICKORY AQUIFER | SAN SABA,77,77,77,77,77,77
617,368,"COUNTY-OTHER, SAN SABA",MUNICIPAL,K,SAN SABA,N,HIGHLAND LAKES LAKE/RESERVOIR SYSTEM,20,20,20,20,20,20
617,423,"COUNTY-OTHER, SAN SABA",MUNICIPAL,K,SAN SABA,N,MARBLE FALLS AQUIFER | SAN SABA,20,20,20,20,20,20
618,250,"COUNTY-OTHER, SCHLEICHER",MUNICIPAL,F,SCHLEICHER,N,"EDWARDS-TRINITY-PLATEAU, PECOS VALLEY, AND TRINITY AQUIFERS | SCHLEICHER",81,65,50,39,29,19
619,145,"COUNTY-OTHER, SCURRY",MUNICIPAL,F,SCURRY,N,EDWARDS-TRINITY-PLATEAU AND PECOS VALLEY AQUIFERS | WARD,63,59,51,44,40,37
619,158,"COUNTY-OTHER, SCURRY",MUNICIPAL,F,SCURRY,N,COLORADO RIVER MWD LAKE/RESERVOIR SYSTEM,22,20,18,17,16,15
619,169,"COUNTY-OTHER, SCURRY",MUNICIPAL,F,SCURRY,N,DIRECT REUSE,3,3,3,3,2,2
619,197,"COUNTY-OTHER, SCURRY",MUNICIPAL,F,SCURRY,N,DOCKUM AQUIFER | SCURRY,496,536,565,577,587,595
619,492,"COUNTY-OTHER, SCURRY",MUNICIPAL,F,SCURRY,N,OGALLALA AND EDWARDS-TRINITY-HIGH PLAINS AQUIFERS | MARTIN,2,1,1,1,1,1
619,578,"COUNTY-OTHER, SCURRY",MUNICIPAL,F,SCURRY,N,OTHER AQUIFER | SCURRY,37,37,37,37,37,37
620,579,"COUNTY-OTHER, SHACKELFORD",MUNICIPAL,G,SHACKELFORD,N,OTHER AQUIFER | SHACKELFORD,25,25,25,25,25,25
621,121,"COUNTY-OTHER, SHELBY",MUNICIPAL,I,SHELBY,N,CARRIZO-WILCOX AQUIFER | SHELBY,512,512,494,474,447,413
621,147,"COUNTY-OTHER, SHELBY",MUNICIPAL,I,SHELBY,N,CENTER LAKE/RESERVOIR,116,117,114,112,108,103
621,607,"COUNTY-OTHER, SHELBY",MUNICIPAL,I,SHELBY,N,PINKSTON LAKE/RESERVOIR,840,839,820,797,767,730
621,747,"COUNTY-OTHER, SHELBY",MUNICIPAL,I,SHELBY,N,TIMPSON LAKE/RESERVOIR,350,350,350,350,350,350
621,748,"COUNTY-OTHER, SHELBY",MUNICIPAL,I,SHELBY,N,TOLEDO BEND LAKE/RESERVOIR,100,95,90,82,75,68
622,502,"COUNTY-OTHER, SHERMAN",MUNICIPAL,A,SHERMAN,N,OGALLALA AQUIFER | SHERMAN,116,113,109,105,101,96
623,122,"COUNTY-OTHER, SMITH",MUNICIPAL,D,SMITH,Y,CARRIZO-WILCOX AQUIFER | SMITH,308,284,269,247,225,203
623,122,"COUNTY-OTHER, SMITH",MUNICIPAL,I,SMITH,Y,CARRIZO-WILCOX AQUIFER | SMITH,607,607,607,607,607,607
623,288,"COUNTY-OTHER, SMITH",MUNICIPAL,D,SMITH,Y,GLADEWATER LAKE/RESERVOIR,23,23,23,23,23,23
623,600,"COUNTY-OTHER, SMITH",MUNICIPAL,I,SMITH,Y,PALESTINE LAKE/RESERVOIR,121,121,122,122,123,123
623,639,"COUNTY-OTHER, SMITH",MUNICIPAL,I,SMITH,Y,QUEEN CITY AQUIFER | SMITH,19,19,19,19,19,19
623,815,"COUNTY-OTHER, SMITH",MUNICIPAL,I,SMITH,Y,TYLER LAKE/RESERVOIR,118,118,117,117,116,116
624,655,"COUNTY-OTHER, SOMERVELL",MUNICIPAL,G,SOMERVELL,N,BRAZOS RUN-OF-RIVER,0,0,0,0,0,0
624,802,"COUNTY-OTHER, SOMERVELL",MUNICIPAL,G,SOMERVELL,N,TRINITY AQUIFER | SOMERVELL,412,412,412,412,412,412
625,339,"COUNTY-OTHER, STARR",MUNICIPAL,M,STARR,N,GULF COAST AQUIFER SYSTEM | STARR,288,288,288,288,288,288
625,867,"COUNTY-OTHER, STARR",MUNICIPAL,M,STARR,N,YEGUA-JACKSON AQUIFER | STARR,33,38,43,48,48,48
626,582,"COUNTY-OTHER, STEPHENS",MUNICIPAL,G,STEPHENS,N,OTHER AQUIFER | STEPHENS,55,55,55,55,55,55
627,251,"COUNTY-OTHER, STERLING",MUNICIPAL,F,STERLING,N,"EDWARDS-TRINITY-PLATEAU, PECOS VALLEY, AND TRINITY AQUIFERS | STERLING",32,35,44,53,61,69
628,27,"COUNTY-OTHER, STONEWALL",MUNICIPAL,G,STONEWALL,N,BLAINE AQUIFER | STONEWALL,70,70,70,70,70,70
629,252,"COUNTY-OTHER, SUTTON",MUNICIPAL,F,SUTTON,N,"EDWARDS-TRINITY-PLATEAU, PECOS VALLEY, AND TRINITY AQUIFERS | SUTTON",121,105,91,81,70,59
630,503,"COUNTY-OTHER, SWISHER",MUNICIPAL,O,SWISHER,N,OGALLALA AND EDWARDS-TRINITY-HIGH PLAINS AQUIFERS | SWISHER,307,307,307,307,307,307
631,169,"COUNTY-OTHER, TARRANT",MUNICIPAL,C,TARRANT,N,DIRECT REUSE,150,150,150,150,150,150
631,279,"COUNTY-OTHER, TARRANT",MUNICIPAL,C,TARRANT,N,FORK LAKE/RESERVOIR,126,124,121,119,117,115
631,390,"COUNTY-OTHER, TARRANT",MUNICIPAL,C,TARRANT,N,TRINITY INDIRECT REUSE,129,142,157,156,155,157
631,648,"COUNTY-OTHER, TARRANT",MUNICIPAL,C,TARRANT,N,RAY HUBBARD LAKE/RESERVOIR,131,123,114,107,101,95
631,650,"COUNTY-OTHER, TARRANT",MUNICIPAL,C,TARRANT,N,RAY ROBERTS-LEWISVILLE-GRAPEVINE LAKE/RESERVOIR SYSTEM,316,285,253,243,233,226
631,738,"COUNTY-OTHER, TARRANT",MUNICIPAL,C,TARRANT,N,TAWAKONI LAKE/RESERVOIR,527,498,468,444,421,401
631,803,"COUNTY-OTHER, TARRANT",MUNICIPAL,C,TARRANT,N,TRINITY AQUIFER | TARRANT,768,768,768,768,768,768
631,810,"COUNTY-OTHER, TARRANT",MUNICIPAL,C,TARRANT,N,TRWD LAKE/RESERVOIR SYSTEM,3837,2983,5151,6471,8579,8626
632,55,"COUNTY-OTHER, TAYLOR",MUNICIPAL,G,TAYLOR,N,BRAZOS RIVER AUTHORITY MAIN STEM LAKE/RESERVOIR SYSTEM,0,0,0,0,1,1
632,190,"COUNTY-OTHER, TAYLOR",MUNICIPAL,G,TAYLOR,N,DOCKUM AQUIFER | NOLAN,187,187,187,187,187,187
632,507,"COUNTY-OTHER, TAYLOR",MUNICIPAL,G,TAYLOR,N,OH IVIE LAKE/RESERVOIR NON-SYSTEM PORTION,165,90,23,0,0,0
632,963,"COUNTY-OTHER, TAYLOR",MUNICIPAL,G,TAYLOR,N,LYTLE LAKE/RESERVOIR,184,138,92,46,0,0
633,254,"COUNTY-OTHER, TERRELL",MUNICIPAL,E,TERRELL,N,"EDWARDS-TRINITY-PLATEAU, PECOS VALLEY, AND TRINITY AQUIFERS | TERRELL",43,43,43,43,43,43
634,504,"COUNTY-OTHER, TERRY",MUNICIPAL,O,TERRY,N,OGALLALA AND EDWARDS-TRINITY-HIGH PLAINS AQUIFERS | TERRY,363,363,363,363,363,363
635,55,"COUNTY-OTHER, THROCKMORTON",MUNICIPAL,G,THROCKMORTON,N,BRAZOS RIVER AUTHORITY MAIN STEM LAKE/RESERVOIR SYSTEM,99,99,99,99,99,99
635,1054,"COUNTY-OTHER, THROCKMORTON",MUNICIPAL,G,THROCKMORTON,N,WOODSON LAKE/RESERVOIR,0,0,0,0,0,0
636,33,"COUNTY-OTHER, TITUS",MUNICIPAL,D,TITUS,N,BOB SANDLIN LAKE/RESERVOIR,687,743,776,810,848,890
636,123,"COUNTY-OTHER, TITUS",MUNICIPAL,D,TITUS,N,CARRIZO-WILCOX AQUIFER | TITUS,870,911,952,939,916,916
636,448,"COUNTY-OTHER, TITUS",MUNICIPAL,D,TITUS,N,NACATOCH AQUIFER | RED RIVER,76,76,76,76,76,76
637,255,"COUNTY-OTHER, TOM GREEN",MUNICIPAL,F,TOM GREEN,N,"EDWARDS-TRINITY-PLATEAU, PECOS VALLEY, AND TRINITY AQUIFERS | TOM GREEN",360,361,360,360,361,360
637,364,"COUNTY-OTHER, TOM GREEN",MUNICIPAL,F,TOM GREEN,N,HICKORY AQUIFER | MCCULLOCH,106,119,111,109,100,95
637,408,"COUNTY-OTHER, TOM GREEN",MUNICIPAL,F,TOM GREEN,N,LIPAN AQUIFER | TOM GREEN,1210,1571,1899,2213,2543,2888
637,507,"COUNTY-OTHER, TOM GREEN",MUNICIPAL,F,TOM GREEN,N,OH IVIE LAKE/RESERVOIR NON-SYSTEM PORTION,51,45,42,37,34,30
637,658,"COUNTY-OTHER, TOM GREEN",MUNICIPAL,F,TOM GREEN,N,COLORADO RUN-OF-RIVER,6,6,6,3,3,3
638,79,"COUNTY-OTHER, TRAVIS",MUNICIPAL,K,TRAVIS,N,CARRIZO-WILCOX AQUIFER | BURLESON,283,274,265,256,246,246
638,368,"COUNTY-OTHER, TRAVIS",MUNICIPAL,K,TRAVIS,N,HIGHLAND LAKES LAKE/RESERVOIR SYSTEM,9570,9570,9570,9570,9570,9570
638,587,"COUNTY-OTHER, TRAVIS",MUNICIPAL,K,TRAVIS,N,OTHER AQUIFER | TRAVIS,112,112,112,112,112,112
638,805,"COUNTY-OTHER, TRAVIS",MUNICIPAL,K,TRAVIS,N,TRINITY AQUIFER | TRAVIS,4451,4451,4451,4451,4451,4451
639,410,"COUNTY-OTHER, TRINITY",MUNICIPAL,H,TRINITY,Y,LIVINGSTON-WALLISVILLE LAKE/RESERVOIR SYSTEM,511,511,511,511,511,511
639,588,"COUNTY-OTHER, TRINITY",MUNICIPAL,I,TRINITY,Y,OTHER AQUIFER | TRINITY,120,117,115,114,114,114
639,868,"COUNTY-OTHER, TRINITY",MUNICIPAL,H,TRINITY,Y,YEGUA-JACKSON AQUIFER | TRINITY,41,39,36,35,33,31
639,1104,"COUNTY-OTHER, TRINITY",MUNICIPAL,H,TRINITY,Y,GULF COAST AQUIFER SYSTEM | TRINITY,74,69,65,61,58,55
640,341,"COUNTY-OTHER, TYLER",MUNICIPAL,I,TYLER,N,GULF COAST AQUIFER SYSTEM | TYLER,790,670,555,457,353,241
641,16,"COUNTY-OTHER, UPSHUR",MUNICIPAL,D,UPSHUR,N,BIG SANDY CREEK LAKE/RESERVOIR,40,40,40,40,40,40
641,125,"COUNTY-OTHER, UPSHUR",MUNICIPAL,D,UPSHUR,N,CARRIZO-WILCOX AQUIFER | UPSHUR,351,351,351,351,351,351
641,288,"COUNTY-OTHER, UPSHUR",MUNICIPAL,D,UPSHUR,N,GLADEWATER LAKE/RESERVOIR,112,112,112,112,112,112
641,413,"COUNTY-OTHER, UPSHUR",MUNICIPAL,D,UPSHUR,N,LOMA LAKE/RESERVOIR,400,400,400,400,400,400
641,640,"COUNTY-OTHER, UPSHUR",MUNICIPAL,D,UPSHUR,N,QUEEN CITY AQUIFER | UPSHUR,931,1031,1031,1056,1082,1082
642,256,"COUNTY-OTHER, UPTON",MUNICIPAL,F,UPTON,N,"EDWARDS-TRINITY-PLATEAU, PECOS VALLEY, AND TRINITY AQUIFERS | UPTON",108,110,110,106,100,92
643,216,"COUNTY-OTHER, UVALDE",MUNICIPAL,L,UVALDE,N,EDWARDS-BFZ AQUIFER | UVALDE,1672,1672,1672,1672,1672,1672
643,806,"COUNTY-OTHER, UVALDE",MUNICIPAL,L,UVALDE,N,TRINITY AQUIFER | UVALDE,140,140,140,140,140,140
643,889,"COUNTY-OTHER, UVALDE",MUNICIPAL,L,UVALDE,N,BUDA LIMESTONE AQUIFER | UVALDE,525,525,525,525,525,525
643,959,"COUNTY-OTHER, UVALDE",MUNICIPAL,L,UVALDE,N,LEONA GRAVEL AQUIFER | UVALDE,150,150,150,150,150,150
644,258,"COUNTY-OTHER, VAL VERDE",MUNICIPAL,J,VAL VERDE,N,"EDWARDS-TRINITY-PLATEAU, PECOS VALLEY, AND TRINITY AQUIFERS | VAL VERDE",2632,2632,2632,2632,2632,2632
644,668,"COUNTY-OTHER, VAL VERDE",MUNICIPAL,J,VAL VERDE,N,RIO GRANDE RUN-OF-RIVER,360,360,360,360,360,360
645,127,"COUNTY-OTHER, VAN ZANDT",MUNICIPAL,D,VAN ZANDT,N,CARRIZO-WILCOX AQUIFER | VAN ZANDT,2599,2688,2646,2683,2807,2675
645,669,"COUNTY-OTHER, VAN ZANDT",MUNICIPAL,D,VAN ZANDT,N,SABINE RUN-OF-RIVER,170,170,170,170,170,170
646,342,"COUNTY-OTHER, VICTORIA",MUNICIPAL,L,VICTORIA,N,GULF COAST AQUIFER SYSTEM | VICTORIA,2817,2817,2817,2817,2817,2817
647,343,"COUNTY-OTHER, WALKER",MUNICIPAL,H,WALKER,N,GULF COAST AQUIFER SYSTEM | WALKER,1903,1865,1815,1639,1419,1198
647,870,"COUNTY-OTHER, WALKER",MUNICIPAL,H,WALKER,N,YEGUA-JACKSON AQUIFER | WALKER,255,255,255,236,204,173
648,344,"COUNTY-OTHER, WALLER",MUNICIPAL,H,WALLER,N,GULF COAST AQUIFER SYSTEM | WALLER,2341,2341,2341,2341,2341,2341
649,145,"COUNTY-OTHER, WARD",MUNICIPAL,F,WARD,N,EDWARDS-TRINITY-PLATEAU AND PECOS VALLEY AQUIFERS | WARD,158,179,202,223,246,271
649,202,"COUNTY-OTHER, WARD",MUNICIPAL,F,WARD,N,DOCKUM AQUIFER | WARD,15,15,15,15,15,15
650,345,"COUNTY-OTHER, WASHINGTON",MUNICIPAL,G,WASHINGTON,N,GULF COAST AQUIFER SYSTEM | WASHINGTON,1381,1381,1381,1381,1381,1381
651,129,"COUNTY-OTHER, WEBB",MUNICIPAL,M,WEBB,N,CARRIZO-WILCOX AQUIFER | WEBB,20,20,20,20,20,20
651,346,"COUNTY-OTHER, WEBB",MUNICIPAL,M,WEBB,N,GULF COAST AQUIFER SYSTEM | WEBB,146,146,146,146,141,141
651,872,"COUNTY-OTHER, WEBB",MUNICIPAL,M,WEBB,N,YEGUA-JACKSON AQUIFER | WEBB,113,113,113,113,113,113
652,347,"COUNTY-OTHER, WHARTON",MUNICIPAL,K,WHARTON,Y,GULF COAST AQUIFER SYSTEM | WHARTON,2065,2065,2065,2065,2065,2065
652,347,"COUNTY-OTHER, WHARTON",MUNICIPAL,P,WHARTON,Y,GULF COAST AQUIFER SYSTEM | WHARTON,442,442,442,442,442,442
653,505,"COUNTY-OTHER, WHEELER",MUNICIPAL,A,WHEELER,N,OGALLALA AQUIFER | WHEELER,233,223,213,204,194,184
653,592,"COUNTY-OTHER, WHEELER",MUNICIPAL,A,WHEELER,N,OTHER AQUIFER | WHEELER,22,22,22,22,22,22
654,386,"COUNTY-OTHER, WICHITA",MUNICIPAL,B,WICHITA,N,RED INDIRECT REUSE,117,116,116,114,113,113
654,705,"COUNTY-OTHER, WICHITA",MUNICIPAL,B,WICHITA,N,SEYMOUR AQUIFER | WICHITA,90,90,90,90,90,90
654,830,"COUNTY-OTHER, WICHITA",MUNICIPAL,B,WICHITA,N,LITTLE WICHITA RIVER LAKE/RESERVOIR SYSTEM,215,198,183,169,155,141
654,1098,"COUNTY-OTHER, WICHITA",MUNICIPAL,B,WICHITA,N,CROSS TIMBERS AQUIFER | WICHITA,70,70,70,70,70,70
655,667,"COUNTY-OTHER, WILBARGER",MUNICIPAL,B,WILBARGER,N,RED RUN-OF-RIVER,81,81,81,81,81,81
655,706,"COUNTY-OTHER, WILBARGER",MUNICIPAL,B,WILBARGER,N,SEYMOUR AQUIFER | WILBARGER,122,118,115,109,103,98
656,6,"COUNTY-OTHER, WILLACY",MUNICIPAL,M,WILLACY,N,AMISTAD-FALCON LAKE/RESERVOIR SYSTEM,486,486,486,485,485,485
656,348,"COUNTY-OTHER, WILLACY",MUNICIPAL,M,WILLACY,N,GULF COAST AQUIFER SYSTEM | WILLACY,561,561,561,561,561,561
657,54,"COUNTY-OTHER, WILLIAMSON",MUNICIPAL,G,WILLIAMSON,Y,BRAZOS RIVER AUTHORITY LITTLE RIVER LAKE/RESERVOIR SYSTEM,1707,1821,2025,2299,2583,2581
657,208,"COUNTY-OTHER, WILLIAMSON",MUNICIPAL,G,WILLIAMSON,Y,EDWARDS-BFZ AQUIFER | BELL,55,55,55,55,55,55
657,217,"COUNTY-OTHER, WILLIAMSON",MUNICIPAL,G,WILLIAMSON,Y,EDWARDS-BFZ AQUIFER | WILLIAMSON,146,137,133,133,133,133
657,217,"COUNTY-OTHER, WILLIAMSON",MUNICIPAL,K,WILLIAMSON,Y,EDWARDS-BFZ AQUIFER | WILLIAMSON,6,6,6,6,6,6
657,368,"COUNTY-OTHER, WILLIAMSON",MUNICIPAL,G,WILLIAMSON,Y,HIGHLAND LAKES LAKE/RESERVOIR SYSTEM,13,13,13,13,13,13
657,595,"COUNTY-OTHER, WILLIAMSON",MUNICIPAL,G,WILLIAMSON,Y,OTHER AQUIFER | WILLIAMSON,396,396,396,396,396,396
657,658,"COUNTY-OTHER, WILLIAMSON",MUNICIPAL,K,WILLIAMSON,Y,COLORADO RUN-OF-RIVER,0,369,90,206,735,2101
657,807,"COUNTY-OTHER, WILLIAMSON",MUNICIPAL,G,WILLIAMSON,Y,TRINITY AQUIFER | WILLIAMSON,2837,2842,2837,2842,2837,2837
658,130,"COUNTY-OTHER, WILSON",MUNICIPAL,L,WILSON,N,CARRIZO-WILCOX AQUIFER | WILSON,1476,1476,1476,1476,1476,1476
659,203,"COUNTY-OTHER, WINKLER",MUNICIPAL,F,WINKLER,N,DOCKUM AQUIFER | WINKLER,116,115,113,112,111,110
660,808,"COUNTY-OTHER, WISE",MUNICIPAL,C,WISE,N,TRINITY AQUIFER | WISE,2584,2584,2584,2584,2584,2584
660,810,"COUNTY-OTHER, WISE",MUNICIPAL,C,WISE,N,TRWD LAKE/RESERVOIR SYSTEM,203,190,177,160,150,140
661,125,"COUNTY-OTHER, WOOD",MUNICIPAL,D,WOOD,N,CARRIZO-WILCOX AQUIFER | UPSHUR,2,2,2,2,2,2
661,131,"COUNTY-OTHER, WOOD",MUNICIPAL,D,WOOD,N,CARRIZO-WILCOX AQUIFER | WOOD,4457,4460,4459,4459,4459,4459
662,506,"COUNTY-OTHER, YOAKUM",MUNICIPAL,O,YOAKUM,N,OGALLALA AND EDWARDS-TRINITY-HIGH PLAINS AQUIFERS | YOAKUM,229,229,229,229,229,229
663,290,"COUNTY-OTHER, YOUNG",MUNICIPAL,B,YOUNG,Y,GRAHAM/EDDLEMAN LAKE/RESERVOIR,32,31,24,33,20,20
663,290,"COUNTY-OTHER, YOUNG",MUNICIPAL,G,YOUNG,Y,GRAHAM/EDDLEMAN LAKE/RESERVOIR,93,77,71,49,62,51
663,1074,"COUNTY-OTHER, YOUNG",MUNICIPAL,B,YOUNG,Y,CROSS TIMBERS AQUIFER | YOUNG,53,53,60,51,63,63
663,1074,"COUNTY-OTHER, YOUNG",MUNICIPAL,G,YOUNG,Y,CROSS TIMBERS AQUIFER | YOUNG,152,151,151,148,145,145
664,6,"COUNTY-OTHER, ZAPATA",MUNICIPAL,M,ZAPATA,N,AMISTAD-FALCON LAKE/RESERVOIR SYSTEM,63,63,63,63,63,63
664,873,"COUNTY-OTHER, ZAPATA",MUNICIPAL,M,ZAPATA,N,YEGUA-JACKSON AQUIFER | ZAPATA,117,117,117,117,117,117
665,132,"COUNTY-OTHER, ZAVALA",MUNICIPAL,L,ZAVALA,N,CARRIZO-WILCOX AQUIFER | ZAVALA,245,245,245,245,245,245
666,83,CRAFT TURNEY WSC,MUNICIPAL,I,CHEROKEE,N,CARRIZO-WILCOX AQUIFER | CHEROKEE,191,188,184,180,176,172
666,391,CRAFT TURNEY WSC,MUNICIPAL,I,CHEROKEE,N,JACKSONVILLE LAKE/RESERVOIR,444,438,429,420,410,400
667,390,CRANDALL,MUNICIPAL,C,KAUFMAN,N,TRINITY INDIRECT REUSE,331,626,916,1206,1618,1882
667,738,CRANDALL,MUNICIPAL,C,KAUFMAN,N,TAWAKONI LAKE/RESERVOIR,20,38,54,71,95,109
667,1068,CRANDALL,MUNICIPAL,C,KAUFMAN,N,NORTH TEXAS MWD LAKE/RESERVOIR SYSTEM,554,989,1396,1773,2274,2545
668,145,CRANE,MUNICIPAL,F,CRANE,N,EDWARDS-TRINITY-PLATEAU AND PECOS VALLEY AQUIFERS | WARD,114,117,118,118,118,118
668,169,CRANE,MUNICIPAL,F,CRANE,N,DIRECT REUSE,123,123,123,123,123,123
668,999,CRANE,MUNICIPAL,F,CRANE,N,EDWARDS-TRINITY-PLATEAU AND PECOS VALLEY AQUIFERS | CRANE,947,960,964,964,964,964
669,791,CRAWFORD,MUNICIPAL,G,MCLENNAN,N,TRINITY AQUIFER | MCLENNAN,123,123,123,123,123,123
669,896,CRAWFORD,MUNICIPAL,G,MCLENNAN,N,CRAWFORD LAKE/RESERVOIR,0,0,0,0,0,0
670,74,CREEDMOOR-MAHA WSC,MUNICIPAL,L,CALDWELL,Y,CARRIZO-WILCOX AQUIFER | BASTROP,1688,1688,1688,1688,1688,1688
670,90,CREEDMOOR-MAHA WSC,MUNICIPAL,K,BASTROP,Y,CARRIZO-WILCOX AQUIFER | GONZALES,25,39,55,74,96,120
670,90,CREEDMOOR-MAHA WSC,MUNICIPAL,K,TRAVIS,Y,CARRIZO-WILCOX AQUIFER | GONZALES,50,345,446,546,661,790
670,90,CREEDMOOR-MAHA WSC,MUNICIPAL,L,CALDWELL,Y,CARRIZO-WILCOX AQUIFER | GONZALES,2338,2029,1912,1793,1656,1503
670,90,CREEDMOOR-MAHA WSC,MUNICIPAL,L,HAYS,Y,CARRIZO-WILCOX AQUIFER | GONZALES,6,6,6,6,6,6
670,215,CREEDMOOR-MAHA WSC,MUNICIPAL,K,TRAVIS,Y,EDWARDS-BFZ AQUIFER | TRAVIS,518,518,518,518,518,518
670,658,CREEDMOOR-MAHA WSC,MUNICIPAL,K,TRAVIS,Y,COLORADO RUN-OF-RIVER,238,0,0,0,0,0
671,97,CROCKETT,MUNICIPAL,I,HOUSTON,N,CARRIZO-WILCOX AQUIFER | HOUSTON,210,210,210,210,210,210
671,371,CROCKETT,MUNICIPAL,I,HOUSTON,N,HOUSTON COUNTY LAKE/RESERVOIR,1080,1014,915,888,852,809
672,227,CROCKETT COUNTY WCID 1,MUNICIPAL,F,CROCKETT,N,"EDWARDS-TRINITY-PLATEAU, PECOS VALLEY, AND TRINITY AQUIFERS | CROCKETT",995,920,843,788,731,671
673,315,CROSBY MUD,MUNICIPAL,H,HARRIS,N,GULF COAST AQUIFER SYSTEM | HARRIS,285,266,268,278,297,298
673,672,CROSBY MUD,MUNICIPAL,H,HARRIS,N,SAN JACINTO RUN-OF-RIVER,975,975,975,975,975,975
674,469,CROSBYTON,MUNICIPAL,O,CROSBY,N,OGALLALA AND EDWARDS-TRINITY-HIGH PLAINS AQUIFERS | CROSBY,382,382,382,382,382,382
675,758,CROSS COUNTRY WSC,MUNICIPAL,G,BOSQUE,Y,TRINITY AQUIFER | BOSQUE,7,6,5,5,4,3
675,758,CROSS COUNTRY WSC,MUNICIPAL,G,MCLENNAN,Y,TRINITY AQUIFER | BOSQUE,73,74,75,75,76,77
675,791,CROSS COUNTRY WSC,MUNICIPAL,G,BOSQUE,Y,TRINITY AQUIFER | MCLENNAN,51,44,39,34,29,26
675,791,CROSS COUNTRY WSC,MUNICIPAL,G,MCLENNAN,Y,TRINITY AQUIFER | MCLENNAN,547,554,559,564,569,572
676,762,CROSS PLAINS,MUNICIPAL,G,CALLAHAN,N,TRINITY AQUIFER | CALLAHAN,310,309,310,309,310,310
678,293,CROWELL,MUNICIPAL,B,FOARD,N,GREENBELT LAKE/RESERVOIR,79,77,76,75,74,73
678,474,CROWELL,MUNICIPAL,B,FOARD,N,OGALLALA AQUIFER | DONLEY,41,41,41,40,39,37
679,810,CROWLEY,MUNICIPAL,C,TARRANT,Y,TRWD LAKE/RESERVOIR SYSTEM,2763,2878,3025,3015,3057,3141
679,810,CROWLEY,MUNICIPAL,G,JOHNSON,Y,TRWD LAKE/RESERVOIR SYSTEM,22,29,35,40,45,50
680,132,CRYSTAL CITY,MUNICIPAL,L,ZAVALA,N,CARRIZO-WILCOX AQUIFER | ZAVALA,2455,2455,2455,2455,2455,2455
681,64,CRYSTAL CLEAR SUD,MUNICIPAL,L,COMAL,Y,CANYON LAKE/RESERVOIR,59,57,55,53,52,51
681,64,CRYSTAL CLEAR SUD,MUNICIPAL,L,GUADALUPE,Y,CANYON LAKE/RESERVOIR,317,321,322,320,317,313
681,64,CRYSTAL CLEAR SUD,MUNICIPAL,L,HAYS,Y,CANYON LAKE/RESERVOIR,124,122,123,127,131,136
681,80,CRYSTAL CLEAR SUD,MUNICIPAL,L,COMAL,Y,CARRIZO-WILCOX AQUIFER | CALDWELL,634,475,421,373,330,291
681,80,CRYSTAL CLEAR SUD,MUNICIPAL,L,GUADALUPE,Y,CARRIZO-WILCOX AQUIFER | CALDWELL,1480,1619,1691,1781,1862,1934
681,80,CRYSTAL CLEAR SUD,MUNICIPAL,L,HAYS,Y,CARRIZO-WILCOX AQUIFER | CALDWELL,366,386,368,326,288,255
681,90,CRYSTAL CLEAR SUD,MUNICIPAL,L,COMAL,Y,CARRIZO-WILCOX AQUIFER | GONZALES,202,152,134,119,105,93
681,90,CRYSTAL CLEAR SUD,MUNICIPAL,L,GUADALUPE,Y,CARRIZO-WILCOX AQUIFER | GONZALES,473,517,541,569,595,618
681,90,CRYSTAL CLEAR SUD,MUNICIPAL,L,HAYS,Y,CARRIZO-WILCOX AQUIFER | GONZALES,117,123,117,104,92,81
681,212,CRYSTAL CLEAR SUD,MUNICIPAL,L,COMAL,Y,EDWARDS-BFZ AQUIFER | HAYS,299,225,198,176,156,138
681,212,CRYSTAL CLEAR SUD,MUNICIPAL,L,GUADALUPE,Y,EDWARDS-BFZ AQUIFER | HAYS,699,764,799,841,879,913
681,212,CRYSTAL CLEAR SUD,MUNICIPAL,L,HAYS,Y,EDWARDS-BFZ AQUIFER | HAYS,173,182,174,154,136,120
681,661,CRYSTAL CLEAR SUD,MUNICIPAL,L,COMAL,Y,GUADALUPE RUN-OF-RIVER,128,96,85,75,67,59
681,661,CRYSTAL CLEAR SUD,MUNICIPAL,L,GUADALUPE,Y,GUADALUPE RUN-OF-RIVER,298,326,341,359,375,390
681,661,CRYSTAL CLEAR SUD,MUNICIPAL,L,HAYS,Y,GUADALUPE RUN-OF-RIVER,74,78,74,66,58,51
683,122,CRYSTAL SYSTEMS TEXAS,MUNICIPAL,D,SMITH,Y,CARRIZO-WILCOX AQUIFER | SMITH,1676,1676,1676,1676,1676,1676
683,122,CRYSTAL SYSTEMS TEXAS,MUNICIPAL,I,SMITH,Y,CARRIZO-WILCOX AQUIFER | SMITH,238,238,238,238,238,238
684,306,CUERO,MUNICIPAL,L,DEWITT,N,GULF COAST AQUIFER SYSTEM | DEWITT,2230,2230,2230,2230,2230,2230
685,390,CULLEOKA WSC,MUNICIPAL,C,COLLIN,N,TRINITY INDIRECT REUSE,440,444,467,481,513,551
685,738,CULLEOKA WSC,MUNICIPAL,C,COLLIN,N,TAWAKONI LAKE/RESERVOIR,27,27,28,28,30,32
685,1068,CULLEOKA WSC,MUNICIPAL,C,COLLIN,N,NORTH TEXAS MWD LAKE/RESERVOIR SYSTEM,734,701,713,707,723,744
686,442,CUMBY,MUNICIPAL,D,HOPKINS,N,NACATOCH AQUIFER | HOPKINS,120,120,120,120,120,120
687,112,CUSHING,MUNICIPAL,I,NACOGDOCHES,N,CARRIZO-WILCOX AQUIFER | NACOGDOCHES,139,144,148,155,162,168
688,330,CUT & SHOOT,MUNICIPAL,H,MONTGOMERY,N,GULF COAST AQUIFER SYSTEM | MONTGOMERY,415,440,389,307,258,214
690,457,DAINGERFIELD,MUNICIPAL,D,MORRIS,N,O' THE PINES LAKE/RESERVOIR,1582,1582,1582,1582,1582,1582
691,326,DAISETTA,MUNICIPAL,H,LIBERTY,N,GULF COAST AQUIFER SYSTEM | LIBERTY,104,103,103,103,103,103
692,177,DALHART,MUNICIPAL,A,DALLAM,Y,DOCKUM AQUIFER | DALLAM,14,12,12,11,10,9
692,177,DALHART,MUNICIPAL,A,HARTLEY,Y,DOCKUM AQUIFER | DALLAM,8,7,6,5,5,5
692,980,DALHART,MUNICIPAL,A,DALLAM,Y,OGALLALA AND RITA BLANCA AQUIFERS | DALLAM,1678,1783,1887,2000,2117,2239
692,980,DALHART,MUNICIPAL,A,HARTLEY,Y,OGALLALA AND RITA BLANCA AQUIFERS | DALLAM,943,965,996,1037,1082,1133
694,810,DALWORTHINGTON GARDENS,MUNICIPAL,C,TARRANT,N,TRWD LAKE/RESERVOIR SYSTEM,778,689,645,588,545,515
695,299,DANBURY,MUNICIPAL,H,BRAZORIA,N,GULF COAST AQUIFER SYSTEM | BRAZORIA,158,156,154,151,147,140
697,453,DAWSON,MUNICIPAL,C,NAVARRO,N,NAVARRO MILLS LAKE/RESERVOIR,112,110,105,98,92,87
697,652,DAWSON,MUNICIPAL,C,NAVARRO,N,CORSICANA RICHLAND CHAMBERS-HALBERT LAKE/RESERVOIR SYSTEM,22,22,21,20,19,17
698,326,DAYTON,MUNICIPAL,H,LIBERTY,N,GULF COAST AQUIFER SYSTEM | LIBERTY,2789,3473,3997,4538,4937,5374
699,854,DE KALB,MUNICIPAL,D,BOWIE,N,WRIGHT PATMAN LAKE/RESERVOIR,0,0,0,0,0,0
700,54,DE LEON,MUNICIPAL,G,COMANCHE,N,BRAZOS RIVER AUTHORITY LITTLE RIVER LAKE/RESERVOIR SYSTEM,307,307,307,307,307,307
703,122,DEAN WSC,MUNICIPAL,I,SMITH,N,CARRIZO-WILCOX AQUIFER | SMITH,723,776,815,846,875,904
704,810,DECATUR,MUNICIPAL,C,WISE,N,TRWD LAKE/RESERVOIR SYSTEM,1682,1682,1682,1682,1682,1682
705,315,DEER PARK,MUNICIPAL,H,HARRIS,N,GULF COAST AQUIFER SYSTEM | HARRIS,537,540,544,545,547,546
705,410,DEER PARK,MUNICIPAL,H,HARRIS,N,LIVINGSTON-WALLISVILLE LAKE/RESERVOIR SYSTEM,4834,4856,4889,4904,4924,4904
706,647,DENISON,MUNICIPAL,C,GRAYSON,N,RANDELL LAKE/RESERVOIR,962,984,999,1008,1019,1023
706,744,DENISON,MUNICIPAL,C,GRAYSON,N,TEXOMA LAKE/RESERVOIR NON-SYSTEM PORTION,5653,5740,5792,5834,5875,5888
706,840,DENISON,MUNICIPAL,C,GRAYSON,N,WOODBINE AQUIFER | GRAYSON,84,84,84,84,84,84
707,148,DENTON COUNTY FWSD 1-A,MUNICIPAL,C,DENTON,N,CHAPMAN/COOPER LAKE/RESERVOIR NON-SYSTEM PORTION,448,397,297,269,243,220
707,390,DENTON COUNTY FWSD 1-A,MUNICIPAL,C,DENTON,N,TRINITY INDIRECT REUSE,135,159,149,134,121,110
707,646,DENTON COUNTY FWSD 1-A,MUNICIPAL,C,DENTON,N,RALPH HALL LAKE/RESERVOIR,1612,1460,1118,1034,958,890
707,650,DENTON COUNTY FWSD 1-A,MUNICIPAL,C,DENTON,N,RAY ROBERTS-LEWISVILLE-GRAPEVINE LAKE/RESERVOIR SYSTEM,1774,1824,1552,1413,1283,1164
708,506,DENVER CITY,MUNICIPAL,O,YOAKUM,N,OGALLALA AND EDWARDS-TRINITY-HIGH PLAINS AQUIFERS | YOAKUM,5313,5313,5313,5313,5313,5313
711,109,DEVINE,MUNICIPAL,L,MEDINA,N,CARRIZO-WILCOX AQUIFER | MEDINA,280,280,280,280,280,280
711,214,DEVINE,MUNICIPAL,L,MEDINA,N,EDWARDS-BFZ AQUIFER | MEDINA,471,471,471,471,471,471
713,72,DIBOLL,MUNICIPAL,I,ANGELINA,N,CARRIZO-WILCOX AQUIFER | ANGELINA,1806,1806,1806,1806,1806,1806
713,855,DIBOLL,MUNICIPAL,I,ANGELINA,N,YEGUA-JACKSON AQUIFER | ANGELINA,520,520,520,520,520,520
715,89,DILLEY,MUNICIPAL,L,FRIO,N,CARRIZO-WILCOX AQUIFER | FRIO,2147,2147,2147,2147,2147,2147
716,466,DIMMITT,MUNICIPAL,O,CASTRO,N,OGALLALA AND EDWARDS-TRINITY-HIGH PLAINS AQUIFERS | CASTRO,3923,3923,3923,3923,3923,3923
717,54,DOG RIDGE WSC,MUNICIPAL,G,BELL,N,BRAZOS RIVER AUTHORITY LITTLE RIVER LAKE/RESERVOIR SYSTEM,840,840,840,840,840,840
718,6,DONNA,MUNICIPAL,M,HIDALGO,N,AMISTAD-FALCON LAKE/RESERVOIR SYSTEM,3111,3111,3111,3110,3110,3110
721,368,DRIPPING SPRINGS WSC,MUNICIPAL,K,HAYS,N,HIGHLAND LAKES LAKE/RESERVOIR SYSTEM,1126,1126,1126,1126,1126,1126
721,779,DRIPPING SPRINGS WSC,MUNICIPAL,K,HAYS,N,TRINITY AQUIFER | HAYS,1125,1125,1125,1125,1125,1125
722,163,DRISCOLL,MUNICIPAL,N,NUECES,N,CORPUS CHRISTI-CHOKE CANYON LAKE/RESERVOIR SYSTEM,40,40,40,40,40,40
722,742,DRISCOLL,MUNICIPAL,N,NUECES,N,TEXANA LAKE/RESERVOIR,40,41,41,41,40,40
723,54,DUBLIN,MUNICIPAL,G,ERATH,N,BRAZOS RIVER AUTHORITY LITTLE RIVER LAKE/RESERVOIR SYSTEM,519,518,517,516,514,514
724,279,DUNCANVILLE,MUNICIPAL,C,DALLAS,N,FORK LAKE/RESERVOIR,570,586,586,579,569,561
724,390,DUNCANVILLE,MUNICIPAL,C,DALLAS,N,TRINITY INDIRECT REUSE,583,674,763,761,758,764
724,648,DUNCANVILLE,MUNICIPAL,C,DALLAS,N,RAY HUBBARD LAKE/RESERVOIR,592,581,555,524,492,465
724,650,DUNCANVILLE,MUNICIPAL,C,DALLAS,N,RAY ROBERTS-LEWISVILLE-GRAPEVINE LAKE/RESERVOIR SYSTEM,1433,1353,1234,1186,1136,1099
724,738,DUNCANVILLE,MUNICIPAL,C,DALLAS,N,TAWAKONI LAKE/RESERVOIR,2386,2360,2276,2166,2053,1956
725,305,EAGLE LAKE,MUNICIPAL,K,COLORADO,N,GULF COAST AQUIFER SYSTEM | COLORADO,576,576,576,576,576,576
726,57,EARLY,MUNICIPAL,F,BROWN,N,BROWNWOOD LAKE/RESERVOIR,454,455,455,457,459,460
727,488,EARTH,MUNICIPAL,O,LAMB,N,OGALLALA AND EDWARDS-TRINITY-HIGH PLAINS AQUIFERS | LAMB,690,690,690,690,690,690
730,390,EAST FORK SUD,MUNICIPAL,C,COLLIN,Y,TRINITY INDIRECT REUSE,693,726,754,778,816,874
730,390,EAST FORK SUD,MUNICIPAL,C,DALLAS,Y,TRINITY INDIRECT REUSE,182,191,197,204,214,230
730,390,EAST FORK SUD,MUNICIPAL,C,ROCKWALL,Y,TRINITY INDIRECT REUSE,109,114,118,122,128,137
730,738,EAST FORK SUD,MUNICIPAL,C,COLLIN,Y,TAWAKONI LAKE/RESERVOIR,43,44,45,46,47,51
730,738,EAST FORK SUD,MUNICIPAL,C,DALLAS,Y,TAWAKONI LAKE/RESERVOIR,11,11,12,12,13,13
730,738,EAST FORK SUD,MUNICIPAL,C,ROCKWALL,Y,TAWAKONI LAKE/RESERVOIR,7,7,7,7,8,8
730,1068,EAST FORK SUD,MUNICIPAL,C,COLLIN,Y,NORTH TEXAS MWD LAKE/RESERVOIR SYSTEM,1156,1148,1148,1142,1145,1181
730,1068,EAST FORK SUD,MUNICIPAL,C,DALLAS,Y,NORTH TEXAS MWD LAKE/RESERVOIR SYSTEM,303,301,301,300,301,310
730,1068,EAST FORK SUD,MUNICIPAL,C,ROCKWALL,Y,NORTH TEXAS MWD LAKE/RESERVOIR SYSTEM,181,180,181,180,180,186
732,125,EAST MOUNTAIN WATER SYSTEM,MUNICIPAL,D,UPSHUR,Y,CARRIZO-WILCOX AQUIFER | UPSHUR,207,207,207,207,207,207
733,330,EAST PLANTATION UD,MUNICIPAL,H,MONTGOMERY,N,GULF COAST AQUIFER SYSTEM | MONTGOMERY,220,186,229,223,208,195
734,6,EAST RIO HONDO WSC,MUNICIPAL,M,CAMERON,N,AMISTAD-FALCON LAKE/RESERVOIR SYSTEM,4764,4764,3964,3964,3964,3964
734,303,EAST RIO HONDO WSC,MUNICIPAL,M,CAMERON,N,GULF COAST AQUIFER SYSTEM | CAMERON,896,896,896,896,896,896
735,738,EAST TAWAKONI,MUNICIPAL,D,RAINS,N,TAWAKONI LAKE/RESERVOIR,246,247,247,248,248,248
736,404,EASTLAND,MUNICIPAL,G,EASTLAND,N,LEON LAKE/RESERVOIR,2065,2024,1990,1959,1927,1895
739,145,ECTOR COUNTY UTILITY DISTRICT,MUNICIPAL,F,ECTOR,N,EDWARDS-TRINITY-PLATEAU AND PECOS VALLEY AQUIFERS | WARD,2282,2572,2584,2459,2444,2413
739,158,ECTOR COUNTY UTILITY DISTRICT,MUNICIPAL,F,ECTOR,N,COLORADO RIVER MWD LAKE/RESERVOIR SYSTEM,817,879,906,931,952,968
739,169,ECTOR COUNTY UTILITY DISTRICT,MUNICIPAL,F,ECTOR,N,DIRECT REUSE,114,126,133,140,147,154
739,492,ECTOR COUNTY UTILITY DISTRICT,MUNICIPAL,F,ECTOR,N,OGALLALA AND EDWARDS-TRINITY-HIGH PLAINS AQUIFERS | MARTIN,64,63,60,59,59,59
740,6,EDCOUCH,MUNICIPAL,M,HIDALGO,N,AMISTAD-FALCON LAKE/RESERVOIR SYSTEM,262,262,262,262,262,262
741,169,EDEN,MUNICIPAL,F,CONCHO,N,DIRECT REUSE,187,187,187,187,187,187
741,360,EDEN,MUNICIPAL,F,CONCHO,N,HICKORY AQUIFER | CONCHO,27,27,27,27,27,27
741,529,EDEN,MUNICIPAL,F,CONCHO,N,OTHER AQUIFER | CONCHO,0,0,0,0,0,0
743,206,EDGEWOOD,MUNICIPAL,D,VAN ZANDT,N,EDGEWOOD CITY LAKE/RESERVOIR,0,0,0,0,0,0
743,279,EDGEWOOD,MUNICIPAL,D,VAN ZANDT,N,FORK LAKE/RESERVOIR,560,560,560,560,560,560
744,6,EDINBURG,MUNICIPAL,M,HIDALGO,N,AMISTAD-FALCON LAKE/RESERVOIR SYSTEM,10758,10758,10758,10758,10758,10758
745,317,EDNA,MUNICIPAL,P,JACKSON,N,GULF COAST AQUIFER SYSTEM | JACKSON,1089,1089,1089,1089,1089,1089
746,347,EL CAMPO,MUNICIPAL,K,WHARTON,Y,GULF COAST AQUIFER SYSTEM | WHARTON,26,26,26,26,26,26
746,347,EL CAMPO,MUNICIPAL,P,WHARTON,Y,GULF COAST AQUIFER SYSTEM | WHARTON,2321,2321,2321,2321,2321,2321
748,315,EL DORADO UD,MUNICIPAL,H,HARRIS,N,GULF COAST AQUIFER SYSTEM | HARRIS,419,337,344,346,348,349
751,315,HARRIS COUNTY WCID 50,MUNICIPAL,H,HARRIS,N,GULF COAST AQUIFER SYSTEM | HARRIS,39,39,39,39,38,38
751,410,HARRIS COUNTY WCID 50,MUNICIPAL,H,HARRIS,N,LIVINGSTON-WALLISVILLE LAKE/RESERVOIR SYSTEM,347,346,346,346,345,344
752,99,EL OSO WSC,MUNICIPAL,L,KARNES,Y,CARRIZO-WILCOX AQUIFER | KARNES,88,170,254,320,359,358
752,99,EL OSO WSC,MUNICIPAL,L,WILSON,Y,CARRIZO-WILCOX AQUIFER | KARNES,3,6,10,14,17,18
752,130,EL OSO WSC,MUNICIPAL,L,ATASCOSA,Y,CARRIZO-WILCOX AQUIFER | WILSON,28,31,32,31,31,31
752,130,EL OSO WSC,MUNICIPAL,L,KARNES,Y,CARRIZO-WILCOX AQUIFER | WILSON,1653,1520,1390,1271,1161,1073
752,130,EL OSO WSC,MUNICIPAL,L,WILSON,Y,CARRIZO-WILCOX AQUIFER | WILSON,45,49,53,54,57,59
752,130,EL OSO WSC,MUNICIPAL,N,BEE,Y,CARRIZO-WILCOX AQUIFER | WILSON,94,122,159,208,273,359
752,130,EL OSO WSC,MUNICIPAL,N,LIVE OAK,Y,CARRIZO-WILCOX AQUIFER | WILSON,152,165,165,165,165,165
754,91,ELDERVILLE WSC,MUNICIPAL,D,GREGG,Y,CARRIZO-WILCOX AQUIFER | GREGG,38,38,38,33,30,20
754,118,ELDERVILLE WSC,MUNICIPAL,D,GREGG,Y,CARRIZO-WILCOX AQUIFER | RUSK,227,229,231,234,236,238
754,118,ELDERVILLE WSC,MUNICIPAL,I,RUSK,Y,CARRIZO-WILCOX AQUIFER | RUSK,69,67,65,62,60,58
754,150,ELDERVILLE WSC,MUNICIPAL,D,GREGG,Y,CHEROKEE LAKE/RESERVOIR,185,185,185,186,170,170
754,150,ELDERVILLE WSC,MUNICIPAL,I,RUSK,Y,CHEROKEE LAKE/RESERVOIR,96,96,96,95,111,111
754,279,ELDERVILLE WSC,MUNICIPAL,D,GREGG,Y,FORK LAKE/RESERVOIR,188,188,188,188,189,189
754,279,ELDERVILLE WSC,MUNICIPAL,I,RUSK,Y,FORK LAKE/RESERVOIR,97,97,97,97,96,96
755,250,ELDORADO,MUNICIPAL,F,SCHLEICHER,N,"EDWARDS-TRINITY-PLATEAU, PECOS VALLEY, AND TRINITY AQUIFERS | SCHLEICHER",474,415,360,313,261,205
756,386,ELECTRA,MUNICIPAL,B,WICHITA,N,RED INDIRECT REUSE,256,254,251,249,248,247
756,830,ELECTRA,MUNICIPAL,B,WICHITA,N,LITTLE WICHITA RIVER LAKE/RESERVOIR SYSTEM,466,432,399,368,338,308
757,74,ELGIN,MUNICIPAL,K,BASTROP,Y,CARRIZO-WILCOX AQUIFER | BASTROP,1799,1600,1510,1460,1460,1460
757,74,ELGIN,MUNICIPAL,K,TRAVIS,Y,CARRIZO-WILCOX AQUIFER | BASTROP,881,1080,1170,1220,1220,1220
758,71,ELKHART,MUNICIPAL,I,ANDERSON,N,CARRIZO-WILCOX AQUIFER | ANDERSON,304,303,299,296,292,289
759,54,ELM CREEK WSC,MUNICIPAL,G,BELL,Y,BRAZOS RIVER AUTHORITY LITTLE RIVER LAKE/RESERVOIR SYSTEM,324,329,333,334,335,335
759,54,ELM CREEK WSC,MUNICIPAL,G,CORYELL,Y,BRAZOS RIVER AUTHORITY LITTLE RIVER LAKE/RESERVOIR SYSTEM,54,54,52,52,51,51
759,54,ELM CREEK WSC,MUNICIPAL,G,MCLENNAN,Y,BRAZOS RIVER AUTHORITY LITTLE RIVER LAKE/RESERVOIR SYSTEM,251,242,236,231,226,226
760,76,ELMENDORF,MUNICIPAL,L,BEXAR,N,CARRIZO-WILCOX AQUIFER | BEXAR,1211,1211,1211,1211,1211,1211
760,79,ELMENDORF,MUNICIPAL,L,BEXAR,N,CARRIZO-WILCOX AQUIFER | BURLESON,1,1,1,1,1,1
760,209,ELMENDORF,MUNICIPAL,L,BEXAR,N,EDWARDS-BFZ AQUIFER | BEXAR,100,100,100,100,100,100
760,756,ELMENDORF,MUNICIPAL,L,BEXAR,N,TRINITY AQUIFER | BEXAR,4,4,4,4,4,4
761,6,ELSA,MUNICIPAL,M,HIDALGO,N,AMISTAD-FALCON LAKE/RESERVOIR SYSTEM,568,568,568,567,567,567
762,100,ENCINAL WSC,MUNICIPAL,L,LA SALLE,N,CARRIZO-WILCOX AQUIFER | LA SALLE,296,296,296,296,296,296
763,169,EULESS,MUNICIPAL,C,TARRANT,N,DIRECT REUSE,368,368,368,368,368,368
763,803,EULESS,MUNICIPAL,C,TARRANT,N,TRINITY AQUIFER | TARRANT,2106,2106,2106,2106,2106,2106
763,810,EULESS,MUNICIPAL,C,TARRANT,N,TRWD LAKE/RESERVOIR SYSTEM,6354,5567,5171,4713,4367,4100
764,95,EUSTACE,MUNICIPAL,C,HENDERSON,N,CARRIZO-WILCOX AQUIFER | HENDERSON,322,351,344,356,368,382
765,803,EVERMAN,MUNICIPAL,C,TARRANT,N,TRINITY AQUIFER | TARRANT,544,540,540,540,540,540
767,88,FAIRFIELD,MUNICIPAL,C,FREESTONE,N,CARRIZO-WILCOX AQUIFER | FREESTONE,1007,973,944,883,822,762
769,390,FAIRVIEW,MUNICIPAL,C,COLLIN,N,TRINITY INDIRECT REUSE,1554,1731,1858,1685,1601,1553
769,738,FAIRVIEW,MUNICIPAL,C,COLLIN,N,TAWAKONI LAKE/RESERVOIR,96,104,111,100,94,90
769,1068,FAIRVIEW,MUNICIPAL,C,COLLIN,N,NORTH TEXAS MWD LAKE/RESERVOIR SYSTEM,2592,2736,2831,2476,2250,2099
770,301,FALFURRIAS,MUNICIPAL,N,BROOKS,N,GULF COAST AQUIFER SYSTEM | BROOKS,1162,1147,1152,1167,1199,1256
772,99,FALLS CITY,MUNICIPAL,L,KARNES,N,CARRIZO-WILCOX AQUIFER | KARNES,142,142,142,142,142,142
773,279,FARMERS BRANCH,MUNICIPAL,C,DALLAS,N,FORK LAKE/RESERVOIR,1001,1070,1090,1100,1109,1126
773,390,FARMERS BRANCH,MUNICIPAL,C,DALLAS,N,TRINITY INDIRECT REUSE,1026,1233,1419,1446,1478,1533
773,648,FARMERS BRANCH,MUNICIPAL,C,DALLAS,N,RAY HUBBARD LAKE/RESERVOIR,1041,1062,1032,995,960,932
773,650,FARMERS BRANCH,MUNICIPAL,C,DALLAS,N,RAY ROBERTS-LEWISVILLE-GRAPEVINE LAKE/RESERVOIR SYSTEM,2521,2473,2292,2252,2215,2204
773,738,FARMERS BRANCH,MUNICIPAL,C,DALLAS,N,TAWAKONI LAKE/RESERVOIR,4195,4315,4232,4115,4003,3923
774,390,FARMERSVILLE,MUNICIPAL,C,COLLIN,N,TRINITY INDIRECT REUSE,220,478,827,854,918,983
774,738,FARMERSVILLE,MUNICIPAL,C,COLLIN,N,TAWAKONI LAKE/RESERVOIR,14,29,49,50,54,57
774,1068,FARMERSVILLE,MUNICIPAL,C,COLLIN,N,NORTH TEXAS MWD LAKE/RESERVOIR SYSTEM,367,755,1262,1255,1291,1331
775,498,FARWELL,MUNICIPAL,O,PARMER,N,OGALLALA AND EDWARDS-TRINITY-HIGH PLAINS AQUIFERS | PARMER,858,858,858,858,858,858
776,86,FAYETTE WSC,MUNICIPAL,K,FAYETTE,Y,CARRIZO-WILCOX AQUIFER | FAYETTE,450,500,600,650,700,800
776,541,FAYETTE WSC,MUNICIPAL,K,FAYETTE,Y,OTHER AQUIFER | FAYETTE,117,117,117,117,117,117
776,619,FAYETTE WSC,MUNICIPAL,K,FAYETTE,Y,QUEEN CITY AQUIFER | FAYETTE,110,110,110,110,110,110
776,715,FAYETTE WSC,MUNICIPAL,K,FAYETTE,Y,SPARTA AQUIFER | FAYETTE,85,85,85,85,85,85
776,858,FAYETTE WSC,MUNICIPAL,K,BASTROP,Y,YEGUA-JACKSON AQUIFER | FAYETTE,8,13,19,26,34,43
776,858,FAYETTE WSC,MUNICIPAL,K,FAYETTE,Y,YEGUA-JACKSON AQUIFER | FAYETTE,280,273,265,255,244,230
776,858,FAYETTE WSC,MUNICIPAL,L,GONZALES,Y,YEGUA-JACKSON AQUIFER | FAYETTE,5,7,9,12,15,20
777,54,FERN BLUFF MUD,MUNICIPAL,G,WILLIAMSON,Y,BRAZOS RIVER AUTHORITY LITTLE RIVER LAKE/RESERVOIR SYSTEM,1150,1142,1137,1135,1134,1134
777,54,FERN BLUFF MUD,MUNICIPAL,K,WILLIAMSON,Y,BRAZOS RIVER AUTHORITY LITTLE RIVER LAKE/RESERVOIR SYSTEM,25,26,26,26,27,27
778,392,FERRIS,MUNICIPAL,C,ELLIS,N,JOE POOL LAKE/RESERVOIR,165,153,141,132,120,114
778,810,FERRIS,MUNICIPAL,C,ELLIS,N,TRWD LAKE/RESERVOIR SYSTEM,277,269,275,271,275,278
779,53,FILES VALLEY WSC,MUNICIPAL,C,ELLIS,Y,BRAZOS RIVER AUTHORITY AQUILLA LAKE/RESERVOIR SYSTEM,139,158,177,195,213,230
779,53,FILES VALLEY WSC,MUNICIPAL,G,HILL,Y,BRAZOS RIVER AUTHORITY AQUILLA LAKE/RESERVOIR SYSTEM,590,571,552,534,516,499
781,858,FLATONIA,MUNICIPAL,K,FAYETTE,N,YEGUA-JACKSON AQUIFER | FAYETTE,475,475,475,475,475,475
782,102,FLO COMMUNITY WSC,MUNICIPAL,C,FREESTONE,Y,CARRIZO-WILCOX AQUIFER | LEON,18,18,18,18,18,18
782,102,FLO COMMUNITY WSC,MUNICIPAL,H,LEON,Y,CARRIZO-WILCOX AQUIFER | LEON,367,352,340,331,322,313
782,722,FLO COMMUNITY WSC,MUNICIPAL,H,LEON,Y,SPARTA AQUIFER | LEON,10,10,9,9,9,9
783,807,FLORENCE,MUNICIPAL,G,WILLIAMSON,N,TRINITY AQUIFER | WILLIAMSON,96,96,96,96,96,96
784,130,FLORESVILLE,MUNICIPAL,L,WILSON,N,CARRIZO-WILCOX AQUIFER | WILSON,2486,2486,2486,2486,2486,2486
785,148,FLOWER MOUND,MUNICIPAL,C,DENTON,Y,CHAPMAN/COOPER LAKE/RESERVOIR NON-SYSTEM PORTION,1725,1530,1392,1241,1100,997
785,148,FLOWER MOUND,MUNICIPAL,C,TARRANT,Y,CHAPMAN/COOPER LAKE/RESERVOIR NON-SYSTEM PORTION,16,14,13,12,11,10
785,169,FLOWER MOUND,MUNICIPAL,C,DENTON,Y,DIRECT REUSE,0,0,0,0,0,0
785,169,FLOWER MOUND,MUNICIPAL,C,TARRANT,Y,DIRECT REUSE,0,0,0,0,0,0
785,279,FLOWER MOUND,MUNICIPAL,C,DENTON,Y,FORK LAKE/RESERVOIR,625,644,662,678,693,707
785,279,FLOWER MOUND,MUNICIPAL,C,TARRANT,Y,FORK LAKE/RESERVOIR,6,6,6,6,7,7
785,390,FLOWER MOUND,MUNICIPAL,C,DENTON,Y,TRINITY INDIRECT REUSE,1158,1354,1558,1511,1474,1462
785,390,FLOWER MOUND,MUNICIPAL,C,TARRANT,Y,TRINITY INDIRECT REUSE,11,12,14,15,15,15
785,646,FLOWER MOUND,MUNICIPAL,C,DENTON,Y,RALPH HALL LAKE/RESERVOIR,6196,5625,5236,4780,4342,4033
785,646,FLOWER MOUND,MUNICIPAL,C,TARRANT,Y,RALPH HALL LAKE/RESERVOIR,59,50,48,46,44,41
785,648,FLOWER MOUND,MUNICIPAL,C,DENTON,Y,RAY HUBBARD LAKE/RESERVOIR,650,639,626,613,600,585
785,648,FLOWER MOUND,MUNICIPAL,C,TARRANT,Y,RAY HUBBARD LAKE/RESERVOIR,6,6,6,6,6,6
785,650,FLOWER MOUND,MUNICIPAL,C,DENTON,Y,RAY ROBERTS-LEWISVILLE-GRAPEVINE LAKE/RESERVOIR SYSTEM,8392,8515,8657,7918,7201,6661
785,650,FLOWER MOUND,MUNICIPAL,C,TARRANT,Y,RAY ROBERTS-LEWISVILLE-GRAPEVINE LAKE/RESERVOIR SYSTEM,80,76,80,76,73,67
785,738,FLOWER MOUND,MUNICIPAL,C,DENTON,Y,TAWAKONI LAKE/RESERVOIR,2619,2597,2569,2537,2502,2464
785,738,FLOWER MOUND,MUNICIPAL,C,TARRANT,Y,TAWAKONI LAKE/RESERVOIR,25,23,24,24,25,25
786,416,FLOYDADA,MUNICIPAL,O,FLOYD,N,MACKENZIE LAKE/RESERVOIR,155,155,155,155,155,155
786,476,FLOYDADA,MUNICIPAL,O,FLOYD,N,OGALLALA AND EDWARDS-TRINITY-HIGH PLAINS AQUIFERS | FLOYD,1801,1801,1801,1801,1801,1801
787,810,FOREST HILL,MUNICIPAL,C,TARRANT,N,TRWD LAKE/RESERVOIR SYSTEM,1377,1333,1338,1289,1266,1262
788,390,FORNEY LAKE WSC,MUNICIPAL,C,KAUFMAN,N,TRINITY INDIRECT REUSE,1025,1037,943,930,901,891
788,738,FORNEY LAKE WSC,MUNICIPAL,C,KAUFMAN,N,TAWAKONI LAKE/RESERVOIR,63,62,56,55,53,52
788,1068,FORNEY LAKE WSC,MUNICIPAL,C,KAUFMAN,N,NORTH TEXAS MWD LAKE/RESERVOIR SYSTEM,1707,1639,1438,1367,1266,1205
789,290,FORT BELKNAP WSC,MUNICIPAL,G,STEPHENS,Y,GRAHAM/EDDLEMAN LAKE/RESERVOIR,5,6,7,7,7,7
789,290,FORT BELKNAP WSC,MUNICIPAL,G,THROCKMORTON,Y,GRAHAM/EDDLEMAN LAKE/RESERVOIR,9,7,4,3,3,2
789,290,FORT BELKNAP WSC,MUNICIPAL,G,YOUNG,Y,GRAHAM/EDDLEMAN LAKE/RESERVOIR,375,336,297,255,255,217
794,309,FORT BEND COUNTY MUD 23,MUNICIPAL,H,FORT BEND,N,GULF COAST AQUIFER SYSTEM | FORT BEND,1578,1597,1597,1603,1608,1613
795,169,FORT BEND COUNTY MUD 25,MUNICIPAL,H,FORT BEND,N,DIRECT REUSE,521,521,521,521,521,521
795,309,FORT BEND COUNTY MUD 25,MUNICIPAL,H,FORT BEND,N,GULF COAST AQUIFER SYSTEM | FORT BEND,961,988,1000,1002,1014,1025
804,239,FORT CLARK MUD,MUNICIPAL,J,KINNEY,N,"EDWARDS-TRINITY-PLATEAU, PECOS VALLEY, AND TRINITY AQUIFERS | KINNEY",1371,1371,1371,1371,1371,1371
805,379,FORT DAVIS WSC,MUNICIPAL,E,JEFF DAVIS,N,IGNEOUS AQUIFER | JEFF DAVIS,468,468,468,468,468,468
807,655,FORT HOOD,MUNICIPAL,G,BELL,Y,BRAZOS RUN-OF-RIVER,6609,6623,6624,6623,6624,6624
807,655,FORT HOOD,MUNICIPAL,G,CORYELL,Y,BRAZOS RUN-OF-RIVER,5386,5372,5371,5372,5371,5371
808,246,FORT STOCKTON,MUNICIPAL,F,PECOS,N,"EDWARDS-TRINITY-PLATEAU, PECOS VALLEY, AND TRINITY AQUIFERS | PECOS",3808,3804,3842,4066,4319,4605
809,315,DOUGLAS UTILITY,MUNICIPAL,H,HARRIS,N,GULF COAST AQUIFER SYSTEM | HARRIS,285,228,229,230,229,229
812,117,FRANKLIN,MUNICIPAL,G,ROBERTSON,N,CARRIZO-WILCOX AQUIFER | ROBERTSON,1247,1247,1247,1247,1247,1247
813,71,FRANKSTON,MUNICIPAL,I,ANDERSON,Y,CARRIZO-WILCOX AQUIFER | ANDERSON,212,211,208,205,203,200
813,71,FRANKSTON,MUNICIPAL,I,HENDERSON,Y,CARRIZO-WILCOX AQUIFER | ANDERSON,7,8,8,8,9,9
814,263,FREDERICKSBURG,MUNICIPAL,K,GILLESPIE,N,ELLENBURGER-SAN SABA AQUIFER | GILLESPIE,3371,3371,3371,3371,3371,3371
814,361,FREDERICKSBURG,MUNICIPAL,K,GILLESPIE,N,HICKORY AQUIFER | GILLESPIE,168,168,168,168,168,168
815,169,FREEPORT,MUNICIPAL,H,BRAZORIA,N,DIRECT REUSE,22,22,22,22,22,22
815,655,FREEPORT,MUNICIPAL,H,BRAZORIA,N,BRAZOS RUN-OF-RIVER,1904,1904,1904,1904,1904,1904
816,307,FREER WCID,MUNICIPAL,N,DUVAL,N,GULF COAST AQUIFER SYSTEM | DUVAL,501,470,444,421,396,370
817,310,FRIENDSWOOD,MUNICIPAL,H,GALVESTON,Y,GULF COAST AQUIFER SYSTEM | GALVESTON,1129,1169,1198,1221,1235,1246
817,315,FRIENDSWOOD,MUNICIPAL,H,HARRIS,Y,GULF COAST AQUIFER SYSTEM | HARRIS,325,331,330,327,331,336
817,410,FRIENDSWOOD,MUNICIPAL,H,GALVESTON,Y,LIVINGSTON-WALLISVILLE LAKE/RESERVOIR SYSTEM,10066,10118,10197,10262,10263,10252
817,410,FRIENDSWOOD,MUNICIPAL,H,HARRIS,Y,LIVINGSTON-WALLISVILLE LAKE/RESERVOIR SYSTEM,3374,3322,3243,3178,3177,3188
818,498,FRIONA,MUNICIPAL,O,PARMER,N,OGALLALA AND EDWARDS-TRINITY-HIGH PLAINS AQUIFERS | PARMER,2163,2163,2163,2163,2163,2163
819,169,FRISCO,MUNICIPAL,C,COLLIN,Y,DIRECT REUSE,1738,1737,1732,1732,1732,1732
819,169,FRISCO,MUNICIPAL,C,DENTON,Y,DIRECT REUSE,1300,1301,1306,1306,1306,1306
819,390,FRISCO,MUNICIPAL,C,COLLIN,Y,TRINITY INDIRECT REUSE,14507,15481,13555,12297,11679,11331
819,390,FRISCO,MUNICIPAL,C,DENTON,Y,TRINITY INDIRECT REUSE,10855,11599,10226,9277,8811,8548
819,738,FRISCO,MUNICIPAL,C,COLLIN,Y,TAWAKONI LAKE/RESERVOIR,896,929,807,726,684,658
819,738,FRISCO,MUNICIPAL,C,DENTON,Y,TAWAKONI LAKE/RESERVOIR,670,696,608,548,516,497
819,763,FRISCO,MUNICIPAL,C,COLLIN,Y,TRINITY AQUIFER | COLLIN,37,37,37,37,37,37
819,763,FRISCO,MUNICIPAL,C,DENTON,Y,TRINITY AQUIFER | COLLIN,28,28,28,28,28,28
819,833,FRISCO,MUNICIPAL,C,COLLIN,Y,WOODBINE AQUIFER | COLLIN,43,43,43,43,43,43
819,833,FRISCO,MUNICIPAL,C,DENTON,Y,WOODBINE AQUIFER | COLLIN,32,32,32,32,32,32
819,1068,FRISCO,MUNICIPAL,C,COLLIN,Y,NORTH TEXAS MWD LAKE/RESERVOIR SYSTEM,24184,24461,20665,18070,16418,15318
819,1068,FRISCO,MUNICIPAL,C,DENTON,Y,NORTH TEXAS MWD LAKE/RESERVOIR SYSTEM,18095,18327,15590,13631,12385,11556
820,465,FRITCH,MUNICIPAL,A,CARSON,Y,OGALLALA AQUIFER | CARSON,99,100,101,98,96,92
820,465,FRITCH,MUNICIPAL,A,HUTCHINSON,Y,OGALLALA AQUIFER | CARSON,883,811,744,660,585,519
820,465,FRITCH,MUNICIPAL,A,MOORE,Y,OGALLALA AQUIFER | CARSON,33,33,33,32,30,29
822,309,FULSHEAR,MUNICIPAL,H,FORT BEND,N,GULF COAST AQUIFER SYSTEM | FORT BEND,3923,4973,5007,5077,5172,5239
825,315,GALENA PARK,MUNICIPAL,H,HARRIS,N,GULF COAST AQUIFER SYSTEM | HARRIS,89,88,91,92,94,90
825,410,GALENA PARK,MUNICIPAL,H,HARRIS,N,LIVINGSTON-WALLISVILLE LAKE/RESERVOIR SYSTEM,880,880,880,880,880,880
828,317,GANADO,MUNICIPAL,P,JACKSON,N,GULF COAST AQUIFER SYSTEM | JACKSON,204,204,204,204,204,204
829,210,GARDEN RIDGE,MUNICIPAL,L,COMAL,N,EDWARDS-BFZ AQUIFER | COMAL,373,373,373,373,373,373
829,764,GARDEN RIDGE,MUNICIPAL,L,COMAL,N,TRINITY AQUIFER | COMAL,477,477,477,477,477,477
830,112,GARRISON,MUNICIPAL,I,NACOGDOCHES,Y,CARRIZO-WILCOX AQUIFER | NACOGDOCHES,259,266,273,284,295,305
830,112,GARRISON,MUNICIPAL,I,RUSK,Y,CARRIZO-WILCOX AQUIFER | NACOGDOCHES,1,1,1,1,1,1
831,390,GASTONIA SCURRY SUD,MUNICIPAL,C,KAUFMAN,N,TRINITY INDIRECT REUSE,479,492,577,882,1239,1475
831,738,GASTONIA SCURRY SUD,MUNICIPAL,C,KAUFMAN,N,TAWAKONI LAKE/RESERVOIR,30,30,34,52,73,86
831,1068,GASTONIA SCURRY SUD,MUNICIPAL,C,KAUFMAN,N,NORTH TEXAS MWD LAKE/RESERVOIR SYSTEM,797,777,880,1294,1740,1994
832,54,GATESVILLE,MUNICIPAL,G,CORYELL,N,BRAZOS RIVER AUTHORITY LITTLE RIVER LAKE/RESERVOIR SYSTEM,3161,2995,2821,2634,2444,2382
833,327,GEORGE WEST,MUNICIPAL,N,LIVE OAK,N,GULF COAST AQUIFER SYSTEM | LIVE OAK,304,275,253,233,214,197
834,54,GEORGETOWN,MUNICIPAL,G,BELL,Y,BRAZOS RIVER AUTHORITY LITTLE RIVER LAKE/RESERVOIR SYSTEM,674,513,406,328,272,230
834,54,GEORGETOWN,MUNICIPAL,G,WILLIAMSON,Y,BRAZOS RIVER AUTHORITY LITTLE RIVER LAKE/RESERVOIR SYSTEM,31565,31446,31298,31131,30938,30733
834,54,GEORGETOWN,MUNICIPAL,K,BURNET,Y,BRAZOS RIVER AUTHORITY LITTLE RIVER LAKE/RESERVOIR SYSTEM,107,151,171,181,195,204
834,217,GEORGETOWN,MUNICIPAL,G,BELL,Y,EDWARDS-BFZ AQUIFER | WILLIAMSON,2,2,2,2,2,2
834,217,GEORGETOWN,MUNICIPAL,G,WILLIAMSON,Y,EDWARDS-BFZ AQUIFER | WILLIAMSON,70,214,289,289,289,289
834,368,GEORGETOWN,MUNICIPAL,G,BELL,Y,HIGHLAND LAKES LAKE/RESERVOIR SYSTEM,40,32,26,20,18,14
834,368,GEORGETOWN,MUNICIPAL,G,WILLIAMSON,Y,HIGHLAND LAKES LAKE/RESERVOIR SYSTEM,2308,2316,2322,2328,2330,2334
835,791,GHOLSON WSC,MUNICIPAL,G,HILL,Y,TRINITY AQUIFER | MCLENNAN,213,213,212,213,213,213
835,791,GHOLSON WSC,MUNICIPAL,G,MCLENNAN,Y,TRINITY AQUIFER | MCLENNAN,553,553,554,553,553,553
836,101,GIDDINGS,MUNICIPAL,G,LEE,N,CARRIZO-WILCOX AQUIFER | LEE,1691,1690,1689,1688,1687,1687
837,94,GILL WSC,MUNICIPAL,D,HARRISON,Y,CARRIZO-WILCOX AQUIFER | HARRISON,250,250,250,250,250,250
837,94,GILL WSC,MUNICIPAL,I,PANOLA,Y,CARRIZO-WILCOX AQUIFER | HARRISON,126,126,126,126,126,126
837,457,GILL WSC,MUNICIPAL,D,HARRISON,Y,O' THE PINES LAKE/RESERVOIR,67,67,67,67,67,67
837,457,GILL WSC,MUNICIPAL,I,PANOLA,Y,O' THE PINES LAKE/RESERVOIR,33,33,33,33,33,33
838,125,GILMER,MUNICIPAL,D,UPSHUR,N,CARRIZO-WILCOX AQUIFER | UPSHUR,1226,1226,1226,1226,1226,1226
839,288,GLADEWATER,MUNICIPAL,D,GREGG,Y,GLADEWATER LAKE/RESERVOIR,982,987,999,1013,1030,866
839,288,GLADEWATER,MUNICIPAL,D,UPSHUR,Y,GLADEWATER LAKE/RESERVOIR,597,592,580,566,549,505
840,802,GLEN ROSE,MUNICIPAL,G,SOMERVELL,N,TRINITY AQUIFER | SOMERVELL,392,392,392,392,392,392
841,279,GLENN HEIGHTS,MUNICIPAL,C,DALLAS,Y,FORK LAKE/RESERVOIR,134,144,148,150,152,154
841,279,GLENN HEIGHTS,MUNICIPAL,C,ELLIS,Y,FORK LAKE/RESERVOIR,80,102,124,147,171,199
841,390,GLENN HEIGHTS,MUNICIPAL,C,DALLAS,Y,TRINITY INDIRECT REUSE,137,166,193,197,202,211
841,390,GLENN HEIGHTS,MUNICIPAL,C,ELLIS,Y,TRINITY INDIRECT REUSE,83,118,162,194,229,270
841,648,GLENN HEIGHTS,MUNICIPAL,C,DALLAS,Y,RAY HUBBARD LAKE/RESERVOIR,139,143,140,136,131,128
841,648,GLENN HEIGHTS,MUNICIPAL,C,ELLIS,Y,RAY HUBBARD LAKE/RESERVOIR,84,101,118,133,149,165
841,650,GLENN HEIGHTS,MUNICIPAL,C,DALLAS,Y,RAY ROBERTS-LEWISVILLE-GRAPEVINE LAKE/RESERVOIR SYSTEM,336,333,310,307,303,303
841,650,GLENN HEIGHTS,MUNICIPAL,C,ELLIS,Y,RAY ROBERTS-LEWISVILLE-GRAPEVINE LAKE/RESERVOIR SYSTEM,203,237,262,302,344,389
841,738,GLENN HEIGHTS,MUNICIPAL,C,DALLAS,Y,TAWAKONI LAKE/RESERVOIR,560,581,574,561,547,539
841,738,GLENN HEIGHTS,MUNICIPAL,C,ELLIS,Y,TAWAKONI LAKE/RESERVOIR,338,412,483,551,620,692
841,768,GLENN HEIGHTS,MUNICIPAL,C,DALLAS,Y,TRINITY AQUIFER | DALLAS,42,40,37,34,32,30
841,768,GLENN HEIGHTS,MUNICIPAL,C,ELLIS,Y,TRINITY AQUIFER | DALLAS,26,28,31,34,36,38
841,835,GLENN HEIGHTS,MUNICIPAL,C,DALLAS,Y,WOODBINE AQUIFER | DALLAS,28,26,24,23,21,20
841,835,GLENN HEIGHTS,MUNICIPAL,C,ELLIS,Y,WOODBINE AQUIFER | DALLAS,17,19,21,22,24,25
842,784,GODLEY,MUNICIPAL,G,JOHNSON,N,TRINITY AQUIFER | JOHNSON,182,182,182,182,182,182
844,271,GOLDTHWAITE,MUNICIPAL,K,MILLS,N,ELLENBURGER-SAN SABA AQUIFER | SAN SABA,200,200,200,200,200,200
844,794,GOLDTHWAITE,MUNICIPAL,K,MILLS,N,TRINITY AQUIFER | MILLS,307,307,307,307,307,307
845,311,GOLIAD,MUNICIPAL,L,GOLIAD,N,GULF COAST AQUIFER SYSTEM | GOLIAD,920,920,920,920,920,920
846,90,GONZALES,MUNICIPAL,L,GONZALES,N,CARRIZO-WILCOX AQUIFER | GONZALES,2920,2920,2920,2920,2920,2920
846,661,GONZALES,MUNICIPAL,L,GONZALES,N,GUADALUPE RUN-OF-RIVER,2240,2240,2240,2240,2240,2240
847,90,GONZALES COUNTY WSC,MUNICIPAL,L,CALDWELL,Y,CARRIZO-WILCOX AQUIFER | GONZALES,48,47,48,48,50,51
847,90,GONZALES COUNTY WSC,MUNICIPAL,L,DEWITT,Y,CARRIZO-WILCOX AQUIFER | GONZALES,67,66,65,65,63,61
847,90,GONZALES COUNTY WSC,MUNICIPAL,L,GONZALES,Y,CARRIZO-WILCOX AQUIFER | GONZALES,2396,2387,2374,2359,2341,2322
847,90,GONZALES COUNTY WSC,MUNICIPAL,L,GUADALUPE,Y,CARRIZO-WILCOX AQUIFER | GONZALES,42,53,66,81,99,119
848,54,GORMAN,MUNICIPAL,G,EASTLAND,N,BRAZOS RIVER AUTHORITY LITTLE RIVER LAKE/RESERVOIR SYSTEM,169,169,169,169,169,169
850,55,GRAHAM,MUNICIPAL,G,YOUNG,N,BRAZOS RIVER AUTHORITY MAIN STEM LAKE/RESERVOIR SYSTEM,905,899,893,836,709,703
851,55,GRANBURY,MUNICIPAL,G,HOOD,N,BRAZOS RIVER AUTHORITY MAIN STEM LAKE/RESERVOIR SYSTEM,1400,1400,1400,1400,1400,1400
851,781,GRANBURY,MUNICIPAL,G,HOOD,N,TRINITY AQUIFER | HOOD,1011,1011,1011,1011,1011,1011
853,279,GRAND PRAIRIE,MUNICIPAL,C,DALLAS,Y,FORK LAKE/RESERVOIR,1312,1308,1508,1541,1589,1568
853,279,GRAND PRAIRIE,MUNICIPAL,C,TARRANT,Y,FORK LAKE/RESERVOIR,693,657,739,754,778,768
853,390,GRAND PRAIRIE,MUNICIPAL,C,DALLAS,Y,TRINITY INDIRECT REUSE,1344,1506,1964,2027,2119,2136
853,390,GRAND PRAIRIE,MUNICIPAL,C,TARRANT,Y,TRINITY INDIRECT REUSE,710,757,962,991,1037,1046
853,648,GRAND PRAIRIE,MUNICIPAL,C,DALLAS,Y,RAY HUBBARD LAKE/RESERVOIR,1364,1297,1428,1395,1375,1299
853,648,GRAND PRAIRIE,MUNICIPAL,C,TARRANT,Y,RAY HUBBARD LAKE/RESERVOIR,720,652,699,682,674,636
853,650,GRAND PRAIRIE,MUNICIPAL,C,DALLAS,Y,RAY ROBERTS-LEWISVILLE-GRAPEVINE LAKE/RESERVOIR SYSTEM,3302,3022,3171,3157,3177,3070
853,650,GRAND PRAIRIE,MUNICIPAL,C,TARRANT,Y,RAY ROBERTS-LEWISVILLE-GRAPEVINE LAKE/RESERVOIR SYSTEM,1743,1518,1552,1544,1555,1504
853,738,GRAND PRAIRIE,MUNICIPAL,C,DALLAS,Y,TAWAKONI LAKE/RESERVOIR,5496,5273,5856,5768,5737,5464
853,738,GRAND PRAIRIE,MUNICIPAL,C,TARRANT,Y,TAWAKONI LAKE/RESERVOIR,2902,2648,2867,2821,2809,2676
853,810,GRAND PRAIRIE,MUNICIPAL,C,DALLAS,Y,TRWD LAKE/RESERVOIR SYSTEM,7871,7974,8031,7457,7075,6641
853,810,GRAND PRAIRIE,MUNICIPAL,C,TARRANT,Y,TRWD LAKE/RESERVOIR SYSTEM,4156,4005,3932,3645,3464,3251
854,127,GRAND SALINE,MUNICIPAL,D,VAN ZANDT,N,CARRIZO-WILCOX AQUIFER | VAN ZANDT,345,345,359,364,362,374
855,843,GRANDVIEW,MUNICIPAL,G,JOHNSON,N,WOODBINE AQUIFER | JOHNSON,364,364,364,364,364,364
856,807,GRANGER,MUNICIPAL,G,WILLIAMSON,N,TRINITY AQUIFER | WILLIAMSON,253,252,253,252,253,253
857,368,GRANITE SHOALS,MUNICIPAL,K,BURNET,N,HIGHLAND LAKES LAKE/RESERVOIR SYSTEM,830,830,830,830,830,830
858,97,GRAPELAND,MUNICIPAL,I,HOUSTON,N,CARRIZO-WILCOX AQUIFER | HOUSTON,230,232,240,242,244,248
858,371,GRAPELAND,MUNICIPAL,I,HOUSTON,N,HOUSTON COUNTY LAKE/RESERVOIR,0,0,0,0,0,0
859,292,GRAPEVINE,MUNICIPAL,C,TARRANT,N,GRAPEVINE LAKE/RESERVOIR NON-SYSTEM PORTION,2050,2025,2000,1960,1920,1880
859,390,GRAPEVINE,MUNICIPAL,C,TARRANT,N,TRINITY INDIRECT REUSE,2234,2225,2225,2225,2225,2225
859,650,GRAPEVINE,MUNICIPAL,C,TARRANT,N,RAY ROBERTS-LEWISVILLE-GRAPEVINE LAKE/RESERVOIR SYSTEM,2699,2557,2449,2383,2319,2272
859,810,GRAPEVINE,MUNICIPAL,C,TARRANT,N,TRWD LAKE/RESERVOIR SYSTEM,9951,8764,8140,7419,6874,6453
860,315,GREEN TRAILS MUD,MUNICIPAL,H,HARRIS,N,GULF COAST AQUIFER SYSTEM | HARRIS,594,477,477,477,480,483
861,64,GREEN VALLEY SUD,MUNICIPAL,L,BEXAR,Y,CANYON LAKE/RESERVOIR,61,55,50,46,41,40
861,64,GREEN VALLEY SUD,MUNICIPAL,L,COMAL,Y,CANYON LAKE/RESERVOIR,46,51,57,64,69,72
861,64,GREEN VALLEY SUD,MUNICIPAL,L,GUADALUPE,Y,CANYON LAKE/RESERVOIR,1493,1494,1493,1490,1490,1488
861,80,GREEN VALLEY SUD,MUNICIPAL,L,BEXAR,Y,CARRIZO-WILCOX AQUIFER | CALDWELL,61,56,50,46,42,39
861,80,GREEN VALLEY SUD,MUNICIPAL,L,COMAL,Y,CARRIZO-WILCOX AQUIFER | CALDWELL,45,50,56,63,68,72
861,80,GREEN VALLEY SUD,MUNICIPAL,L,GUADALUPE,Y,CARRIZO-WILCOX AQUIFER | CALDWELL,1489,1489,1489,1486,1485,1484
861,90,GREEN VALLEY SUD,MUNICIPAL,L,BEXAR,Y,CARRIZO-WILCOX AQUIFER | GONZALES,39,35,32,28,26,25
861,90,GREEN VALLEY SUD,MUNICIPAL,L,COMAL,Y,CARRIZO-WILCOX AQUIFER | GONZALES,28,32,35,40,43,45
861,90,GREEN VALLEY SUD,MUNICIPAL,L,GUADALUPE,Y,CARRIZO-WILCOX AQUIFER | GONZALES,933,933,933,932,931,930
861,93,GREEN VALLEY SUD,MUNICIPAL,L,BEXAR,Y,CARRIZO-WILCOX AQUIFER | GUADALUPE,224,204,184,167,154,144
861,93,GREEN VALLEY SUD,MUNICIPAL,L,COMAL,Y,CARRIZO-WILCOX AQUIFER | GUADALUPE,166,185,207,232,251,266
861,93,GREEN VALLEY SUD,MUNICIPAL,L,GUADALUPE,Y,CARRIZO-WILCOX AQUIFER | GUADALUPE,5466,5467,5465,5457,5451,5446
861,210,GREEN VALLEY SUD,MUNICIPAL,L,BEXAR,Y,EDWARDS-BFZ AQUIFER | COMAL,71,65,59,54,49,47
861,210,GREEN VALLEY SUD,MUNICIPAL,L,COMAL,Y,EDWARDS-BFZ AQUIFER | COMAL,53,60,66,75,81,85
861,210,GREEN VALLEY SUD,MUNICIPAL,L,GUADALUPE,Y,EDWARDS-BFZ AQUIFER | COMAL,1751,1750,1750,1746,1745,1743
861,756,GREEN VALLEY SUD,MUNICIPAL,L,BEXAR,Y,TRINITY AQUIFER | BEXAR,23,21,19,17,16,15
861,756,GREEN VALLEY SUD,MUNICIPAL,L,COMAL,Y,TRINITY AQUIFER | BEXAR,17,19,21,24,25,27
861,756,GREEN VALLEY SUD,MUNICIPAL,L,GUADALUPE,Y,TRINITY AQUIFER | BEXAR,560,560,560,559,559,558
862,163,GREGORY,MUNICIPAL,N,SAN PATRICIO,N,CORPUS CHRISTI-CHOKE CANYON LAKE/RESERVOIR SYSTEM,135,130,128,131,133,135
862,742,GREGORY,MUNICIPAL,N,SAN PATRICIO,N,TEXANA LAKE/RESERVOIR,135,130,129,131,133,135
863,655,GROESBECK,MUNICIPAL,G,LIMESTONE,N,BRAZOS RUN-OF-RIVER,0,0,0,0,0,0
864,465,GROOM MUNICIPAL WATER SYSTEM,MUNICIPAL,A,CARSON,N,OGALLALA AQUIFER | CARSON,182,168,168,168,168,168
865,683,GROVES,MUNICIPAL,I,JEFFERSON,N,SAM RAYBURN-STEINHAGEN LAKE/RESERVOIR SYSTEM,2289,2279,2279,2279,2279,2279
866,410,GROVETON,MUNICIPAL,H,TRINITY,Y,LIVINGSTON-WALLISVILLE LAKE/RESERVOIR SYSTEM,30,31,32,33,35,37
866,410,GROVETON,MUNICIPAL,I,TRINITY,Y,LIVINGSTON-WALLISVILLE LAKE/RESERVOIR SYSTEM,23,22,21,20,18,16
866,868,GROVETON,MUNICIPAL,H,TRINITY,Y,YEGUA-JACKSON AQUIFER | TRINITY,31,26,21,18,14,10
866,868,GROVETON,MUNICIPAL,I,TRINITY,Y,YEGUA-JACKSON AQUIFER | TRINITY,23,19,13,10,7,4
867,482,GRUVER,MUNICIPAL,A,HANSFORD,N,OGALLALA AQUIFER | HANSFORD,301,301,301,301,301,301
868,94,GUM SPRINGS WSC,MUNICIPAL,D,HARRISON,N,CARRIZO-WILCOX AQUIFER | HARRISON,427,427,427,427,427,427
868,150,GUM SPRINGS WSC,MUNICIPAL,D,HARRISON,N,CHEROKEE LAKE/RESERVOIR,194,194,194,194,194,194
868,279,GUM SPRINGS WSC,MUNICIPAL,D,HARRISON,N,FORK LAKE/RESERVOIR,746,746,746,746,746,746
868,457,GUM SPRINGS WSC,MUNICIPAL,D,HARRISON,N,O' THE PINES LAKE/RESERVOIR,2000,2000,2000,2000,2000,2000
870,148,GUNTER,MUNICIPAL,C,GRAYSON,N,CHAPMAN/COOPER LAKE/RESERVOIR NON-SYSTEM PORTION,15,14,11,13,13,13
870,390,GUNTER,MUNICIPAL,C,GRAYSON,N,TRINITY INDIRECT REUSE,4,5,6,6,6,7
870,646,GUNTER,MUNICIPAL,C,GRAYSON,N,RALPH HALL LAKE/RESERVOIR,53,49,43,46,50,53
870,650,GUNTER,MUNICIPAL,C,GRAYSON,N,RAY ROBERTS-LEWISVILLE-GRAPEVINE LAKE/RESERVOIR SYSTEM,58,61,60,63,66,69
870,777,GUNTER,MUNICIPAL,C,GRAYSON,N,TRINITY AQUIFER | GRAYSON,175,175,175,175,175,175
873,390,HACKBERRY,MUNICIPAL,C,DENTON,N,TRINITY INDIRECT REUSE,480,599,683,768,885,1024
873,738,HACKBERRY,MUNICIPAL,C,DENTON,N,TAWAKONI LAKE/RESERVOIR,30,36,41,45,52,60
873,1068,HACKBERRY,MUNICIPAL,C,DENTON,N,NORTH TEXAS MWD LAKE/RESERVOIR SYSTEM,800,944,1042,1129,1244,1385
874,481,HALE CENTER,MUNICIPAL,O,HALE,N,OGALLALA AND EDWARDS-TRINITY-HIGH PLAINS AQUIFERS | HALE,956,956,956,956,956,956
875,325,HALLETTSVILLE,MUNICIPAL,P,LAVACA,N,GULF COAST AQUIFER SYSTEM | LAVACA,959,959,959,959,959,959
876,791,H & H WSC,MUNICIPAL,G,MCLENNAN,N,TRINITY AQUIFER | MCLENNAN,299,296,291,286,281,281
877,94,HALLSVILLE,MUNICIPAL,D,HARRISON,N,CARRIZO-WILCOX AQUIFER | HARRISON,77,77,77,77,77,77
877,150,HALLSVILLE,MUNICIPAL,D,HARRISON,N,CHEROKEE LAKE/RESERVOIR,553,553,553,553,553,553
877,279,HALLSVILLE,MUNICIPAL,D,HARRISON,N,FORK LAKE/RESERVOIR,334,334,334,334,334,334
878,810,HALTOM CITY,MUNICIPAL,C,TARRANT,N,TRWD LAKE/RESERVOIR SYSTEM,4602,4029,3742,3411,3160,2967
879,54,HAMILTON,MUNICIPAL,G,HAMILTON,N,BRAZOS RIVER AUTHORITY LITTLE RIVER LAKE/RESERVOIR SYSTEM,670,670,670,670,670,670
880,373,HAMLIN,MUNICIPAL,G,JONES,N,HUBBARD CREEK LAKE/RESERVOIR,524,521,511,503,495,495
881,199,HAPPY,MUNICIPAL,A,RANDALL,Y,DOCKUM AQUIFER | SWISHER,10,11,12,13,14,16
881,199,HAPPY,MUNICIPAL,O,SWISHER,Y,DOCKUM AQUIFER | SWISHER,476,475,474,473,472,470
883,326,HARDIN WSC,MUNICIPAL,H,LIBERTY,N,GULF COAST AQUIFER SYSTEM | LIBERTY,524,532,543,555,576,603
884,54,HARKER HEIGHTS,MUNICIPAL,G,BELL,N,BRAZOS RIVER AUTHORITY LITTLE RIVER LAKE/RESERVOIR SYSTEM,7486,7439,7391,7345,7297,7250
888,169,HARRIS COUNTY MUD 11,MUNICIPAL,H,HARRIS,N,DIRECT REUSE,45,45,45,45,45,45
888,315,HARRIS COUNTY MUD 11,MUNICIPAL,H,HARRIS,N,GULF COAST AQUIFER SYSTEM | HARRIS,372,297,297,297,296,296
890,315,HARRIS COUNTY MUD 132,MUNICIPAL,H,HARRIS,N,GULF COAST AQUIFER SYSTEM | HARRIS,1906,1951,2016,2041,2101,2132
892,315,HARRIS COUNTY MUD 151,MUNICIPAL,H,HARRIS,N,GULF COAST AQUIFER SYSTEM | HARRIS,1107,1121,1144,1157,1206,1216
893,315,HARRIS COUNTY MUD 152,MUNICIPAL,H,HARRIS,N,GULF COAST AQUIFER SYSTEM | HARRIS,1012,1024,1059,1072,1109,1122
894,315,HARRIS COUNTY MUD 153,MUNICIPAL,H,HARRIS,N,GULF COAST AQUIFER SYSTEM | HARRIS,1491,1197,1206,1209,1219,1223
895,315,HARRIS COUNTY MUD 154,MUNICIPAL,H,HARRIS,N,GULF COAST AQUIFER SYSTEM | HARRIS,1293,1036,1043,1045,1052,1055
897,315,HARRIS COUNTY MUD 180,MUNICIPAL,H,HARRIS,N,GULF COAST AQUIFER SYSTEM | HARRIS,524,531,534,536,546,560
898,315,HARRIS COUNTY MUD 189,MUNICIPAL,H,HARRIS,N,GULF COAST AQUIFER SYSTEM | HARRIS,562,453,454,455,460,465
902,315,HARRIS COUNTY MUD 345,MUNICIPAL,H,HARRIS,N,GULF COAST AQUIFER SYSTEM | HARRIS,939,752,753,754,762,763
903,315,HARRIS COUNTY MUD 46,MUNICIPAL,H,HARRIS,N,GULF COAST AQUIFER SYSTEM | HARRIS,657,654,656,658,658,658
904,315,HARRIS COUNTY MUD 5,MUNICIPAL,H,HARRIS,N,GULF COAST AQUIFER SYSTEM | HARRIS,202,102,103,104,106,110
904,372,HARRIS COUNTY MUD 5,MUNICIPAL,H,HARRIS,N,HOUSTON LAKE/RESERVOIR,304,407,411,415,425,438
905,315,HARRIS COUNTY MUD 50,MUNICIPAL,H,HARRIS,N,GULF COAST AQUIFER SYSTEM | HARRIS,88,90,93,95,99,102
907,315,HARRIS COUNTY MUD 55,MUNICIPAL,H,HARRIS,N,GULF COAST AQUIFER SYSTEM | HARRIS,244,245,244,241,243,245
907,410,HARRIS COUNTY MUD 55,MUNICIPAL,H,HARRIS,N,LIVINGSTON-WALLISVILLE LAKE/RESERVOIR SYSTEM,3878,3878,3878,3878,3878,3878
908,315,HARRIS COUNTY MUD 8,MUNICIPAL,H,HARRIS,N,GULF COAST AQUIFER SYSTEM | HARRIS,103,105,111,113,112,112
908,410,HARRIS COUNTY MUD 8,MUNICIPAL,H,HARRIS,N,LIVINGSTON-WALLISVILLE LAKE/RESERVOIR SYSTEM,530,530,530,530,530,530
909,315,HARRIS COUNTY UD 14,MUNICIPAL,H,HARRIS,N,GULF COAST AQUIFER SYSTEM | HARRIS,210,168,169,169,169,169
910,315,HARRIS COUNTY UD 15,MUNICIPAL,H,HARRIS,N,GULF COAST AQUIFER SYSTEM | HARRIS,528,423,423,423,425,427
911,315,HARRIS COUNTY WCID 1,MUNICIPAL,H,HARRIS,N,GULF COAST AQUIFER SYSTEM | HARRIS,131,133,138,140,148,149
911,410,HARRIS COUNTY WCID 1,MUNICIPAL,H,HARRIS,N,LIVINGSTON-WALLISVILLE LAKE/RESERVOIR SYSTEM,952,952,952,952,952,952
912,315,HARRIS COUNTY WCID 133,MUNICIPAL,H,HARRIS,N,GULF COAST AQUIFER SYSTEM | HARRIS,741,596,596,596,595,595
918,466,HART MUNICIPAL WATER SYSTEM,MUNICIPAL,O,CASTRO,N,OGALLALA AND EDWARDS-TRINITY-HIGH PLAINS AQUIFERS | CASTRO,559,559,559,559,559,559
919,430,HASKELL,MUNICIPAL,G,HASKELL,N,MILLERS CREEK LAKE/RESERVOIR,21,16,10,5,0,0
920,810,HASLET,MUNICIPAL,C,TARRANT,N,TRWD LAKE/RESERVOIR SYSTEM,2220,2669,3267,3240,3272,3071
921,131,HAWKINS,MUNICIPAL,D,WOOD,N,CARRIZO-WILCOX AQUIFER | WOOD,890,890,890,890,890,890
923,55,HAWLEY WSC,MUNICIPAL,G,JONES,Y,BRAZOS RIVER AUTHORITY MAIN STEM LAKE/RESERVOIR SYSTEM,1,0,0,0,0,0
923,55,HAWLEY WSC,MUNICIPAL,G,TAYLOR,Y,BRAZOS RIVER AUTHORITY MAIN STEM LAKE/RESERVOIR SYSTEM,0,0,0,2,0,0
923,281,HAWLEY WSC,MUNICIPAL,G,JONES,Y,FORT PHANTOM HILL LAKE/RESERVOIR,333,334,335,338,340,342
923,281,HAWLEY WSC,MUNICIPAL,G,TAYLOR,Y,FORT PHANTOM HILL LAKE/RESERVOIR,11,14,18,20,26,31
923,373,HAWLEY WSC,MUNICIPAL,G,JONES,Y,HUBBARD CREEK LAKE/RESERVOIR,196,195,196,196,196,196
923,373,HAWLEY WSC,MUNICIPAL,G,TAYLOR,Y,HUBBARD CREEK LAKE/RESERVOIR,25,26,25,25,25,25
924,117,HEARNE,MUNICIPAL,G,ROBERTSON,N,CARRIZO-WILCOX AQUIFER | ROBERTSON,2481,2481,2481,2481,2481,2481
925,390,HEATH,MUNICIPAL,C,KAUFMAN,Y,TRINITY INDIRECT REUSE,20,26,31,29,28,27
925,390,HEATH,MUNICIPAL,C,ROCKWALL,Y,TRINITY INDIRECT REUSE,1256,1468,1700,1580,1501,1455
925,738,HEATH,MUNICIPAL,C,KAUFMAN,Y,TAWAKONI LAKE/RESERVOIR,1,2,2,2,2,2
925,738,HEATH,MUNICIPAL,C,ROCKWALL,Y,TAWAKONI LAKE/RESERVOIR,78,88,101,93,88,84
925,1068,HEATH,MUNICIPAL,C,KAUFMAN,Y,NORTH TEXAS MWD LAKE/RESERVOIR SYSTEM,35,41,48,43,39,36
925,1068,HEATH,MUNICIPAL,C,ROCKWALL,Y,NORTH TEXAS MWD LAKE/RESERVOIR SYSTEM,2091,2319,2592,2322,2108,1969
926,320,JIM HOGG COUNTY WCID 2,MUNICIPAL,M,JIM HOGG,N,GULF COAST AQUIFER SYSTEM | JIM HOGG,1412,1412,1412,1412,1412,1412
930,748,HEMPHILL,MUNICIPAL,I,SABINE,N,TOLEDO BEND LAKE/RESERVOIR,476,476,476,476,476,476
931,344,HEMPSTEAD,MUNICIPAL,H,WALLER,N,GULF COAST AQUIFER SYSTEM | WALLER,1258,1289,1290,1296,1306,1306
932,118,HENDERSON,MUNICIPAL,I,RUSK,N,CARRIZO-WILCOX AQUIFER | RUSK,1878,1878,1878,1878,1878,1878
932,279,HENDERSON,MUNICIPAL,I,RUSK,N,FORK LAKE/RESERVOIR,4515,4465,4416,4367,4317,4268
932,669,HENDERSON,MUNICIPAL,I,RUSK,N,SABINE RUN-OF-RIVER,10,10,10,10,10,10
932,734,HENDERSON,MUNICIPAL,I,RUSK,N,STRIKER LAKE/RESERVOIR,153,168,185,204,224,246
933,667,HENRIETTA,MUNICIPAL,B,CLAY,N,RED RUN-OF-RIVER,1130,1130,1130,1130,1130,1130
934,178,HEREFORD,MUNICIPAL,O,DEAF SMITH,N,DOCKUM AQUIFER | DEAF SMITH,3422,3422,3422,3422,3422,3422
934,472,HEREFORD,MUNICIPAL,O,DEAF SMITH,N,OGALLALA AND EDWARDS-TRINITY-HIGH PLAINS AQUIFERS | DEAF SMITH,3337,3337,3337,3337,3337,3337
935,791,HEWITT,MUNICIPAL,G,MCLENNAN,N,TRINITY AQUIFER | MCLENNAN,1429,1429,1429,1429,1429,1429
935,818,HEWITT,MUNICIPAL,G,MCLENNAN,N,WACO LAKE/RESERVOIR,1120,1120,1120,1120,1120,1120
938,842,HICKORY CREEK SUD,MUNICIPAL,C,COLLIN,Y,WOODBINE AQUIFER | HUNT,6,7,7,7,7,7
938,842,HICKORY CREEK SUD,MUNICIPAL,C,FANNIN,Y,WOODBINE AQUIFER | HUNT,20,16,14,12,10,9
938,842,HICKORY CREEK SUD,MUNICIPAL,D,HUNT,Y,WOODBINE AQUIFER | HUNT,342,345,347,349,351,352
939,778,HICO,MUNICIPAL,G,HAMILTON,N,TRINITY AQUIFER | HAMILTON,567,567,567,567,567,567
940,6,HIDALGO,MUNICIPAL,M,HIDALGO,N,AMISTAD-FALCON LAKE/RESERVOIR SYSTEM,137,137,137,137,136,136
940,316,HIDALGO,MUNICIPAL,M,HIDALGO,N,GULF COAST AQUIFER SYSTEM | HIDALGO,1617,1782,1782,1782,1782,1782
941,6,HIDALGO COUNTY MUD 1,MUNICIPAL,M,HIDALGO,N,AMISTAD-FALCON LAKE/RESERVOIR SYSTEM,577,577,577,577,576,576
942,390,HIGH POINT WSC,MUNICIPAL,C,KAUFMAN,Y,TRINITY INDIRECT REUSE,572,776,986,1214,1482,1794
942,390,HIGH POINT WSC,MUNICIPAL,C,ROCKWALL,Y,TRINITY INDIRECT REUSE,54,68,82,96,116,136
942,738,HIGH POINT WSC,MUNICIPAL,C,KAUFMAN,Y,TAWAKONI LAKE/RESERVOIR,34,46,60,72,88,104
942,738,HIGH POINT WSC,MUNICIPAL,C,ROCKWALL,Y,TAWAKONI LAKE/RESERVOIR,4,4,4,6,6,8
942,1068,HIGH POINT WSC,MUNICIPAL,C,KAUFMAN,Y,NORTH TEXAS MWD LAKE/RESERVOIR SYSTEM,952,1226,1500,1780,2086,2426
942,1068,HIGH POINT WSC,MUNICIPAL,C,ROCKWALL,Y,NORTH TEXAS MWD LAKE/RESERVOIR SYSTEM,92,110,126,142,162,184
943,292,HIGHLAND PARK,MUNICIPAL,C,DALLAS,N,GRAPEVINE LAKE/RESERVOIR NON-SYSTEM PORTION,4144,4139,4139,4139,4139,4139
944,148,HIGHLAND VILLAGE,MUNICIPAL,C,DENTON,N,CHAPMAN/COOPER LAKE/RESERVOIR NON-SYSTEM PORTION,255,196,147,138,128,116
944,390,HIGHLAND VILLAGE,MUNICIPAL,C,DENTON,N,TRINITY INDIRECT REUSE,76,79,73,69,64,58
944,646,HIGHLAND VILLAGE,MUNICIPAL,C,DENTON,N,RALPH HALL LAKE/RESERVOIR,914,722,553,531,505,469
944,650,HIGHLAND VILLAGE,MUNICIPAL,C,DENTON,N,RAY ROBERTS-LEWISVILLE-GRAPEVINE LAKE/RESERVOIR SYSTEM,1006,902,768,725,676,613
944,770,HIGHLAND VILLAGE,MUNICIPAL,C,DENTON,N,TRINITY AQUIFER | DENTON,1411,1411,1411,1411,1411,1411
947,299,HILLCREST VILLAGE,MUNICIPAL,H,BRAZORIA,N,GULF COAST AQUIFER SYSTEM | BRAZORIA,102,96,92,88,85,83
948,53,HILLSBORO,MUNICIPAL,G,HILL,N,BRAZOS RIVER AUTHORITY AQUILLA LAKE/RESERVOIR SYSTEM,3633,3631,3630,3622,3464,3308
949,315,HILSHIRE VILLAGE,MUNICIPAL,H,HARRIS,N,GULF COAST AQUIFER SYSTEM | HARRIS,83,41,41,42,41,41
949,410,HILSHIRE VILLAGE,MUNICIPAL,H,HARRIS,N,LIVINGSTON-WALLISVILLE LAKE/RESERVOIR SYSTEM,125,166,166,166,165,164
950,55,HITCHCOCK,MUNICIPAL,H,GALVESTON,N,BRAZOS RIVER AUTHORITY MAIN STEM LAKE/RESERVOIR SYSTEM,228,257,276,294,311,326
950,310,HITCHCOCK,MUNICIPAL,H,GALVESTON,N,GULF COAST AQUIFER SYSTEM | GALVESTON,50,50,50,50,50,50
950,655,HITCHCOCK,MUNICIPAL,H,GALVESTON,N,BRAZOS RUN-OF-RIVER,1213,1206,1199,1191,1185,1178
950,1076,HITCHCOCK,MUNICIPAL,H,GALVESTON,N,BRA SYSTEM OPERATIONS PERMIT SUPPLY,395,364,334,303,271,240
952,54,HOLLAND,MUNICIPAL,G,BELL,N,BRAZOS RIVER AUTHORITY LITTLE RIVER LAKE/RESERVOIR SYSTEM,248,248,248,248,248,248
952,755,HOLLAND,MUNICIPAL,G,BELL,N,TRINITY AQUIFER | BELL,83,83,83,83,83,83
953,386,HOLLIDAY,MUNICIPAL,B,ARCHER,Y,RED INDIRECT REUSE,79,77,76,76,75,76
953,386,HOLLIDAY,MUNICIPAL,B,WICHITA,Y,RED INDIRECT REUSE,1,2,2,2,2,1
953,830,HOLLIDAY,MUNICIPAL,B,ARCHER,Y,LITTLE WICHITA RIVER LAKE/RESERVOIR SYSTEM,142,132,121,112,103,94
953,830,HOLLIDAY,MUNICIPAL,B,WICHITA,Y,LITTLE WICHITA RIVER LAKE/RESERVOIR SYSTEM,3,3,3,3,2,2
956,214,HONDO,MUNICIPAL,L,MEDINA,N,EDWARDS-BFZ AQUIFER | MEDINA,1823,1823,1823,1823,1823,1823
957,839,HONEY GROVE,MUNICIPAL,C,FANNIN,N,WOODBINE AQUIFER | FANNIN,284,256,228,198,170,142
958,854,HOOKS,MUNICIPAL,D,BOWIE,N,WRIGHT PATMAN LAKE/RESERVOIR,0,0,0,0,0,0
960,390,HOWE,MUNICIPAL,C,GRAYSON,N,TRINITY INDIRECT REUSE,34,36,36,38,38,39
960,738,HOWE,MUNICIPAL,C,GRAYSON,N,TAWAKONI LAKE/RESERVOIR,2,2,2,2,2,2
960,840,HOWE,MUNICIPAL,C,GRAYSON,N,WOODBINE AQUIFER | GRAYSON,282,282,282,282,282,282
960,1068,HOWE,MUNICIPAL,C,GRAYSON,N,NORTH TEXAS MWD LAKE/RESERVOIR SYSTEM,58,56,56,54,54,53
961,453,HUBBARD,MUNICIPAL,G,HILL,N,NAVARRO MILLS LAKE/RESERVOIR,130,127,120,117,113,108
961,652,HUBBARD,MUNICIPAL,G,HILL,N,CORSICANA RICHLAND CHAMBERS-HALBERT LAKE/RESERVOIR SYSTEM,26,26,24,23,23,22
961,780,HUBBARD,MUNICIPAL,G,HILL,N,TRINITY AQUIFER | HILL,257,258,257,258,257,257
963,798,HUDSON OAKS,MUNICIPAL,C,PARKER,N,TRINITY AQUIFER | PARKER,400,400,400,400,400,400
963,810,HUDSON OAKS,MUNICIPAL,C,PARKER,N,TRWD LAKE/RESERVOIR SYSTEM,1270,1166,1120,1063,1037,1011
964,72,HUDSON WSC,MUNICIPAL,I,ANGELINA,N,CARRIZO-WILCOX AQUIFER | ANGELINA,1003,1020,1028,1038,1047,1057
965,457,HUGHES SPRINGS,MUNICIPAL,D,CASS,N,O' THE PINES LAKE/RESERVOIR,562,562,562,562,562,562
966,315,HUMBLE,MUNICIPAL,H,HARRIS,N,GULF COAST AQUIFER SYSTEM | HARRIS,1876,968,1107,1172,1210,1229
966,372,HUMBLE,MUNICIPAL,H,HARRIS,N,HOUSTON LAKE/RESERVOIR,2814,3873,4429,4688,4841,4915
968,72,HUNTINGTON,MUNICIPAL,I,ANGELINA,N,CARRIZO-WILCOX AQUIFER | ANGELINA,448,448,448,448,448,448
968,855,HUNTINGTON,MUNICIPAL,I,ANGELINA,N,YEGUA-JACKSON AQUIFER | ANGELINA,261,264,266,269,271,274
969,803,HURST,MUNICIPAL,C,TARRANT,N,TRINITY AQUIFER | TARRANT,378,378,378,378,378,378
969,810,HURST,MUNICIPAL,C,TARRANT,N,TRWD LAKE/RESERVOIR SYSTEM,5859,5127,4771,4356,4045,3798
970,279,HUTCHINS,MUNICIPAL,C,DALLAS,N,FORK LAKE/RESERVOIR,174,189,194,197,200,204
970,390,HUTCHINS,MUNICIPAL,C,DALLAS,N,TRINITY INDIRECT REUSE,178,218,253,259,266,278
970,648,HUTCHINS,MUNICIPAL,C,DALLAS,N,RAY HUBBARD LAKE/RESERVOIR,181,187,184,178,173,169
970,650,HUTCHINS,MUNICIPAL,C,DALLAS,N,RAY ROBERTS-LEWISVILLE-GRAPEVINE LAKE/RESERVOIR SYSTEM,438,437,409,404,400,399
970,738,HUTCHINS,MUNICIPAL,C,DALLAS,N,TAWAKONI LAKE/RESERVOIR,728,762,754,738,721,711
971,54,HUTTO,MUNICIPAL,G,WILLIAMSON,N,BRAZOS RIVER AUTHORITY LITTLE RIVER LAKE/RESERVOIR SYSTEM,336,336,336,336,336,336
971,215,HUTTO,MUNICIPAL,G,WILLIAMSON,N,EDWARDS-BFZ AQUIFER | TRAVIS,462,462,462,462,462,462
971,217,HUTTO,MUNICIPAL,G,WILLIAMSON,N,EDWARDS-BFZ AQUIFER | WILLIAMSON,505,476,461,461,461,461
972,490,IDALOU,MUNICIPAL,O,LUBBOCK,N,OGALLALA AND EDWARDS-TRINITY-HIGH PLAINS AQUIFERS | LUBBOCK,1306,1306,1306,1306,1306,1306
974,163,INGLESIDE,MUNICIPAL,N,SAN PATRICIO,N,CORPUS CHRISTI-CHOKE CANYON LAKE/RESERVOIR SYSTEM,493,504,511,510,510,509
974,742,INGLESIDE,MUNICIPAL,N,SAN PATRICIO,N,TEXANA LAKE/RESERVOIR,493,504,511,511,510,510
978,386,IOWA PARK,MUNICIPAL,B,WICHITA,N,RED INDIRECT REUSE,389,384,377,374,368,364
978,830,IOWA PARK,MUNICIPAL,B,WICHITA,N,LITTLE WICHITA RIVER LAKE/RESERVOIR SYSTEM,706,654,599,548,502,454
979,246,IRAAN,MUNICIPAL,F,PECOS,N,"EDWARDS-TRINITY-PLATEAU, PECOS VALLEY, AND TRINITY AQUIFERS | PECOS",364,371,378,387,399,411
980,71,"IRRIGATION, ANDERSON",IRRIGATION,I,ANDERSON,N,CARRIZO-WILCOX AQUIFER | ANDERSON,492,492,492,492,492,492
980,609,"IRRIGATION, ANDERSON",IRRIGATION,I,ANDERSON,N,QUEEN CITY AQUIFER | ANDERSON,399,399,399,399,399,399
980,663,"IRRIGATION, ANDERSON",IRRIGATION,I,ANDERSON,N,NECHES RUN-OF-RIVER,80,80,80,80,80,80
980,675,"IRRIGATION, ANDERSON",IRRIGATION,I,ANDERSON,N,TRINITY RUN-OF-RIVER,1290,1290,1290,1290,1290,1290
981,138,"IRRIGATION, ANDREWS",IRRIGATION,F,ANDREWS,N,PECOS VALLEY AQUIFER | ANDREWS,131,131,131,131,130,130
981,169,"IRRIGATION, ANDREWS",IRRIGATION,F,ANDREWS,N,DIRECT REUSE,709,709,709,709,709,709
981,460,"IRRIGATION, ANDREWS",IRRIGATION,F,ANDREWS,N,OGALLALA AND EDWARDS-TRINITY-HIGH PLAINS AQUIFERS | ANDREWS,11358,9905,9090,8554,8119,7742
982,397,"IRRIGATION, ANGELINA",IRRIGATION,I,ANGELINA,N,KURTH LAKE/RESERVOIR,779,779,779,779,779,779
982,855,"IRRIGATION, ANGELINA",IRRIGATION,I,ANGELINA,N,YEGUA-JACKSON AQUIFER | ANGELINA,331,331,331,331,331,331
984,171,"IRRIGATION, ARMSTRONG",IRRIGATION,A,ARMSTRONG,N,DOCKUM AQUIFER | ARMSTRONG,3,3,3,3,3,3
984,461,"IRRIGATION, ARMSTRONG",IRRIGATION,A,ARMSTRONG,N,OGALLALA AQUIFER | ARMSTRONG,7718,6812,6125,5595,4987,4466
985,73,"IRRIGATION, ATASCOSA",IRRIGATION,L,ATASCOSA,N,CARRIZO-WILCOX AQUIFER | ATASCOSA,22425,22425,22425,22425,22425,22425
985,207,"IRRIGATION, ATASCOSA",IRRIGATION,L,ATASCOSA,N,EDWARDS-BFZ AQUIFER | ATASCOSA,635,635,635,635,635,635
985,611,"IRRIGATION, ATASCOSA",IRRIGATION,L,ATASCOSA,N,QUEEN CITY AQUIFER | ATASCOSA,1638,1638,1638,1638,1638,1638
985,710,"IRRIGATION, ATASCOSA",IRRIGATION,L,ATASCOSA,N,SPARTA AQUIFER | ATASCOSA,395,395,395,395,395,395
985,1055,"IRRIGATION, ATASCOSA",IRRIGATION,L,ATASCOSA,N,YEGUA-JACKSON AQUIFER | ATASCOSA,530,530,530,530,530,530
986,297,"IRRIGATION, AUSTIN",IRRIGATION,H,AUSTIN,N,GULF COAST AQUIFER SYSTEM | AUSTIN,6007,6007,6007,6007,6007,6007
987,169,"IRRIGATION, BAILEY",IRRIGATION,O,BAILEY,N,DIRECT REUSE,825,825,825,825,825,825
987,462,"IRRIGATION, BAILEY",IRRIGATION,O,BAILEY,N,OGALLALA AND EDWARDS-TRINITY-HIGH PLAINS AQUIFERS | BAILEY,56500,42258,34312,26548,23852,22683
988,169,"IRRIGATION, BANDERA",IRRIGATION,J,BANDERA,N,DIRECT REUSE,310,310,310,310,310,310
988,661,"IRRIGATION, BANDERA",IRRIGATION,J,BANDERA,N,GUADALUPE RUN-OF-RIVER,3,3,3,3,3,3
988,665,"IRRIGATION, BANDERA",IRRIGATION,J,BANDERA,N,NUECES RUN-OF-RIVER,13,13,13,13,13,13
988,670,"IRRIGATION, BANDERA",IRRIGATION,J,BANDERA,N,SAN ANTONIO RUN-OF-RIVER,2,2,2,2,2,2
988,753,"IRRIGATION, BANDERA",IRRIGATION,J,BANDERA,N,TRINITY AQUIFER | BANDERA,355,355,355,355,355,355
989,74,"IRRIGATION, BASTROP",IRRIGATION,K,BASTROP,N,CARRIZO-WILCOX AQUIFER | BASTROP,4038,4038,4038,4038,4038,4038
989,368,"IRRIGATION, BASTROP",IRRIGATION,K,BASTROP,N,HIGHLAND LAKES LAKE/RESERVOIR SYSTEM,782,782,782,782,782,782
989,612,"IRRIGATION, BASTROP",IRRIGATION,K,BASTROP,N,QUEEN CITY AQUIFER | BASTROP,390,390,390,390,390,390
989,711,"IRRIGATION, BASTROP",IRRIGATION,K,BASTROP,N,SPARTA AQUIFER | BASTROP,79,79,79,79,79,79
990,655,"IRRIGATION, BAYLOR",IRRIGATION,B,BAYLOR,N,BRAZOS RUN-OF-RIVER,13,13,13,13,13,13
990,686,"IRRIGATION, BAYLOR",IRRIGATION,B,BAYLOR,N,SEYMOUR AQUIFER | BAYLOR,5058,5058,5058,5058,5058,4749
991,298,"IRRIGATION, BEE",IRRIGATION,N,BEE,N,GULF COAST AQUIFER SYSTEM | BEE,2518,2518,2518,2518,2518,2518
991,671,"IRRIGATION, BEE",IRRIGATION,N,BEE,N,SAN ANTONIO-NUECES RUN-OF-RIVER,0,0,0,0,0,0
992,54,"IRRIGATION, BELL",IRRIGATION,G,BELL,N,BRAZOS RIVER AUTHORITY LITTLE RIVER LAKE/RESERVOIR SYSTEM,257,255,253,252,250,249
992,208,"IRRIGATION, BELL",IRRIGATION,G,BELL,N,EDWARDS-BFZ AQUIFER | BELL,1114,1114,1114,1114,1114,1114
992,655,"IRRIGATION, BELL",IRRIGATION,G,BELL,N,BRAZOS RUN-OF-RIVER,357,353,348,344,339,335
992,755,"IRRIGATION, BELL",IRRIGATION,G,BELL,N,TRINITY AQUIFER | BELL,446,446,446,446,446,446
993,76,"IRRIGATION, BEXAR",IRRIGATION,L,BEXAR,N,CARRIZO-WILCOX AQUIFER | BEXAR,4853,4853,4853,4853,4853,4853
993,209,"IRRIGATION, BEXAR",IRRIGATION,L,BEXAR,N,EDWARDS-BFZ AQUIFER | BEXAR,21282,21282,21282,21282,21282,21282
993,670,"IRRIGATION, BEXAR",IRRIGATION,L,BEXAR,N,SAN ANTONIO RUN-OF-RIVER,4,4,4,4,4,4
993,756,"IRRIGATION, BEXAR",IRRIGATION,L,BEXAR,N,TRINITY AQUIFER | BEXAR,1148,1148,1148,1148,1148,1148
994,261,"IRRIGATION, BLANCO",IRRIGATION,K,BLANCO,N,ELLENBURGER-SAN SABA AQUIFER | BLANCO,730,730,730,730,730,730
994,358,"IRRIGATION, BLANCO",IRRIGATION,K,BLANCO,N,HICKORY AQUIFER | BLANCO,163,163,163,163,163,163
994,661,"IRRIGATION, BLANCO",IRRIGATION,K,BLANCO,N,GUADALUPE RUN-OF-RIVER,104,104,104,104,104,104
994,757,"IRRIGATION, BLANCO",IRRIGATION,K,BLANCO,N,TRINITY AQUIFER | BLANCO,917,917,917,917,917,917
995,463,"IRRIGATION, BORDEN",IRRIGATION,F,BORDEN,N,OGALLALA AND EDWARDS-TRINITY-HIGH PLAINS AQUIFERS | BORDEN,2167,2167,2167,2167,2167,2167
995,515,"IRRIGATION, BORDEN",IRRIGATION,F,BORDEN,N,OTHER AQUIFER | BORDEN,328,328,328,328,328,328
996,655,"IRRIGATION, BOSQUE",IRRIGATION,G,BOSQUE,N,BRAZOS RUN-OF-RIVER,2116,1751,1385,1020,654,289
996,758,"IRRIGATION, BOSQUE",IRRIGATION,G,BOSQUE,N,TRINITY AQUIFER | BOSQUE,2079,2079,2079,2079,2079,2079
997,667,"IRRIGATION, BOWIE",IRRIGATION,D,BOWIE,N,RED RUN-OF-RIVER,4684,4684,4684,4684,4684,4684
997,674,"IRRIGATION, BOWIE",IRRIGATION,D,BOWIE,N,SULPHUR RUN-OF-RIVER,167,167,167,167,167,167
998,299,"IRRIGATION, BRAZORIA",IRRIGATION,H,BRAZORIA,N,GULF COAST AQUIFER SYSTEM | BRAZORIA,13633,13101,12780,12560,12395,12379
998,655,"IRRIGATION, BRAZORIA",IRRIGATION,H,BRAZORIA,N,BRAZOS RUN-OF-RIVER,2663,2663,2663,2663,2663,2663
998,673,"IRRIGATION, BRAZORIA",IRRIGATION,H,BRAZORIA,N,SAN JACINTO-BRAZOS RUN-OF-RIVER,15011,15011,15011,15011,15011,15011
999,42,"IRRIGATION, BRAZOS",IRRIGATION,G,BRAZOS,N,BRAZOS RIVER ALLUVIUM AQUIFER | BRAZOS,42298,42298,42298,42298,42298,42298
999,55,"IRRIGATION, BRAZOS",IRRIGATION,G,BRAZOS,N,BRAZOS RIVER AUTHORITY MAIN STEM LAKE/RESERVOIR SYSTEM,317,315,313,311,309,306
999,78,"IRRIGATION, BRAZOS",IRRIGATION,G,BRAZOS,N,CARRIZO-WILCOX AQUIFER | BRAZOS,1595,1673,1673,1673,1673,1673
999,712,"IRRIGATION, BRAZOS",IRRIGATION,G,BRAZOS,N,SPARTA AQUIFER | BRAZOS,382,421,421,421,421,421
999,856,"IRRIGATION, BRAZOS",IRRIGATION,G,BRAZOS,N,YEGUA-JACKSON AQUIFER | BRAZOS,837,837,837,837,837,837
999,1076,"IRRIGATION, BRAZOS",IRRIGATION,G,BRAZOS,N,BRA SYSTEM OPERATIONS PERMIT SUPPLY,348,348,348,348,337,298
1000,377,"IRRIGATION, BREWSTER",IRRIGATION,E,BREWSTER,N,IGNEOUS AQUIFER | BREWSTER,120,119,116,115,115,115
1000,417,"IRRIGATION, BREWSTER",IRRIGATION,E,BREWSTER,N,MARATHON AQUIFER | BREWSTER,128,128,128,128,128,128
1000,518,"IRRIGATION, BREWSTER",IRRIGATION,E,BREWSTER,N,OTHER AQUIFER | BREWSTER,321,321,321,321,321,321
1000,668,"IRRIGATION, BREWSTER",IRRIGATION,E,BREWSTER,N,RIO GRANDE RUN-OF-RIVER,7759,7759,7759,7759,7759,7759
1001,464,"IRRIGATION, BRISCOE",IRRIGATION,O,BRISCOE,N,OGALLALA AND EDWARDS-TRINITY-HIGH PLAINS AQUIFERS | BRISCOE,12743,8877,5560,2242,1141,414
1001,519,"IRRIGATION, BRISCOE",IRRIGATION,O,BRISCOE,N,OTHER AQUIFER | BRISCOE,4690,4690,4690,4690,4690,4690
1001,667,"IRRIGATION, BRISCOE",IRRIGATION,O,BRISCOE,N,RED RUN-OF-RIVER,76,76,76,76,76,76
1001,687,"IRRIGATION, BRISCOE",IRRIGATION,O,BRISCOE,N,SEYMOUR AQUIFER | BRISCOE,312,312,312,312,312,312
1002,301,"IRRIGATION, BROOKS",IRRIGATION,N,BROOKS,N,GULF COAST AQUIFER SYSTEM | BROOKS,597,597,597,597,597,597
1003,57,"IRRIGATION, BROWN",IRRIGATION,F,BROWN,N,BROWNWOOD LAKE/RESERVOIR,6000,6000,6000,6000,6000,6000
1003,658,"IRRIGATION, BROWN",IRRIGATION,F,BROWN,N,COLORADO RUN-OF-RIVER,162,162,162,162,162,162
1003,759,"IRRIGATION, BROWN",IRRIGATION,F,BROWN,N,TRINITY AQUIFER | BROWN,1183,1183,1183,1183,1183,1183
1003,1070,"IRRIGATION, BROWN",IRRIGATION,F,BROWN,N,CROSS TIMBERS AQUIFER | BROWN,20,20,20,20,20,20
1004,43,"IRRIGATION, BURLESON",IRRIGATION,G,BURLESON,N,BRAZOS RIVER ALLUVIUM AQUIFER | BURLESON,25189,25189,25189,25189,25189,25189
1004,79,"IRRIGATION, BURLESON",IRRIGATION,G,BURLESON,N,CARRIZO-WILCOX AQUIFER | BURLESON,290,294,294,294,294,294
1004,857,"IRRIGATION, BURLESON",IRRIGATION,G,BURLESON,N,YEGUA-JACKSON AQUIFER | BURLESON,974,974,974,974,974,974
1005,262,"IRRIGATION, BURNET",IRRIGATION,K,BURNET,N,ELLENBURGER-SAN SABA AQUIFER | BURNET,904,904,904,904,904,904
1005,359,"IRRIGATION, BURNET",IRRIGATION,K,BURNET,N,HICKORY AQUIFER | BURNET,52,52,52,52,52,52
1005,368,"IRRIGATION, BURNET",IRRIGATION,K,BURNET,N,HIGHLAND LAKES LAKE/RESERVOIR SYSTEM,377,377,377,377,377,377
1005,419,"IRRIGATION, BURNET",IRRIGATION,K,BURNET,N,MARBLE FALLS AQUIFER | BURNET,17,17,17,17,17,17
1005,521,"IRRIGATION, BURNET",IRRIGATION,K,BURNET,N,OTHER AQUIFER | BURNET,725,725,725,725,725,725
1005,658,"IRRIGATION, BURNET",IRRIGATION,K,BURNET,N,COLORADO RUN-OF-RIVER,62,62,62,62,62,62
1005,760,"IRRIGATION, BURNET",IRRIGATION,K,BURNET,N,TRINITY AQUIFER | BURNET,495,495,495,495,495,495
1006,80,"IRRIGATION, CALDWELL",IRRIGATION,L,CALDWELL,N,CARRIZO-WILCOX AQUIFER | CALDWELL,602,602,602,602,602,602
1006,615,"IRRIGATION, CALDWELL",IRRIGATION,L,CALDWELL,N,QUEEN CITY AQUIFER | CALDWELL,78,78,78,78,78,78
1007,302,"IRRIGATION, CALHOUN",IRRIGATION,L,CALHOUN,N,GULF COAST AQUIFER SYSTEM | CALHOUN,1462,1462,1462,1462,1462,1462
1008,762,"IRRIGATION, CALLAHAN",IRRIGATION,G,CALLAHAN,N,TRINITY AQUIFER | CALLAHAN,1068,1070,1068,1070,1068,1068
1009,6,"IRRIGATION, CAMERON",IRRIGATION,M,CAMERON,N,AMISTAD-FALCON LAKE/RESERVOIR SYSTEM,153973,153865,153755,153503,153172,152742
1009,303,"IRRIGATION, CAMERON",IRRIGATION,M,CAMERON,N,GULF COAST AQUIFER SYSTEM | CAMERON,858,858,858,858,858,858
1009,666,"IRRIGATION, CAMERON",IRRIGATION,M,CAMERON,N,NUECES-RIO GRANDE RUN-OF-RIVER,3065,3065,3065,3065,3065,3065
1010,174,"IRRIGATION, CARSON",IRRIGATION,A,CARSON,N,DOCKUM AQUIFER | CARSON,3,3,3,3,3,3
1010,465,"IRRIGATION, CARSON",IRRIGATION,A,CARSON,N,OGALLALA AQUIFER | CARSON,101710,107186,103114,97881,97861,97861
1010,667,"IRRIGATION, CARSON",IRRIGATION,A,CARSON,N,RED RUN-OF-RIVER,69,69,69,69,69,69
1012,169,"IRRIGATION, CASTRO",IRRIGATION,O,CASTRO,N,DIRECT REUSE,4031,4031,4031,4031,4031,4031
1012,466,"IRRIGATION, CASTRO",IRRIGATION,O,CASTRO,N,OGALLALA AND EDWARDS-TRINITY-HIGH PLAINS AQUIFERS | CASTRO,164537,103683,54808,20056,7416,1648
1013,304,"IRRIGATION, CHAMBERS",IRRIGATION,H,CHAMBERS,N,GULF COAST AQUIFER SYSTEM | CHAMBERS,400,400,400,400,400,400
1013,410,"IRRIGATION, CHAMBERS",IRRIGATION,H,CHAMBERS,N,LIVINGSTON-WALLISVILLE LAKE/RESERVOIR SYSTEM,23247,23247,23247,23247,23247,23247
1013,664,"IRRIGATION, CHAMBERS",IRRIGATION,H,CHAMBERS,N,NECHES-TRINITY RUN-OF-RIVER,37475,37475,37475,37475,37475,37475
1013,675,"IRRIGATION, CHAMBERS",IRRIGATION,H,CHAMBERS,N,TRINITY RUN-OF-RIVER,41022,41022,41022,41022,41022,41022
1013,676,"IRRIGATION, CHAMBERS",IRRIGATION,H,CHAMBERS,N,TRINITY-SAN JACINTO RUN-OF-RIVER,1213,1213,1213,1213,1213,1213
1013,683,"IRRIGATION, CHAMBERS",IRRIGATION,H,CHAMBERS,N,SAM RAYBURN-STEINHAGEN LAKE/RESERVOIR SYSTEM,37000,37000,37000,37000,37000,37000
1014,83,"IRRIGATION, CHEROKEE",IRRIGATION,I,CHEROKEE,N,CARRIZO-WILCOX AQUIFER | CHEROKEE,170,170,170,170,170,170
1014,600,"IRRIGATION, CHEROKEE",IRRIGATION,I,CHEROKEE,N,PALESTINE LAKE/RESERVOIR,41,36,32,28,25,25
1014,618,"IRRIGATION, CHEROKEE",IRRIGATION,I,CHEROKEE,N,QUEEN CITY AQUIFER | CHEROKEE,182,187,191,191,191,191
1014,663,"IRRIGATION, CHEROKEE",IRRIGATION,I,CHEROKEE,N,NECHES RUN-OF-RIVER,58,58,58,58,58,58
1014,714,"IRRIGATION, CHEROKEE",IRRIGATION,I,CHEROKEE,N,SPARTA AQUIFER | CHEROKEE,0,0,0,4,7,7
1015,17,"IRRIGATION, CHILDRESS",IRRIGATION,A,CHILDRESS,N,BLAINE AQUIFER | CHILDRESS,14627,14623,14624,14628,14632,14635
1015,169,"IRRIGATION, CHILDRESS",IRRIGATION,A,CHILDRESS,N,DIRECT REUSE,127,131,130,126,122,119
1015,522,"IRRIGATION, CHILDRESS",IRRIGATION,A,CHILDRESS,N,OTHER AQUIFER | CHILDRESS,72,72,72,72,72,72
1015,667,"IRRIGATION, CHILDRESS",IRRIGATION,A,CHILDRESS,N,RED RUN-OF-RIVER,6,6,6,6,6,6
1015,688,"IRRIGATION, CHILDRESS",IRRIGATION,A,CHILDRESS,N,SEYMOUR AQUIFER | CHILDRESS,139,139,139,139,139,139
1016,394,"IRRIGATION, CLAY",IRRIGATION,B,CLAY,N,KEMP-DIVERSION LAKE/RESERVOIR SYSTEM,80,74,68,62,57,51
1016,667,"IRRIGATION, CLAY",IRRIGATION,B,CLAY,N,RED RUN-OF-RIVER,1241,1241,1241,1241,1241,1241
1016,689,"IRRIGATION, CLAY",IRRIGATION,B,CLAY,N,SEYMOUR AQUIFER | CLAY,587,587,587,587,587,587
1016,1092,"IRRIGATION, CLAY",IRRIGATION,B,CLAY,N,CROSS TIMBERS AQUIFER | CLAY,600,600,600,600,600,600
1017,169,"IRRIGATION, COCHRAN",IRRIGATION,O,COCHRAN,N,DIRECT REUSE,294,294,294,294,294,294
1017,467,"IRRIGATION, COCHRAN",IRRIGATION,O,COCHRAN,N,OGALLALA AND EDWARDS-TRINITY-HIGH PLAINS AQUIFERS | COCHRAN,45045,39297,34480,30095,27968,26446
1018,224,"IRRIGATION, COKE",IRRIGATION,F,COKE,N,"EDWARDS-TRINITY-PLATEAU, PECOS VALLEY, AND TRINITY AQUIFERS | COKE",43,43,43,43,43,43
1018,524,"IRRIGATION, COKE",IRRIGATION,F,COKE,N,OTHER AQUIFER | COKE,570,570,570,570,570,570
1018,658,"IRRIGATION, COKE",IRRIGATION,F,COKE,N,COLORADO RUN-OF-RIVER,4,4,4,4,4,4
1019,155,"IRRIGATION, COLEMAN",IRRIGATION,F,COLEMAN,N,COLEMAN LAKE/RESERVOIR,0,0,0,0,0,0
1019,658,"IRRIGATION, COLEMAN",IRRIGATION,F,COLEMAN,N,COLORADO RUN-OF-RIVER,5,5,5,5,5,5
1019,1093,"IRRIGATION, COLEMAN",IRRIGATION,F,COLEMAN,N,CROSS TIMBERS AQUIFER | COLEMAN,52,52,52,52,52,52
1020,169,"IRRIGATION, COLLIN",IRRIGATION,C,COLLIN,N,DIRECT REUSE,2097,2097,2097,2097,2097,2097
1020,648,"IRRIGATION, COLLIN",IRRIGATION,C,COLLIN,N,RAY HUBBARD LAKE/RESERVOIR,46,44,42,40,38,37
1020,675,"IRRIGATION, COLLIN",IRRIGATION,C,COLLIN,N,TRINITY RUN-OF-RIVER,265,265,265,265,265,265
1020,763,"IRRIGATION, COLLIN",IRRIGATION,C,COLLIN,N,TRINITY AQUIFER | COLLIN,302,302,302,302,302,302
1020,833,"IRRIGATION, COLLIN",IRRIGATION,C,COLLIN,N,WOODBINE AQUIFER | COLLIN,97,97,97,97,97,97
1021,18,"IRRIGATION, COLLINGSWORTH",IRRIGATION,A,COLLINGSWORTH,N,BLAINE AQUIFER | COLLINGSWORTH,1564,1564,1564,1564,1564,1564
1021,527,"IRRIGATION, COLLINGSWORTH",IRRIGATION,A,COLLINGSWORTH,N,OTHER AQUIFER | COLLINGSWORTH,261,250,239,227,215,203
1021,667,"IRRIGATION, COLLINGSWORTH",IRRIGATION,A,COLLINGSWORTH,N,RED RUN-OF-RIVER,694,694,694,694,694,694
1021,690,"IRRIGATION, COLLINGSWORTH",IRRIGATION,A,COLLINGSWORTH,N,SEYMOUR AQUIFER | COLLINGSWORTH,30944,28047,26664,21856,22314,29208
1022,305,"IRRIGATION, COLORADO",IRRIGATION,K,COLORADO,N,GULF COAST AQUIFER SYSTEM | COLORADO,50872,50872,50872,50872,50872,50872
1022,658,"IRRIGATION, COLORADO",IRRIGATION,K,COLORADO,N,COLORADO RUN-OF-RIVER,58800,58800,58800,58800,58800,58800
1023,64,"IRRIGATION, COMAL",IRRIGATION,L,COMAL,N,CANYON LAKE/RESERVOIR,155,155,155,155,155,155
1023,210,"IRRIGATION, COMAL",IRRIGATION,L,COMAL,N,EDWARDS-BFZ AQUIFER | COMAL,492,492,492,492,492,492
1023,661,"IRRIGATION, COMAL",IRRIGATION,L,COMAL,N,GUADALUPE RUN-OF-RIVER,6,6,6,6,6,6
1023,764,"IRRIGATION, COMAL",IRRIGATION,L,COMAL,N,TRINITY AQUIFER | COMAL,112,112,112,112,112,112
1024,54,"IRRIGATION, COMANCHE",IRRIGATION,G,COMANCHE,N,BRAZOS RIVER AUTHORITY LITTLE RIVER LAKE/RESERVOIR SYSTEM,5544,5509,5474,5439,5404,5370
1024,765,"IRRIGATION, COMANCHE",IRRIGATION,G,COMANCHE,N,TRINITY AQUIFER | COMANCHE,11478,11486,11478,11486,11478,11478
1025,406,"IRRIGATION, CONCHO",IRRIGATION,F,CONCHO,N,LIPAN AQUIFER | CONCHO,4000,4000,4000,4000,4000,4000
1025,529,"IRRIGATION, CONCHO",IRRIGATION,F,CONCHO,N,OTHER AQUIFER | CONCHO,1058,1058,1058,1058,1058,1058
1025,658,"IRRIGATION, CONCHO",IRRIGATION,F,CONCHO,N,COLORADO RUN-OF-RIVER,146,146,146,146,146,146
1026,169,"IRRIGATION, COOKE",IRRIGATION,C,COOKE,N,DIRECT REUSE,4,4,4,4,4,4
1026,374,"IRRIGATION, COOKE",IRRIGATION,C,COOKE,N,HUBERT H MOSS LAKE/RESERVOIR,810,810,810,810,810,783
1026,766,"IRRIGATION, COOKE",IRRIGATION,C,COOKE,N,TRINITY AQUIFER | COOKE,175,175,175,175,175,175
1026,834,"IRRIGATION, COOKE",IRRIGATION,C,COOKE,N,WOODBINE AQUIFER | COOKE,49,49,49,49,49,49
1027,19,"IRRIGATION, COTTLE",IRRIGATION,B,COTTLE,N,BLAINE AQUIFER | COTTLE,2711,2711,2711,2711,2711,2711
1027,531,"IRRIGATION, COTTLE",IRRIGATION,B,COTTLE,N,OTHER AQUIFER | COTTLE,1600,1600,1600,1600,1600,1600
1027,667,"IRRIGATION, COTTLE",IRRIGATION,B,COTTLE,N,RED RUN-OF-RIVER,8,8,8,8,8,8
1029,227,"IRRIGATION, CROCKETT",IRRIGATION,F,CROCKETT,N,"EDWARDS-TRINITY-PLATEAU, PECOS VALLEY, AND TRINITY AQUIFERS | CROCKETT",77,77,77,77,77,77
1030,169,"IRRIGATION, CROSBY",IRRIGATION,O,CROSBY,N,DIRECT REUSE,583,583,583,583,583,583
1030,469,"IRRIGATION, CROSBY",IRRIGATION,O,CROSBY,N,OGALLALA AND EDWARDS-TRINITY-HIGH PLAINS AQUIFERS | CROSBY,47704,47704,36443,25183,17875,13303
1030,655,"IRRIGATION, CROSBY",IRRIGATION,O,CROSBY,N,BRAZOS RUN-OF-RIVER,0,0,0,0,0,0
1030,903,"IRRIGATION, CROSBY",IRRIGATION,O,CROSBY,N,DOCKUM AQUIFER | CROSBY,3600,3600,3600,3600,3600,3600
1030,985,"IRRIGATION, CROSBY",IRRIGATION,O,CROSBY,N,OTHER AQUIFER | CROSBY,8405,8405,8405,8405,8405,8405
1031,66,"IRRIGATION, CULBERSON",IRRIGATION,E,CULBERSON,N,CAPITAN REEF COMPLEX AQUIFER | CULBERSON,1263,1263,1263,1263,1263,1263
1031,823,"IRRIGATION, CULBERSON",IRRIGATION,E,CULBERSON,N,WEST TEXAS BOLSONS AQUIFER | CULBERSON,32156,32079,32029,31987,31897,31825
1032,177,"IRRIGATION, DALLAM",IRRIGATION,A,DALLAM,N,DOCKUM AQUIFER | DALLAM,12583,11877,11271,10816,10244,9789
1032,980,"IRRIGATION, DALLAM",IRRIGATION,A,DALLAM,N,OGALLALA AND RITA BLANCA AQUIFERS | DALLAM,206818,171840,142992,118815,102589,90192
1033,169,"IRRIGATION, DALLAS",IRRIGATION,C,DALLAS,N,DIRECT REUSE,1246,1246,1246,1246,1246,1246
1033,390,"IRRIGATION, DALLAS",IRRIGATION,C,DALLAS,N,TRINITY INDIRECT REUSE,8000,8000,8000,8000,8000,8000
1033,392,"IRRIGATION, DALLAS",IRRIGATION,C,DALLAS,N,JOE POOL LAKE/RESERVOIR,300,300,300,300,300,300
1033,675,"IRRIGATION, DALLAS",IRRIGATION,C,DALLAS,N,TRINITY RUN-OF-RIVER,309,309,309,309,309,309
1033,768,"IRRIGATION, DALLAS",IRRIGATION,C,DALLAS,N,TRINITY AQUIFER | DALLAS,100,100,100,100,100,100
1033,829,"IRRIGATION, DALLAS",IRRIGATION,C,DALLAS,N,WHITE ROCK LAKE/RESERVOIR,2540,2375,2210,2023,1837,1650
1033,835,"IRRIGATION, DALLAS",IRRIGATION,C,DALLAS,N,WOODBINE AQUIFER | DALLAS,100,100,100,100,100,100
1034,471,"IRRIGATION, DAWSON",IRRIGATION,O,DAWSON,N,OGALLALA AND EDWARDS-TRINITY-HIGH PLAINS AQUIFERS | DAWSON,66209,66209,66209,66209,62206,58803
1035,169,"IRRIGATION, DEAF SMITH",IRRIGATION,O,DEAF SMITH,N,DIRECT REUSE,2810,2810,2810,2810,2810,2810
1035,472,"IRRIGATION, DEAF SMITH",IRRIGATION,O,DEAF SMITH,N,OGALLALA AND EDWARDS-TRINITY-HIGH PLAINS AQUIFERS | DEAF SMITH,115568,76110,50660,31258,22752,17517
1036,439,"IRRIGATION, DELTA",IRRIGATION,D,DELTA,N,NACATOCH AQUIFER | DELTA,51,61,66,66,78,78
1036,674,"IRRIGATION, DELTA",IRRIGATION,D,DELTA,N,SULPHUR RUN-OF-RIVER,5051,5051,5051,5051,5051,5051
1037,169,"IRRIGATION, DENTON",IRRIGATION,C,DENTON,N,DIRECT REUSE,1962,1962,1962,1962,1962,1962
1037,650,"IRRIGATION, DENTON",IRRIGATION,C,DENTON,N,RAY ROBERTS-LEWISVILLE-GRAPEVINE LAKE/RESERVOIR SYSTEM,923,880,836,802,770,744
1037,770,"IRRIGATION, DENTON",IRRIGATION,C,DENTON,N,TRINITY AQUIFER | DENTON,100,100,100,100,100,100
1037,837,"IRRIGATION, DENTON",IRRIGATION,C,DENTON,N,WOODBINE AQUIFER | DENTON,100,100,100,100,100,100
1038,306,"IRRIGATION, DEWITT",IRRIGATION,L,DEWITT,N,GULF COAST AQUIFER SYSTEM | DEWITT,863,863,863,863,863,863
1039,535,"IRRIGATION, DICKENS",IRRIGATION,O,DICKENS,N,OTHER AQUIFER | DICKENS,9183,9183,9183,9183,9183,9183
1039,655,"IRRIGATION, DICKENS",IRRIGATION,O,DICKENS,N,BRAZOS RUN-OF-RIVER,0,0,0,0,0,0
1039,905,"IRRIGATION, DICKENS",IRRIGATION,O,DICKENS,N,DOCKUM AQUIFER | DICKENS,34,34,34,34,34,34
1040,84,"IRRIGATION, DIMMIT",IRRIGATION,L,DIMMIT,N,CARRIZO-WILCOX AQUIFER | DIMMIT,142,142,142,142,142,142
1040,665,"IRRIGATION, DIMMIT",IRRIGATION,L,DIMMIT,N,NUECES RUN-OF-RIVER,211,211,211,211,211,211
1041,474,"IRRIGATION, DONLEY",IRRIGATION,A,DONLEY,N,OGALLALA AQUIFER | DONLEY,32263,32263,32263,32263,32263,32263
1041,667,"IRRIGATION, DONLEY",IRRIGATION,A,DONLEY,N,RED RUN-OF-RIVER,177,177,177,177,177,177
1042,307,"IRRIGATION, DUVAL",IRRIGATION,N,DUVAL,N,GULF COAST AQUIFER SYSTEM | DUVAL,2016,2016,2016,2016,2016,2016
1043,771,"IRRIGATION, EASTLAND",IRRIGATION,G,EASTLAND,N,TRINITY AQUIFER | EASTLAND,5014,5027,5014,5027,5014,5014
1044,145,"IRRIGATION, ECTOR",IRRIGATION,F,ECTOR,N,EDWARDS-TRINITY-PLATEAU AND PECOS VALLEY AQUIFERS | WARD,559,526,458,397,361,328
1044,158,"IRRIGATION, ECTOR",IRRIGATION,F,ECTOR,N,COLORADO RIVER MWD LAKE/RESERVOIR SYSTEM,200,179,161,150,141,132
1044,169,"IRRIGATION, ECTOR",IRRIGATION,F,ECTOR,N,DIRECT REUSE,28,26,24,22,22,20
1044,229,"IRRIGATION, ECTOR",IRRIGATION,F,ECTOR,N,"EDWARDS-TRINITY-PLATEAU, PECOS VALLEY, AND TRINITY AQUIFERS | ECTOR",75,75,75,75,75,75
1044,475,"IRRIGATION, ECTOR",IRRIGATION,F,ECTOR,N,OGALLALA AQUIFER | ECTOR,0,0,0,0,0,0
1044,492,"IRRIGATION, ECTOR",IRRIGATION,F,ECTOR,N,OGALLALA AND EDWARDS-TRINITY-HIGH PLAINS AQUIFERS | MARTIN,16,12,10,10,8,8
1044,658,"IRRIGATION, ECTOR",IRRIGATION,F,ECTOR,N,COLORADO RUN-OF-RIVER,0,0,0,0,0,0
1045,230,"IRRIGATION, EDWARDS",IRRIGATION,J,EDWARDS,N,"EDWARDS-TRINITY-PLATEAU, PECOS VALLEY, AND TRINITY AQUIFERS | EDWARDS",259,259,259,259,259,259
1045,658,"IRRIGATION, EDWARDS",IRRIGATION,J,EDWARDS,N,COLORADO RUN-OF-RIVER,25,25,25,25,25,25
1045,665,"IRRIGATION, EDWARDS",IRRIGATION,J,EDWARDS,N,NUECES RUN-OF-RIVER,94,94,94,94,94,94
1046,675,"IRRIGATION, ELLIS",IRRIGATION,C,ELLIS,N,TRINITY RUN-OF-RIVER,1,1,1,1,1,1
1046,772,"IRRIGATION, ELLIS",IRRIGATION,C,ELLIS,N,TRINITY AQUIFER | ELLIS,1500,1500,1500,1500,1500,1500
1046,838,"IRRIGATION, ELLIS",IRRIGATION,C,ELLIS,N,WOODBINE AQUIFER | ELLIS,670,670,670,670,670,670
1047,375,"IRRIGATION, EL PASO",IRRIGATION,E,EL PASO,N,HUECO-MESILLA BOLSON AQUIFER | EL PASO,7392,7392,7392,7392,7392,7392
1047,387,"IRRIGATION, EL PASO",IRRIGATION,E,EL PASO,N,RIO GRANDE INDIRECT REUSE,29289,30569,31372,31881,32398,32922
1047,538,"IRRIGATION, EL PASO",IRRIGATION,E,EL PASO,N,OTHER AQUIFER | EL PASO,47164,47164,47164,47164,47164,47164
1047,668,"IRRIGATION, EL PASO",IRRIGATION,E,EL PASO,N,RIO GRANDE RUN-OF-RIVER,29231,29231,29231,29231,29231,29231
1048,655,"IRRIGATION, ERATH",IRRIGATION,G,ERATH,N,BRAZOS RUN-OF-RIVER,101,101,101,101,101,101
1048,773,"IRRIGATION, ERATH",IRRIGATION,G,ERATH,N,TRINITY AQUIFER | ERATH,7288,7288,7288,7288,7288,7288
1049,44,"IRRIGATION, FALLS",IRRIGATION,G,FALLS,N,BRAZOS RIVER ALLUVIUM AQUIFER | FALLS,8656,8656,8656,8656,8656,8656
1049,655,"IRRIGATION, FALLS",IRRIGATION,G,FALLS,N,BRAZOS RUN-OF-RIVER,174,174,174,174,174,174
1049,1076,"IRRIGATION, FALLS",IRRIGATION,G,FALLS,N,BRA SYSTEM OPERATIONS PERMIT SUPPLY,309,309,309,309,299,265
1050,540,"IRRIGATION, FANNIN",IRRIGATION,C,FANNIN,N,OTHER AQUIFER | FANNIN,2909,2909,2909,2909,2909,2909
1050,667,"IRRIGATION, FANNIN",IRRIGATION,C,FANNIN,N,RED RUN-OF-RIVER,2295,2295,2295,2295,2295,2295
1050,775,"IRRIGATION, FANNIN",IRRIGATION,C,FANNIN,N,TRINITY AQUIFER | FANNIN,1000,1000,1000,1000,1000,1000
1050,839,"IRRIGATION, FANNIN",IRRIGATION,C,FANNIN,N,WOODBINE AQUIFER | FANNIN,195,195,195,195,195,195
1051,308,"IRRIGATION, FAYETTE",IRRIGATION,K,FAYETTE,N,GULF COAST AQUIFER SYSTEM | FAYETTE,529,529,529,529,529,529
1051,715,"IRRIGATION, FAYETTE",IRRIGATION,K,FAYETTE,N,SPARTA AQUIFER | FAYETTE,96,96,96,96,96,96
1051,858,"IRRIGATION, FAYETTE",IRRIGATION,K,FAYETTE,N,YEGUA-JACKSON AQUIFER | FAYETTE,169,169,169,169,169,169
1052,20,"IRRIGATION, FISHER",IRRIGATION,G,FISHER,N,BLAINE AQUIFER | FISHER,3642,3642,3642,3642,3642,3642
1052,694,"IRRIGATION, FISHER",IRRIGATION,G,FISHER,N,SEYMOUR AQUIFER | FISHER,1820,1820,1820,1820,1820,1820
1053,169,"IRRIGATION, FLOYD",IRRIGATION,O,FLOYD,N,DIRECT REUSE,449,449,449,449,449,449
1053,476,"IRRIGATION, FLOYD",IRRIGATION,O,FLOYD,N,OGALLALA AND EDWARDS-TRINITY-HIGH PLAINS AQUIFERS | FLOYD,53302,46062,39772,24696,19773,16528
1053,667,"IRRIGATION, FLOYD",IRRIGATION,O,FLOYD,N,RED RUN-OF-RIVER,18,18,18,18,18,18
1053,986,"IRRIGATION, FLOYD",IRRIGATION,O,FLOYD,N,OTHER AQUIFER | FLOYD,15404,15404,15404,15404,15404,15404
1054,21,"IRRIGATION, FOARD",IRRIGATION,B,FOARD,N,BLAINE AQUIFER | FOARD,200,200,200,200,200,200
1054,695,"IRRIGATION, FOARD",IRRIGATION,B,FOARD,N,SEYMOUR AQUIFER | FOARD,3000,3000,3000,3000,2761,3000
1054,987,"IRRIGATION, FOARD",IRRIGATION,B,FOARD,N,OTHER AQUIFER | FOARD,100,100,100,100,100,100
1055,309,"IRRIGATION, FORT BEND",IRRIGATION,H,FORT BEND,N,GULF COAST AQUIFER SYSTEM | FORT BEND,19175,19175,19175,19175,19175,19175
1055,655,"IRRIGATION, FORT BEND",IRRIGATION,H,FORT BEND,N,BRAZOS RUN-OF-RIVER,12000,12000,12000,12000,12000,12000
1055,673,"IRRIGATION, FORT BEND",IRRIGATION,H,FORT BEND,N,SAN JACINTO-BRAZOS RUN-OF-RIVER,165,165,165,165,165,165
1056,88,"IRRIGATION, FREESTONE",IRRIGATION,C,FREESTONE,N,CARRIZO-WILCOX AQUIFER | FREESTONE,565,565,565,565,565,565
1056,675,"IRRIGATION, FREESTONE",IRRIGATION,C,FREESTONE,N,TRINITY RUN-OF-RIVER,91,91,91,91,91,91
1057,89,"IRRIGATION, FRIO",IRRIGATION,L,FRIO,N,CARRIZO-WILCOX AQUIFER | FRIO,69351,69351,69351,69351,69351,69351
1057,621,"IRRIGATION, FRIO",IRRIGATION,L,FRIO,N,QUEEN CITY AQUIFER | FRIO,1025,1025,1025,1025,1025,1025
1057,716,"IRRIGATION, FRIO",IRRIGATION,L,FRIO,N,SPARTA AQUIFER | FRIO,600,600,576,557,534,534
1058,477,"IRRIGATION, GAINES",IRRIGATION,O,GAINES,N,OGALLALA AND EDWARDS-TRINITY-HIGH PLAINS AQUIFERS | GAINES,189002,161128,142619,129919,120917,114611
1059,310,"IRRIGATION, GALVESTON",IRRIGATION,H,GALVESTON,N,GULF COAST AQUIFER SYSTEM | GALVESTON,264,264,264,264,264,264
1059,655,"IRRIGATION, GALVESTON",IRRIGATION,H,GALVESTON,N,BRAZOS RUN-OF-RIVER,0,0,0,0,0,0
1059,673,"IRRIGATION, GALVESTON",IRRIGATION,H,GALVESTON,N,SAN JACINTO-BRAZOS RUN-OF-RIVER,36,36,36,36,36,36
1060,181,"IRRIGATION, GARZA",IRRIGATION,O,GARZA,N,DOCKUM AQUIFER | GARZA,234,234,234,234,234,234
1060,478,"IRRIGATION, GARZA",IRRIGATION,O,GARZA,N,OGALLALA AND EDWARDS-TRINITY-HIGH PLAINS AQUIFERS | GARZA,8255,8255,8255,8255,8255,8255
1060,988,"IRRIGATION, GARZA",IRRIGATION,O,GARZA,N,OTHER AQUIFER | GARZA,1410,1410,1410,1410,1410,1410
1061,231,"IRRIGATION, GILLESPIE",IRRIGATION,K,GILLESPIE,N,"EDWARDS-TRINITY-PLATEAU, PECOS VALLEY, AND TRINITY AQUIFERS | GILLESPIE",600,600,600,600,600,600
1061,263,"IRRIGATION, GILLESPIE",IRRIGATION,K,GILLESPIE,N,ELLENBURGER-SAN SABA AQUIFER | GILLESPIE,1545,1545,1545,1545,1545,1545
1061,361,"IRRIGATION, GILLESPIE",IRRIGATION,K,GILLESPIE,N,HICKORY AQUIFER | GILLESPIE,238,238,238,238,238,238
1062,232,"IRRIGATION, GLASSCOCK",IRRIGATION,F,GLASSCOCK,N,"EDWARDS-TRINITY-PLATEAU, PECOS VALLEY, AND TRINITY AQUIFERS | GLASSCOCK",36901,36901,36901,36901,36901,36901
1062,479,"IRRIGATION, GLASSCOCK",IRRIGATION,F,GLASSCOCK,N,OGALLALA AQUIFER | GLASSCOCK,6512,6512,6512,6512,6512,6512
1063,311,"IRRIGATION, GOLIAD",IRRIGATION,L,GOLIAD,N,GULF COAST AQUIFER SYSTEM | GOLIAD,3096,3251,3406,3558,3711,3711
1064,64,"IRRIGATION, GONZALES",IRRIGATION,L,GONZALES,N,CANYON LAKE/RESERVOIR,2,2,2,2,2,2
1064,90,"IRRIGATION, GONZALES",IRRIGATION,L,GONZALES,N,CARRIZO-WILCOX AQUIFER | GONZALES,3788,3788,3788,3788,3788,3788
1064,622,"IRRIGATION, GONZALES",IRRIGATION,L,GONZALES,N,QUEEN CITY AQUIFER | GONZALES,867,867,867,867,867,867
1064,1057,"IRRIGATION, GONZALES",IRRIGATION,L,GONZALES,N,YEGUA-JACKSON AQUIFER | GONZALES,261,261,261,261,261,261
1065,169,"IRRIGATION, GRAY",IRRIGATION,A,GRAY,N,DIRECT REUSE,220,220,220,220,220,220
1065,480,"IRRIGATION, GRAY",IRRIGATION,A,GRAY,N,OGALLALA AQUIFER | GRAY,36707,36707,36707,36707,36707,36707
1065,657,"IRRIGATION, GRAY",IRRIGATION,A,GRAY,N,CANADIAN RUN-OF-RIVER,1,1,1,1,1,1
1065,667,"IRRIGATION, GRAY",IRRIGATION,A,GRAY,N,RED RUN-OF-RIVER,24,24,24,24,24,24
1066,667,"IRRIGATION, GRAYSON",IRRIGATION,C,GRAYSON,N,RED RUN-OF-RIVER,768,768,768,768,768,768
1066,777,"IRRIGATION, GRAYSON",IRRIGATION,C,GRAYSON,N,TRINITY AQUIFER | GRAYSON,1692,1692,1692,1692,1692,1692
1066,840,"IRRIGATION, GRAYSON",IRRIGATION,C,GRAYSON,N,WOODBINE AQUIFER | GRAYSON,1990,1990,1990,1990,1990,1990
1068,64,"IRRIGATION, GUADALUPE",IRRIGATION,L,GUADALUPE,N,CANYON LAKE/RESERVOIR,307,307,307,307,307,307
1068,93,"IRRIGATION, GUADALUPE",IRRIGATION,L,GUADALUPE,N,CARRIZO-WILCOX AQUIFER | GUADALUPE,564,564,564,564,564,564
1068,661,"IRRIGATION, GUADALUPE",IRRIGATION,L,GUADALUPE,N,GUADALUPE RUN-OF-RIVER,71,71,71,71,71,71
1069,169,"IRRIGATION, HALE",IRRIGATION,O,HALE,N,DIRECT REUSE,5477,5477,5477,5477,5477,5477
1069,481,"IRRIGATION, HALE",IRRIGATION,O,HALE,N,OGALLALA AND EDWARDS-TRINITY-HIGH PLAINS AQUIFERS | HALE,102448,60941,39131,19426,12646,8614
1070,169,"IRRIGATION, HALL",IRRIGATION,A,HALL,N,DIRECT REUSE,100,100,100,100,100,100
1070,544,"IRRIGATION, HALL",IRRIGATION,A,HALL,N,OTHER AQUIFER | HALL,890,881,873,864,855,846
1070,667,"IRRIGATION, HALL",IRRIGATION,A,HALL,N,RED RUN-OF-RIVER,12,12,12,12,12,12
1070,696,"IRRIGATION, HALL",IRRIGATION,A,HALL,N,SEYMOUR AQUIFER | HALL,16543,19415,22684,25623,24440,19958
1071,655,"IRRIGATION, HAMILTON",IRRIGATION,G,HAMILTON,N,BRAZOS RUN-OF-RIVER,15,13,10,7,5,5
1071,778,"IRRIGATION, HAMILTON",IRRIGATION,G,HAMILTON,N,TRINITY AQUIFER | HAMILTON,857,857,857,857,857,857
1072,482,"IRRIGATION, HANSFORD",IRRIGATION,A,HANSFORD,N,OGALLALA AQUIFER | HANSFORD,175664,175664,175664,175664,175664,175664
1072,657,"IRRIGATION, HANSFORD",IRRIGATION,A,HANSFORD,N,CANADIAN RUN-OF-RIVER,22,22,22,22,22,22
1073,23,"IRRIGATION, HARDEMAN",IRRIGATION,B,HARDEMAN,N,BLAINE AQUIFER | HARDEMAN,6444,6444,6444,6444,6444,6444
1073,667,"IRRIGATION, HARDEMAN",IRRIGATION,B,HARDEMAN,N,RED RUN-OF-RIVER,141,141,141,141,141,141
1073,697,"IRRIGATION, HARDEMAN",IRRIGATION,B,HARDEMAN,N,SEYMOUR AQUIFER | HARDEMAN,11846,11846,11846,11846,11846,11846
1074,314,"IRRIGATION, HARDIN",IRRIGATION,I,HARDIN,N,GULF COAST AQUIFER SYSTEM | HARDIN,935,935,935,935,935,935
1074,663,"IRRIGATION, HARDIN",IRRIGATION,I,HARDIN,N,NECHES RUN-OF-RIVER,54,54,54,54,54,54
1075,315,"IRRIGATION, HARRIS",IRRIGATION,H,HARRIS,N,GULF COAST AQUIFER SYSTEM | HARRIS,9440,9440,9440,9440,9440,9440
1075,672,"IRRIGATION, HARRIS",IRRIGATION,H,HARRIS,N,SAN JACINTO RUN-OF-RIVER,2112,2112,2112,2112,2112,2112
1075,673,"IRRIGATION, HARRIS",IRRIGATION,H,HARRIS,N,SAN JACINTO-BRAZOS RUN-OF-RIVER,311,311,311,311,311,311
1075,676,"IRRIGATION, HARRIS",IRRIGATION,H,HARRIS,N,TRINITY-SAN JACINTO RUN-OF-RIVER,2421,2421,2421,2421,2421,2421
1076,94,"IRRIGATION, HARRISON",IRRIGATION,D,HARRISON,N,CARRIZO-WILCOX AQUIFER | HARRISON,39,39,39,39,39,39
1076,660,"IRRIGATION, HARRISON",IRRIGATION,D,HARRISON,N,CYPRESS RUN-OF-RIVER,28,28,28,28,28,28
1076,669,"IRRIGATION, HARRISON",IRRIGATION,D,HARRISON,N,SABINE RUN-OF-RIVER,19,19,19,19,19,19
1077,183,"IRRIGATION, HARTLEY",IRRIGATION,A,HARTLEY,N,DOCKUM AQUIFER | HARTLEY,8043,7327,6740,6298,5924,5647
1077,981,"IRRIGATION, HARTLEY",IRRIGATION,A,HARTLEY,N,OGALLALA AND RITA BLANCA AQUIFERS | HARTLEY,218513,162340,130301,109384,92606,79216
1078,698,"IRRIGATION, HASKELL",IRRIGATION,G,HASKELL,N,SEYMOUR AQUIFER | HASKELL,41446,41560,41446,41560,41446,41446
1079,169,"IRRIGATION, HAYS",IRRIGATION,L,HAYS,Y,DIRECT REUSE,37,37,37,37,37,37
1079,212,"IRRIGATION, HAYS",IRRIGATION,K,HAYS,Y,EDWARDS-BFZ AQUIFER | HAYS,186,186,186,186,186,186
1079,661,"IRRIGATION, HAYS",IRRIGATION,L,HAYS,Y,GUADALUPE RUN-OF-RIVER,130,130,130,130,130,130
1079,779,"IRRIGATION, HAYS",IRRIGATION,K,HAYS,Y,TRINITY AQUIFER | HAYS,197,197,197,197,197,197
1079,779,"IRRIGATION, HAYS",IRRIGATION,L,HAYS,Y,TRINITY AQUIFER | HAYS,59,59,59,59,59,59
1080,484,"IRRIGATION, HEMPHILL",IRRIGATION,A,HEMPHILL,N,OGALLALA AQUIFER | HEMPHILL,5877,5877,5877,5877,5877,5877
1081,9,"IRRIGATION, HENDERSON",IRRIGATION,I,HENDERSON,Y,ATHENS LAKE/RESERVOIR,85,90,79,71,63,60
1081,169,"IRRIGATION, HENDERSON",IRRIGATION,C,HENDERSON,Y,DIRECT REUSE,32,32,32,32,32,32
1081,600,"IRRIGATION, HENDERSON",IRRIGATION,I,HENDERSON,Y,PALESTINE LAKE/RESERVOIR,82,73,64,57,51,51
1081,626,"IRRIGATION, HENDERSON",IRRIGATION,I,HENDERSON,Y,QUEEN CITY AQUIFER | HENDERSON,698,698,698,698,698,698
1081,675,"IRRIGATION, HENDERSON",IRRIGATION,C,HENDERSON,Y,TRINITY RUN-OF-RIVER,1246,1246,1246,1246,1246,1246
1082,6,"IRRIGATION, HIDALGO",IRRIGATION,M,HIDALGO,N,AMISTAD-FALCON LAKE/RESERVOIR SYSTEM,229507,229333,229159,228753,228172,227525
1082,316,"IRRIGATION, HIDALGO",IRRIGATION,M,HIDALGO,N,GULF COAST AQUIFER SYSTEM | HIDALGO,5799,5799,5799,5799,5799,5799
1083,47,"IRRIGATION, HILL",IRRIGATION,G,HILL,N,BRAZOS RIVER ALLUVIUM AQUIFER | HILL,331,331,331,331,331,331
1083,55,"IRRIGATION, HILL",IRRIGATION,G,HILL,N,BRAZOS RIVER AUTHORITY MAIN STEM LAKE/RESERVOIR SYSTEM,905,899,893,887,881,875
1083,655,"IRRIGATION, HILL",IRRIGATION,G,HILL,N,BRAZOS RUN-OF-RIVER,0,0,0,0,0,0
1083,841,"IRRIGATION, HILL",IRRIGATION,G,HILL,N,WOODBINE AQUIFER | HILL,207,207,207,207,207,207
1084,169,"IRRIGATION, HOCKLEY",IRRIGATION,O,HOCKLEY,N,DIRECT REUSE,1521,1521,1521,1521,1521,1521
1084,485,"IRRIGATION, HOCKLEY",IRRIGATION,O,HOCKLEY,N,OGALLALA AND EDWARDS-TRINITY-HIGH PLAINS AQUIFERS | HOCKLEY,86163,66470,56307,49991,45892,43410
1085,55,"IRRIGATION, HOOD",IRRIGATION,G,HOOD,N,BRAZOS RIVER AUTHORITY MAIN STEM LAKE/RESERVOIR SYSTEM,3893,3868,3842,3816,3790,3764
1085,781,"IRRIGATION, HOOD",IRRIGATION,G,HOOD,N,TRINITY AQUIFER | HOOD,4926,4926,4926,4926,4926,4926
1085,1076,"IRRIGATION, HOOD",IRRIGATION,G,HOOD,N,BRA SYSTEM OPERATIONS PERMIT SUPPLY,774,774,774,774,750,664
1086,96,"IRRIGATION, HOPKINS",IRRIGATION,D,HOPKINS,N,CARRIZO-WILCOX AQUIFER | HOPKINS,49,49,49,49,49,49
1086,669,"IRRIGATION, HOPKINS",IRRIGATION,D,HOPKINS,N,SABINE RUN-OF-RIVER,19,19,19,19,19,19
1086,674,"IRRIGATION, HOPKINS",IRRIGATION,D,HOPKINS,N,SULPHUR RUN-OF-RIVER,55,55,55,55,55,55
1087,663,"IRRIGATION, HOUSTON",IRRIGATION,I,HOUSTON,N,NECHES RUN-OF-RIVER,147,147,147,147,147,147
1087,675,"IRRIGATION, HOUSTON",IRRIGATION,I,HOUSTON,N,TRINITY RUN-OF-RIVER,2522,2522,2522,2522,2522,2522
1088,184,"IRRIGATION, HOWARD",IRRIGATION,F,HOWARD,N,DOCKUM AQUIFER | HOWARD,339,339,339,339,339,339
1088,233,"IRRIGATION, HOWARD",IRRIGATION,F,HOWARD,N,EDWARDS-TRINITY-PLATEAU AQUIFER | HOWARD,372,372,372,372,372,372
1088,486,"IRRIGATION, HOWARD",IRRIGATION,F,HOWARD,N,OGALLALA AND EDWARDS-TRINITY-HIGH PLAINS AQUIFERS | HOWARD,4385,4385,4385,4385,4385,4385
1089,35,"IRRIGATION, HUDSPETH",IRRIGATION,E,HUDSPETH,N,BONE SPRING-VICTORIO PEAK AQUIFER | HUDSPETH,68495,68495,68495,68495,68495,68495
1089,67,"IRRIGATION, HUDSPETH",IRRIGATION,E,HUDSPETH,N,CAPITAN REEF COMPLEX AQUIFER | HUDSPETH,401,401,401,401,401,401
1089,376,"IRRIGATION, HUDSPETH",IRRIGATION,E,HUDSPETH,N,HUECO-MESILLA BOLSON AQUIFER | HUDSPETH,1683,1683,1683,1683,1683,1683
1089,387,"IRRIGATION, HUDSPETH",IRRIGATION,E,HUDSPETH,N,RIO GRANDE INDIRECT REUSE,334,334,334,334,334,334
1089,549,"IRRIGATION, HUDSPETH",IRRIGATION,E,HUDSPETH,N,OTHER AQUIFER | HUDSPETH,52187,52187,52187,52187,52187,52187
1089,668,"IRRIGATION, HUDSPETH",IRRIGATION,E,HUDSPETH,N,RIO GRANDE RUN-OF-RIVER,916,916,916,916,916,916
1090,443,"IRRIGATION, HUNT",IRRIGATION,D,HUNT,N,NACATOCH AQUIFER | HUNT,106,106,106,106,106,106
1090,669,"IRRIGATION, HUNT",IRRIGATION,D,HUNT,N,SABINE RUN-OF-RIVER,19,19,19,19,19,19
1090,674,"IRRIGATION, HUNT",IRRIGATION,D,HUNT,N,SULPHUR RUN-OF-RIVER,0,0,0,0,0,0
1091,487,"IRRIGATION, HUTCHINSON",IRRIGATION,A,HUTCHINSON,N,OGALLALA AQUIFER | HUTCHINSON,61770,61770,61770,61770,61770,59790
1091,657,"IRRIGATION, HUTCHINSON",IRRIGATION,A,HUTCHINSON,N,CANADIAN RUN-OF-RIVER,96,96,96,96,96,96
1092,234,"IRRIGATION, IRION",IRRIGATION,F,IRION,N,"EDWARDS-TRINITY-PLATEAU, PECOS VALLEY, AND TRINITY AQUIFERS | IRION",325,325,325,325,325,325
1092,658,"IRRIGATION, IRION",IRRIGATION,F,IRION,N,COLORADO RUN-OF-RIVER,111,111,111,111,111,111
1093,317,"IRRIGATION, JACKSON",IRRIGATION,P,JACKSON,N,GULF COAST AQUIFER SYSTEM | JACKSON,77383,77383,77383,77383,77383,77383
1094,235,"IRRIGATION, JEFF DAVIS",IRRIGATION,E,JEFF DAVIS,N,EDWARDS-TRINITY-PLATEAU AND PECOS VALLEY AQUIFERS | JEFF DAVIS,0,0,0,0,0,0
1094,379,"IRRIGATION, JEFF DAVIS",IRRIGATION,E,JEFF DAVIS,N,IGNEOUS AQUIFER | JEFF DAVIS,1118,1118,1118,1118,1118,1118
1094,825,"IRRIGATION, JEFF DAVIS",IRRIGATION,E,JEFF DAVIS,N,WEST TEXAS BOLSONS AQUIFER | JEFF DAVIS,315,315,315,315,315,315
1095,319,"IRRIGATION, JEFFERSON",IRRIGATION,I,JEFFERSON,N,GULF COAST AQUIFER SYSTEM | JEFFERSON,755,755,755,755,755,755
1095,663,"IRRIGATION, JEFFERSON",IRRIGATION,I,JEFFERSON,N,NECHES RUN-OF-RIVER,140000,140000,140000,140000,140000,140000
1095,664,"IRRIGATION, JEFFERSON",IRRIGATION,I,JEFFERSON,N,NECHES-TRINITY RUN-OF-RIVER,50654,50654,50654,50654,50654,50654
1096,320,"IRRIGATION, JIM HOGG",IRRIGATION,M,JIM HOGG,N,GULF COAST AQUIFER SYSTEM | JIM HOGG,348,348,348,348,348,348
1097,321,"IRRIGATION, JIM WELLS",IRRIGATION,N,JIM WELLS,N,GULF COAST AQUIFER SYSTEM | JIM WELLS,1665,1665,1665,1665,1665,1665
1098,784,"IRRIGATION, JOHNSON",IRRIGATION,G,JOHNSON,N,TRINITY AQUIFER | JOHNSON,167,167,167,167,167,167
1098,843,"IRRIGATION, JOHNSON",IRRIGATION,G,JOHNSON,N,WOODBINE AQUIFER | JOHNSON,130,130,130,130,130,130
1099,169,"IRRIGATION, JONES",IRRIGATION,G,JONES,N,DIRECT REUSE,340,340,340,340,340,340
1099,699,"IRRIGATION, JONES",IRRIGATION,G,JONES,N,SEYMOUR AQUIFER | JONES,2638,2638,2638,2638,2638,2638
1100,99,"IRRIGATION, KARNES",IRRIGATION,L,KARNES,N,CARRIZO-WILCOX AQUIFER | KARNES,0,0,0,0,0,0
1100,322,"IRRIGATION, KARNES",IRRIGATION,L,KARNES,N,GULF COAST AQUIFER SYSTEM | KARNES,584,584,25,25,25,25
1100,670,"IRRIGATION, KARNES",IRRIGATION,L,KARNES,N,SAN ANTONIO RUN-OF-RIVER,100,100,100,100,100,100
1100,1058,"IRRIGATION, KARNES",IRRIGATION,L,KARNES,N,YEGUA-JACKSON AQUIFER | KARNES,282,282,282,282,282,282
1101,169,"IRRIGATION, KAUFMAN",IRRIGATION,C,KAUFMAN,N,DIRECT REUSE,579,666,666,666,666,666
1101,444,"IRRIGATION, KAUFMAN",IRRIGATION,C,KAUFMAN,N,NACATOCH AQUIFER | KAUFMAN,50,50,50,50,50,50
1101,648,"IRRIGATION, KAUFMAN",IRRIGATION,C,KAUFMAN,N,RAY HUBBARD LAKE/RESERVOIR,26,25,23,22,22,21
1101,675,"IRRIGATION, KAUFMAN",IRRIGATION,C,KAUFMAN,N,TRINITY RUN-OF-RIVER,83,83,83,83,83,83
1101,810,"IRRIGATION, KAUFMAN",IRRIGATION,C,KAUFMAN,N,TRWD LAKE/RESERVOIR SYSTEM,108,95,88,80,75,70
1102,169,"IRRIGATION, KENDALL",IRRIGATION,L,KENDALL,N,DIRECT REUSE,230,230,230,230,230,230
1102,661,"IRRIGATION, KENDALL",IRRIGATION,L,KENDALL,N,GUADALUPE RUN-OF-RIVER,26,26,26,26,26,26
1102,786,"IRRIGATION, KENDALL",IRRIGATION,L,KENDALL,N,TRINITY AQUIFER | KENDALL,477,477,477,477,477,477
1104,185,"IRRIGATION, KENT",IRRIGATION,G,KENT,N,DOCKUM AQUIFER | KENT,1559,1559,1559,1559,1559,1559
1104,700,"IRRIGATION, KENT",IRRIGATION,G,KENT,N,SEYMOUR AQUIFER | KENT,156,156,156,156,156,156
1105,237,"IRRIGATION, KERR",IRRIGATION,J,KERR,N,EDWARDS-TRINITY-PLATEAU AQUIFER | KERR,0,0,0,0,0,0
1105,661,"IRRIGATION, KERR",IRRIGATION,J,KERR,N,GUADALUPE RUN-OF-RIVER,1187,1187,1187,1187,1187,1187
1105,787,"IRRIGATION, KERR",IRRIGATION,J,KERR,N,TRINITY AQUIFER | KERR,1423,1423,1412,1396,1396,1396
1106,238,"IRRIGATION, KIMBLE",IRRIGATION,F,KIMBLE,N,"EDWARDS-TRINITY-PLATEAU, PECOS VALLEY, AND TRINITY AQUIFERS | KIMBLE",400,400,400,400,400,400
1106,658,"IRRIGATION, KIMBLE",IRRIGATION,F,KIMBLE,N,COLORADO RUN-OF-RIVER,889,889,889,889,889,889
1106,947,"IRRIGATION, KIMBLE",IRRIGATION,F,KIMBLE,N,HICKORY AQUIFER | KIMBLE,55,55,55,55,55,55
1108,213,"IRRIGATION, KINNEY",IRRIGATION,J,KINNEY,N,EDWARDS-BFZ AQUIFER | KINNEY,2357,2357,2357,2357,2357,2357
1108,239,"IRRIGATION, KINNEY",IRRIGATION,J,KINNEY,N,"EDWARDS-TRINITY-PLATEAU, PECOS VALLEY, AND TRINITY AQUIFERS | KINNEY",3425,3425,3425,3425,3425,3425
1108,668,"IRRIGATION, KINNEY",IRRIGATION,J,KINNEY,N,RIO GRANDE RUN-OF-RIVER,1035,1035,1035,1035,1035,1035
1108,885,"IRRIGATION, KINNEY",IRRIGATION,J,KINNEY,N,AUSTIN CHALK AQUIFER | KINNEY,952,952,952,952,952,952
1109,324,"IRRIGATION, KLEBERG",IRRIGATION,N,KLEBERG,N,GULF COAST AQUIFER SYSTEM | KLEBERG,141,141,141,141,141,141
1110,25,"IRRIGATION, KNOX",IRRIGATION,G,KNOX,N,BLAINE AQUIFER | KNOX,90,90,90,90,90,90
1110,701,"IRRIGATION, KNOX",IRRIGATION,G,KNOX,N,SEYMOUR AQUIFER | KNOX,26610,26194,26500,29135,26942,26729
1111,667,"IRRIGATION, LAMAR",IRRIGATION,D,LAMAR,N,RED RUN-OF-RIVER,2855,2855,2855,2855,2855,2855
1111,674,"IRRIGATION, LAMAR",IRRIGATION,D,LAMAR,N,SULPHUR RUN-OF-RIVER,500,500,500,500,500,500
1111,845,"IRRIGATION, LAMAR",IRRIGATION,D,LAMAR,N,WOODBINE AQUIFER | LAMAR,49,49,49,49,49,49
1112,169,"IRRIGATION, LAMB",IRRIGATION,O,LAMB,N,DIRECT REUSE,7199,7199,7199,7199,7199,7199
1112,488,"IRRIGATION, LAMB",IRRIGATION,O,LAMB,N,OGALLALA AND EDWARDS-TRINITY-HIGH PLAINS AQUIFERS | LAMB,100729,61194,43852,17631,13759,12446
1113,265,"IRRIGATION, LAMPASAS",IRRIGATION,G,LAMPASAS,N,ELLENBURGER-SAN SABA AQUIFER | LAMPASAS,50,50,50,50,50,50
1113,420,"IRRIGATION, LAMPASAS",IRRIGATION,G,LAMPASAS,N,MARBLE FALLS AQUIFER | LAMPASAS,17,17,17,17,17,17
1113,655,"IRRIGATION, LAMPASAS",IRRIGATION,G,LAMPASAS,N,BRAZOS RUN-OF-RIVER,169,164,160,155,151,146
1113,789,"IRRIGATION, LAMPASAS",IRRIGATION,G,LAMPASAS,N,TRINITY AQUIFER | LAMPASAS,141,141,141,141,141,141
1114,100,"IRRIGATION, LA SALLE",IRRIGATION,L,LA SALLE,N,CARRIZO-WILCOX AQUIFER | LA SALLE,3574,3574,3574,3574,3574,3574
1114,665,"IRRIGATION, LA SALLE",IRRIGATION,L,LA SALLE,N,NUECES RUN-OF-RIVER,474,474,474,474,474,474
1114,720,"IRRIGATION, LA SALLE",IRRIGATION,L,LA SALLE,N,SPARTA AQUIFER | LA SALLE,0,0,0,0,0,0
1115,325,"IRRIGATION, LAVACA",IRRIGATION,P,LAVACA,N,GULF COAST AQUIFER SYSTEM | LAVACA,8192,8192,8192,8192,8192,8192
1116,101,"IRRIGATION, LEE",IRRIGATION,G,LEE,N,CARRIZO-WILCOX AQUIFER | LEE,780,782,783,783,783,783
1116,629,"IRRIGATION, LEE",IRRIGATION,G,LEE,N,QUEEN CITY AQUIFER | LEE,518,565,586,591,591,591
1116,655,"IRRIGATION, LEE",IRRIGATION,G,LEE,N,BRAZOS RUN-OF-RIVER,0,0,0,0,0,0
1117,102,"IRRIGATION, LEON",IRRIGATION,H,LEON,N,CARRIZO-WILCOX AQUIFER | LEON,344,344,344,344,344,344
1117,675,"IRRIGATION, LEON",IRRIGATION,H,LEON,N,TRINITY RUN-OF-RIVER,156,156,156,156,156,156
1118,326,"IRRIGATION, LIBERTY",IRRIGATION,H,LIBERTY,N,GULF COAST AQUIFER SYSTEM | LIBERTY,1169,1169,1169,1169,1169,1169
1118,410,"IRRIGATION, LIBERTY",IRRIGATION,H,LIBERTY,N,LIVINGSTON-WALLISVILLE LAKE/RESERVOIR SYSTEM,7632,7632,7632,7632,7632,7632
1118,663,"IRRIGATION, LIBERTY",IRRIGATION,H,LIBERTY,N,NECHES RUN-OF-RIVER,161,161,161,161,161,161
1118,672,"IRRIGATION, LIBERTY",IRRIGATION,H,LIBERTY,N,SAN JACINTO RUN-OF-RIVER,9,9,9,9,9,9
1118,675,"IRRIGATION, LIBERTY",IRRIGATION,H,LIBERTY,N,TRINITY RUN-OF-RIVER,16682,16682,16682,16682,16682,16682
1118,676,"IRRIGATION, LIBERTY",IRRIGATION,H,LIBERTY,N,TRINITY-SAN JACINTO RUN-OF-RIVER,1905,1905,1905,1905,1905,1905
1118,683,"IRRIGATION, LIBERTY",IRRIGATION,H,LIBERTY,N,SAM RAYBURN-STEINHAGEN LAKE/RESERVOIR SYSTEM,23000,23000,23000,23000,23000,23000
1119,489,"IRRIGATION, LIPSCOMB",IRRIGATION,A,LIPSCOMB,N,OGALLALA AQUIFER | LIPSCOMB,43283,43283,43283,43283,43283,43283
1119,657,"IRRIGATION, LIPSCOMB",IRRIGATION,A,LIPSCOMB,N,CANADIAN RUN-OF-RIVER,66,66,66,66,66,66
1120,327,"IRRIGATION, LIVE OAK",IRRIGATION,N,LIVE OAK,N,GULF COAST AQUIFER SYSTEM | LIVE OAK,844,844,844,844,844,844
1121,362,"IRRIGATION, LLANO",IRRIGATION,K,LLANO,N,HICKORY AQUIFER | LLANO,484,484,484,484,484,484
1121,368,"IRRIGATION, LLANO",IRRIGATION,K,LLANO,N,HIGHLAND LAKES LAKE/RESERVOIR SYSTEM,1514,1514,1514,1514,1514,1514
1121,557,"IRRIGATION, LLANO",IRRIGATION,K,LLANO,N,OTHER AQUIFER | LLANO,37,37,37,37,37,37
1123,169,"IRRIGATION, LUBBOCK",IRRIGATION,O,LUBBOCK,N,DIRECT REUSE,8960,2240,2240,2240,2240,2240
1123,490,"IRRIGATION, LUBBOCK",IRRIGATION,O,LUBBOCK,N,OGALLALA AND EDWARDS-TRINITY-HIGH PLAINS AQUIFERS | LUBBOCK,95618,82046,76574,71848,69031,66848
1124,169,"IRRIGATION, LYNN",IRRIGATION,O,LYNN,N,DIRECT REUSE,346,346,346,346,346,346
1124,491,"IRRIGATION, LYNN",IRRIGATION,O,LYNN,N,OGALLALA AND EDWARDS-TRINITY-HIGH PLAINS AQUIFERS | LYNN,72466,72466,72285,71656,68796,66818
1124,655,"IRRIGATION, LYNN",IRRIGATION,O,LYNN,N,BRAZOS RUN-OF-RIVER,0,0,0,0,0,0
1125,364,"IRRIGATION, MCCULLOCH",IRRIGATION,F,MCCULLOCH,N,HICKORY AQUIFER | MCCULLOCH,1986,1986,1986,1986,1986,1986
1125,422,"IRRIGATION, MCCULLOCH",IRRIGATION,F,MCCULLOCH,N,MARBLE FALLS AQUIFER | MCCULLOCH,20,20,20,20,20,20
1125,658,"IRRIGATION, MCCULLOCH",IRRIGATION,F,MCCULLOCH,N,COLORADO RUN-OF-RIVER,68,68,68,68,68,68
1126,48,"IRRIGATION, MCLENNAN",IRRIGATION,G,MCLENNAN,N,BRAZOS RIVER ALLUVIUM AQUIFER | MCLENNAN,4259,4259,4259,4259,4259,4259
1126,655,"IRRIGATION, MCLENNAN",IRRIGATION,G,MCLENNAN,N,BRAZOS RUN-OF-RIVER,37,37,37,37,37,37
1126,791,"IRRIGATION, MCLENNAN",IRRIGATION,G,MCLENNAN,N,TRINITY AQUIFER | MCLENNAN,561,561,561,561,561,561
1127,1061,"IRRIGATION, MADISON",IRRIGATION,H,MADISON,N,YEGUA-JACKSON AQUIFER | MADISON,138,138,138,138,138,138
1129,492,"IRRIGATION, MARTIN",IRRIGATION,F,MARTIN,N,OGALLALA AND EDWARDS-TRINITY-HIGH PLAINS AQUIFERS | MARTIN,32496,28904,26857,26418,27101,28052
1130,363,"IRRIGATION, MASON",IRRIGATION,F,MASON,N,HICKORY AQUIFER | MASON,4804,4804,4804,4804,4804,4804
1131,328,"IRRIGATION, MATAGORDA",IRRIGATION,K,MATAGORDA,N,GULF COAST AQUIFER SYSTEM | MATAGORDA,25000,25000,25000,25000,25000,25000
1132,6,"IRRIGATION, MAVERICK",IRRIGATION,M,MAVERICK,N,AMISTAD-FALCON LAKE/RESERVOIR SYSTEM,38137,38108,38080,38011,37915,37805
1133,109,"IRRIGATION, MEDINA",IRRIGATION,L,MEDINA,N,CARRIZO-WILCOX AQUIFER | MEDINA,1607,1530,1447,1378,1313,1261
1133,214,"IRRIGATION, MEDINA",IRRIGATION,L,MEDINA,N,EDWARDS-BFZ AQUIFER | MEDINA,22222,22222,22222,22222,22222,22222
1133,792,"IRRIGATION, MEDINA",IRRIGATION,L,MEDINA,N,TRINITY AQUIFER | MEDINA,7378,7378,7378,7378,7378,7378
1134,243,"IRRIGATION, MENARD",IRRIGATION,F,MENARD,N,"EDWARDS-TRINITY-PLATEAU, PECOS VALLEY, AND TRINITY AQUIFERS | MENARD",375,375,375,375,375,375
1134,365,"IRRIGATION, MENARD",IRRIGATION,F,MENARD,N,HICKORY AQUIFER | MENARD,875,875,875,875,875,875
1134,658,"IRRIGATION, MENARD",IRRIGATION,F,MENARD,N,COLORADO RUN-OF-RIVER,1821,1821,1821,1821,1821,1821
1135,145,"IRRIGATION, MIDLAND",IRRIGATION,F,MIDLAND,N,EDWARDS-TRINITY-PLATEAU AND PECOS VALLEY AQUIFERS | WARD,569,535,466,404,367,334
1135,158,"IRRIGATION, MIDLAND",IRRIGATION,F,MIDLAND,N,COLORADO RIVER MWD LAKE/RESERVOIR SYSTEM,204,183,163,153,143,134
1135,169,"IRRIGATION, MIDLAND",IRRIGATION,F,MIDLAND,N,DIRECT REUSE,28,26,24,23,22,21
1135,244,"IRRIGATION, MIDLAND",IRRIGATION,F,MIDLAND,N,"EDWARDS-TRINITY-PLATEAU, PECOS VALLEY, AND TRINITY AQUIFERS | MIDLAND",6126,7525,8988,8677,8051,6543
1135,492,"IRRIGATION, MIDLAND",IRRIGATION,F,MIDLAND,N,OGALLALA AND EDWARDS-TRINITY-HIGH PLAINS AQUIFERS | MARTIN,16,13,11,10,9,8
1135,493,"IRRIGATION, MIDLAND",IRRIGATION,F,MIDLAND,N,OGALLALA AQUIFER | MIDLAND,11052,9713,8343,8728,9403,10955
1136,49,"IRRIGATION, MILAM",IRRIGATION,G,MILAM,N,BRAZOS RIVER ALLUVIUM AQUIFER | MILAM,4422,4422,4422,4422,4422,4422
1136,110,"IRRIGATION, MILAM",IRRIGATION,G,MILAM,N,CARRIZO-WILCOX AQUIFER | MILAM,1878,1777,1986,2075,2075,2075
1136,634,"IRRIGATION, MILAM",IRRIGATION,G,MILAM,N,QUEEN CITY AQUIFER | MILAM,56,56,56,56,56,56
1136,655,"IRRIGATION, MILAM",IRRIGATION,G,MILAM,N,BRAZOS RUN-OF-RIVER,42,42,42,42,42,42
1137,658,"IRRIGATION, MILLS",IRRIGATION,K,MILLS,N,COLORADO RUN-OF-RIVER,191,191,191,191,191,191
1137,794,"IRRIGATION, MILLS",IRRIGATION,K,MILLS,N,TRINITY AQUIFER | MILLS,1336,1336,1336,1336,1336,1336
1138,188,"IRRIGATION, MITCHELL",IRRIGATION,F,MITCHELL,N,DOCKUM AQUIFER | MITCHELL,11165,11148,11158,11189,11235,11272
1138,658,"IRRIGATION, MITCHELL",IRRIGATION,F,MITCHELL,N,COLORADO RUN-OF-RIVER,8,8,8,8,8,8
1139,169,"IRRIGATION, MONTAGUE",IRRIGATION,B,MONTAGUE,N,DIRECT REUSE,31,31,31,31,31,31
1139,276,"IRRIGATION, MONTAGUE",IRRIGATION,B,MONTAGUE,N,FARMERS CREEK/NOCONA LAKE/RESERVOIR,19,19,19,19,19,19
1139,667,"IRRIGATION, MONTAGUE",IRRIGATION,B,MONTAGUE,N,RED RUN-OF-RIVER,6,6,6,6,6,6
1139,795,"IRRIGATION, MONTAGUE",IRRIGATION,B,MONTAGUE,N,TRINITY AQUIFER | MONTAGUE,140,140,140,140,140,140
1139,1095,"IRRIGATION, MONTAGUE",IRRIGATION,B,MONTAGUE,N,CROSS TIMBERS AQUIFER | MONTAGUE,300,300,300,300,300,300
1140,160,"IRRIGATION, MONTGOMERY",IRRIGATION,H,MONTGOMERY,N,CONROE LAKE/RESERVOIR,737,737,737,737,737,737
1140,330,"IRRIGATION, MONTGOMERY",IRRIGATION,H,MONTGOMERY,N,GULF COAST AQUIFER SYSTEM | MONTGOMERY,4713,3937,3395,3060,2861,2680
1140,672,"IRRIGATION, MONTGOMERY",IRRIGATION,H,MONTGOMERY,N,SAN JACINTO RUN-OF-RIVER,25,25,25,25,25,25
1141,189,"IRRIGATION, MOORE",IRRIGATION,A,MOORE,N,DOCKUM AQUIFER | MOORE,1390,1299,1150,1101,1091,1126
1141,494,"IRRIGATION, MOORE",IRRIGATION,A,MOORE,N,OGALLALA AQUIFER | MOORE,123260,117133,107046,92494,75767,62327
1141,657,"IRRIGATION, MOORE",IRRIGATION,A,MOORE,N,CANADIAN RUN-OF-RIVER,7,7,7,7,7,7
1142,564,"IRRIGATION, MOTLEY",IRRIGATION,O,MOTLEY,N,OTHER AQUIFER | MOTLEY,11739,11739,11739,11739,11739,11739
1142,667,"IRRIGATION, MOTLEY",IRRIGATION,O,MOTLEY,N,RED RUN-OF-RIVER,4,4,4,4,4,4
1142,702,"IRRIGATION, MOTLEY",IRRIGATION,O,MOTLEY,N,SEYMOUR AQUIFER | MOTLEY,83,83,83,83,83,83
1142,915,"IRRIGATION, MOTLEY",IRRIGATION,O,MOTLEY,N,DOCKUM AQUIFER | MOTLEY,30,30,30,30,30,30
1143,112,"IRRIGATION, NACOGDOCHES",IRRIGATION,I,NACOGDOCHES,N,CARRIZO-WILCOX AQUIFER | NACOGDOCHES,266,266,266,266,266,266
1143,663,"IRRIGATION, NACOGDOCHES",IRRIGATION,I,NACOGDOCHES,N,NECHES RUN-OF-RIVER,79,79,79,79,79,79
1144,331,"IRRIGATION, NEWTON",IRRIGATION,I,NEWTON,N,GULF COAST AQUIFER SYSTEM | NEWTON,388,388,388,388,388,388
1144,669,"IRRIGATION, NEWTON",IRRIGATION,I,NEWTON,N,SABINE RUN-OF-RIVER,50,50,50,50,50,50
1145,190,"IRRIGATION, NOLAN",IRRIGATION,G,NOLAN,N,DOCKUM AQUIFER | NOLAN,3190,3190,3190,3190,3190,3190
1145,245,"IRRIGATION, NOLAN",IRRIGATION,G,NOLAN,N,"EDWARDS-TRINITY-PLATEAU, PECOS VALLEY, AND TRINITY AQUIFERS | NOLAN",97,97,97,97,97,97
1145,655,"IRRIGATION, NOLAN",IRRIGATION,G,NOLAN,N,BRAZOS RUN-OF-RIVER,40,40,40,40,40,40
1146,169,"IRRIGATION, NUECES",IRRIGATION,N,NUECES,N,DIRECT REUSE,300,300,300,300,300,300
1146,332,"IRRIGATION, NUECES",IRRIGATION,N,NUECES,N,GULF COAST AQUIFER SYSTEM | NUECES,259,259,259,259,259,259
1146,666,"IRRIGATION, NUECES",IRRIGATION,N,NUECES,N,NUECES-RIO GRANDE RUN-OF-RIVER,0,0,0,0,0,0
1147,496,"IRRIGATION, OCHILTREE",IRRIGATION,A,OCHILTREE,N,OGALLALA AQUIFER | OCHILTREE,86683,86683,86683,86683,86683,86683
1148,191,"IRRIGATION, OLDHAM",IRRIGATION,A,OLDHAM,N,DOCKUM AQUIFER | OLDHAM,372,372,372,372,372,372
1148,497,"IRRIGATION, OLDHAM",IRRIGATION,A,OLDHAM,N,OGALLALA AQUIFER | OLDHAM,4349,4349,4349,4349,4349,4076
1149,169,"IRRIGATION, ORANGE",IRRIGATION,I,ORANGE,N,DIRECT REUSE,15,15,15,15,15,15
1149,669,"IRRIGATION, ORANGE",IRRIGATION,I,ORANGE,N,SABINE RUN-OF-RIVER,2430,2430,2430,2430,2430,2430
1150,55,"IRRIGATION, PALO PINTO",IRRIGATION,G,PALO PINTO,N,BRAZOS RIVER AUTHORITY MAIN STEM LAKE/RESERVOIR SYSTEM,566,562,558,555,551,547
1150,797,"IRRIGATION, PALO PINTO",IRRIGATION,G,PALO PINTO,N,TRINITY AQUIFER | PALO PINTO,1,1,1,1,1,1
1150,1076,"IRRIGATION, PALO PINTO",IRRIGATION,G,PALO PINTO,N,BRA SYSTEM OPERATIONS PERMIT SUPPLY,100,100,100,100,97,86
1151,55,"IRRIGATION, PARKER",IRRIGATION,C,PARKER,N,BRAZOS RIVER AUTHORITY MAIN STEM LAKE/RESERVOIR SYSTEM,430,426,411,398,384,372
1151,169,"IRRIGATION, PARKER",IRRIGATION,C,PARKER,N,DIRECT REUSE,254,279,305,330,356,381
1151,655,"IRRIGATION, PARKER",IRRIGATION,C,PARKER,N,BRAZOS RUN-OF-RIVER,66,66,66,66,66,66
1151,675,"IRRIGATION, PARKER",IRRIGATION,C,PARKER,N,TRINITY RUN-OF-RIVER,68,68,68,68,68,68
1151,798,"IRRIGATION, PARKER",IRRIGATION,C,PARKER,N,TRINITY AQUIFER | PARKER,185,185,185,185,185,185
1152,169,"IRRIGATION, PARMER",IRRIGATION,O,PARMER,N,DIRECT REUSE,2887,2887,2887,2887,2887,2887
1152,498,"IRRIGATION, PARMER",IRRIGATION,O,PARMER,N,OGALLALA AND EDWARDS-TRINITY-HIGH PLAINS AQUIFERS | PARMER,66734,46623,29853,14285,9774,7202
1152,667,"IRRIGATION, PARMER",IRRIGATION,O,PARMER,N,RED RUN-OF-RIVER,0,0,0,0,0,0
1153,68,"IRRIGATION, PECOS",IRRIGATION,F,PECOS,N,CAPITAN REEF COMPLEX AQUIFER | PECOS,1787,1787,1787,1787,1787,1787
1153,169,"IRRIGATION, PECOS",IRRIGATION,F,PECOS,N,DIRECT REUSE,1511,1511,1511,1511,1511,1511
1153,246,"IRRIGATION, PECOS",IRRIGATION,F,PECOS,N,"EDWARDS-TRINITY-PLATEAU, PECOS VALLEY, AND TRINITY AQUIFERS | PECOS",61384,61386,61389,61391,61394,61395
1153,651,"IRRIGATION, PECOS",IRRIGATION,F,PECOS,N,RED BLUFF LAKE/RESERVOIR,1348,1346,1343,1341,1338,1337
1153,668,"IRRIGATION, PECOS",IRRIGATION,F,PECOS,N,RIO GRANDE RUN-OF-RIVER,19642,19642,19642,19642,19642,19642
1153,681,"IRRIGATION, PECOS",IRRIGATION,F,PECOS,N,RUSTLER AQUIFER | PECOS,6000,6000,6000,6000,6000,6000
1153,1000,"IRRIGATION, PECOS",IRRIGATION,F,PECOS,N,EDWARDS-TRINITY-PLATEAU AND PECOS VALLEY AQUIFERS | PECOS,46000,46000,46000,46000,46000,46000
1154,334,"IRRIGATION, POLK",IRRIGATION,H,POLK,Y,GULF COAST AQUIFER SYSTEM | POLK,332,332,332,332,332,332
1154,334,"IRRIGATION, POLK",IRRIGATION,I,POLK,Y,GULF COAST AQUIFER SYSTEM | POLK,313,313,313,313,313,313
1155,169,"IRRIGATION, POTTER",IRRIGATION,A,POTTER,N,DIRECT REUSE,2200,2200,2200,2200,2200,2200
1155,193,"IRRIGATION, POTTER",IRRIGATION,A,POTTER,N,DOCKUM AQUIFER | POTTER,537,572,594,609,618,624
1155,499,"IRRIGATION, POTTER",IRRIGATION,A,POTTER,N,OGALLALA AQUIFER | POTTER,735,700,678,663,654,648
1156,380,"IRRIGATION, PRESIDIO",IRRIGATION,E,PRESIDIO,N,IGNEOUS AQUIFER | PRESIDIO,770,770,770,770,770,770
1156,668,"IRRIGATION, PRESIDIO",IRRIGATION,E,PRESIDIO,N,RIO GRANDE RUN-OF-RIVER,10452,10452,10452,10452,10452,10452
1156,826,"IRRIGATION, PRESIDIO",IRRIGATION,E,PRESIDIO,N,WEST TEXAS BOLSONS AQUIFER | PRESIDIO,1477,1477,1477,1477,1477,1477
1157,194,"IRRIGATION, RANDALL",IRRIGATION,A,RANDALL,N,DOCKUM AQUIFER | RANDALL,1026,1043,817,743,691,664
1157,500,"IRRIGATION, RANDALL",IRRIGATION,A,RANDALL,N,OGALLALA AQUIFER | RANDALL,15975,13976,12121,10472,8782,7301
1157,667,"IRRIGATION, RANDALL",IRRIGATION,A,RANDALL,N,RED RUN-OF-RIVER,124,124,124,124,124,124
1158,195,"IRRIGATION, REAGAN",IRRIGATION,F,REAGAN,N,DOCKUM AQUIFER | REAGAN,96,96,96,96,96,96
1158,247,"IRRIGATION, REAGAN",IRRIGATION,F,REAGAN,N,"EDWARDS-TRINITY-PLATEAU, PECOS VALLEY, AND TRINITY AQUIFERS | REAGAN",21406,21406,21406,21406,21406,21406
1159,248,"IRRIGATION, REAL",IRRIGATION,J,REAL,N,"EDWARDS-TRINITY-PLATEAU, PECOS VALLEY, AND TRINITY AQUIFERS | REAL",212,212,212,212,212,212
1159,665,"IRRIGATION, REAL",IRRIGATION,J,REAL,N,NUECES RUN-OF-RIVER,1752,1752,1752,1752,1752,1752
1160,667,"IRRIGATION, RED RIVER",IRRIGATION,D,RED RIVER,N,RED RUN-OF-RIVER,1015,1015,1015,1015,1015,1015
1160,674,"IRRIGATION, RED RIVER",IRRIGATION,D,RED RIVER,N,SULPHUR RUN-OF-RIVER,87,87,87,87,87,87
1161,11,"IRRIGATION, REEVES",IRRIGATION,F,REEVES,N,BALMORHEA LAKE/RESERVOIR,19600,19600,19600,19600,19600,19600
1161,651,"IRRIGATION, REEVES",IRRIGATION,F,REEVES,N,RED BLUFF LAKE/RESERVOIR,1348,1346,1343,1341,1338,1337
1161,668,"IRRIGATION, REEVES",IRRIGATION,F,REEVES,N,RIO GRANDE RUN-OF-RIVER,714,714,714,714,714,714
1161,682,"IRRIGATION, REEVES",IRRIGATION,F,REEVES,N,RUSTLER AQUIFER | REEVES,2387,2387,2387,2387,2387,2387
1161,1001,"IRRIGATION, REEVES",IRRIGATION,F,REEVES,N,EDWARDS-TRINITY-PLATEAU AND PECOS VALLEY AQUIFERS | REEVES,35696,35698,35701,35703,35706,35707
1161,1107,"IRRIGATION, REEVES",IRRIGATION,F,REEVES,N,IGNEOUS AQUIFER | REEVES,280,280,280,280,280,280
1162,335,"IRRIGATION, REFUGIO",IRRIGATION,L,REFUGIO,N,GULF COAST AQUIFER SYSTEM | REFUGIO,868,868,868,868,868,868
1163,501,"IRRIGATION, ROBERTS",IRRIGATION,A,ROBERTS,N,OGALLALA AQUIFER | ROBERTS,9492,9492,9492,9492,9492,9492
1163,657,"IRRIGATION, ROBERTS",IRRIGATION,A,ROBERTS,N,CANADIAN RUN-OF-RIVER,72,72,72,72,72,72
1164,50,"IRRIGATION, ROBERTSON",IRRIGATION,G,ROBERTSON,N,BRAZOS RIVER ALLUVIUM AQUIFER | ROBERTSON,55424,55157,54839,54723,54618,54618
1164,117,"IRRIGATION, ROBERTSON",IRRIGATION,G,ROBERTSON,N,CARRIZO-WILCOX AQUIFER | ROBERTSON,3926,3926,3926,3926,3926,3926
1164,637,"IRRIGATION, ROBERTSON",IRRIGATION,G,ROBERTSON,N,QUEEN CITY AQUIFER | ROBERTSON,144,252,309,309,309,309
1164,655,"IRRIGATION, ROBERTSON",IRRIGATION,G,ROBERTSON,N,BRAZOS RUN-OF-RIVER,23,23,23,23,23,23
1164,726,"IRRIGATION, ROBERTSON",IRRIGATION,G,ROBERTSON,N,SPARTA AQUIFER | ROBERTSON,338,509,510,510,510,510
1165,169,"IRRIGATION, ROCKWALL",IRRIGATION,C,ROCKWALL,N,DIRECT REUSE,672,0,0,0,0,0
1165,648,"IRRIGATION, ROCKWALL",IRRIGATION,C,ROCKWALL,N,RAY HUBBARD LAKE/RESERVOIR,320,306,290,278,267,258
1166,575,"IRRIGATION, RUNNELS",IRRIGATION,F,RUNNELS,N,OTHER AQUIFER | RUNNELS,3321,3321,3321,3321,3321,3321
1166,658,"IRRIGATION, RUNNELS",IRRIGATION,F,RUNNELS,N,COLORADO RUN-OF-RIVER,196,196,196,196,196,196
1167,118,"IRRIGATION, RUSK",IRRIGATION,I,RUSK,N,CARRIZO-WILCOX AQUIFER | RUSK,251,251,251,251,251,251
1167,663,"IRRIGATION, RUSK",IRRIGATION,I,RUSK,N,NECHES RUN-OF-RIVER,59,59,59,59,59,59
1167,669,"IRRIGATION, RUSK",IRRIGATION,I,RUSK,N,SABINE RUN-OF-RIVER,127,127,127,127,127,127
1167,991,"IRRIGATION, RUSK",IRRIGATION,I,RUSK,N,OTHER AQUIFER | RUSK,196,196,196,196,196,196
1168,120,"IRRIGATION, SAN AUGUSTINE",IRRIGATION,I,SAN AUGUSTINE,N,CARRIZO-WILCOX AQUIFER | SAN AUGUSTINE,16,16,16,16,16,17
1169,337,"IRRIGATION, SAN JACINTO",IRRIGATION,H,SAN JACINTO,N,GULF COAST AQUIFER SYSTEM | SAN JACINTO,148,148,148,148,148,148
1169,410,"IRRIGATION, SAN JACINTO",IRRIGATION,H,SAN JACINTO,N,LIVINGSTON-WALLISVILLE LAKE/RESERVOIR SYSTEM,100,100,100,100,100,100
1170,338,"IRRIGATION, SAN PATRICIO",IRRIGATION,N,SAN PATRICIO,N,GULF COAST AQUIFER SYSTEM | SAN PATRICIO,5497,5497,5497,5497,5497,5497
1170,671,"IRRIGATION, SAN PATRICIO",IRRIGATION,N,SAN PATRICIO,N,SAN ANTONIO-NUECES RUN-OF-RIVER,0,0,0,0,0,0
1171,271,"IRRIGATION, SAN SABA",IRRIGATION,K,SAN SABA,N,ELLENBURGER-SAN SABA AQUIFER | SAN SABA,2815,2815,2815,2815,2815,2815
1171,367,"IRRIGATION, SAN SABA",IRRIGATION,K,SAN SABA,N,HICKORY AQUIFER | SAN SABA,3972,3972,3972,3972,3972,3972
1172,250,"IRRIGATION, SCHLEICHER",IRRIGATION,F,SCHLEICHER,N,"EDWARDS-TRINITY-PLATEAU, PECOS VALLEY, AND TRINITY AQUIFERS | SCHLEICHER",2015,2015,2015,2015,2015,2015
1173,169,"IRRIGATION, SCURRY",IRRIGATION,F,SCURRY,N,DIRECT REUSE,1124,1124,1124,1124,1124,1124
1173,197,"IRRIGATION, SCURRY",IRRIGATION,F,SCURRY,N,DOCKUM AQUIFER | SCURRY,5859,5859,5859,5859,5859,5859
1173,658,"IRRIGATION, SCURRY",IRRIGATION,F,SCURRY,N,COLORADO RUN-OF-RIVER,0,0,0,0,0,0
1175,121,"IRRIGATION, SHELBY",IRRIGATION,I,SHELBY,N,CARRIZO-WILCOX AQUIFER | SHELBY,10,10,10,10,10,10
1176,198,"IRRIGATION, SHERMAN",IRRIGATION,A,SHERMAN,N,DOCKUM AQUIFER | SHERMAN,416,310,288,293,288,291
1176,502,"IRRIGATION, SHERMAN",IRRIGATION,A,SHERMAN,N,OGALLALA AQUIFER | SHERMAN,274584,250107,216802,190623,160218,139735
1176,657,"IRRIGATION, SHERMAN",IRRIGATION,A,SHERMAN,N,CANADIAN RUN-OF-RIVER,32,32,32,32,32,32
1177,14,"IRRIGATION, SMITH",IRRIGATION,I,SMITH,Y,BELLWOOD LAKE/RESERVOIR,400,400,400,400,400,400
1177,122,"IRRIGATION, SMITH",IRRIGATION,D,SMITH,Y,CARRIZO-WILCOX AQUIFER | SMITH,47,47,47,47,47,47
1177,600,"IRRIGATION, SMITH",IRRIGATION,I,SMITH,Y,PALESTINE LAKE/RESERVOIR,487,478,469,462,456,456
1177,639,"IRRIGATION, SMITH",IRRIGATION,D,SMITH,Y,QUEEN CITY AQUIFER | SMITH,264,264,264,264,264,264
1177,663,"IRRIGATION, SMITH",IRRIGATION,I,SMITH,Y,NECHES RUN-OF-RIVER,45,45,45,45,45,45
1178,55,"IRRIGATION, SOMERVELL",IRRIGATION,G,SOMERVELL,N,BRAZOS RIVER AUTHORITY MAIN STEM LAKE/RESERVOIR SYSTEM,317,315,313,311,309,306
1178,802,"IRRIGATION, SOMERVELL",IRRIGATION,G,SOMERVELL,N,TRINITY AQUIFER | SOMERVELL,372,372,372,372,372,372
1179,6,"IRRIGATION, STARR",IRRIGATION,M,STARR,N,AMISTAD-FALCON LAKE/RESERVOIR SYSTEM,2304,2303,2301,2296,2289,2279
1179,339,"IRRIGATION, STARR",IRRIGATION,M,STARR,N,GULF COAST AQUIFER SYSTEM | STARR,120,120,120,120,120,120
1180,1097,"IRRIGATION, STEPHENS",IRRIGATION,G,STEPHENS,N,CROSS TIMBERS AQUIFER | STEPHENS,31,31,31,31,31,31
1181,251,"IRRIGATION, STERLING",IRRIGATION,F,STERLING,N,"EDWARDS-TRINITY-PLATEAU, PECOS VALLEY, AND TRINITY AQUIFERS | STERLING",828,828,828,828,828,685
1181,658,"IRRIGATION, STERLING",IRRIGATION,F,STERLING,N,COLORADO RUN-OF-RIVER,27,27,27,27,27,27
1182,27,"IRRIGATION, STONEWALL",IRRIGATION,G,STONEWALL,N,BLAINE AQUIFER | STONEWALL,83,83,83,83,83,83
1182,655,"IRRIGATION, STONEWALL",IRRIGATION,G,STONEWALL,N,BRAZOS RUN-OF-RIVER,0,0,0,0,0,0
1182,703,"IRRIGATION, STONEWALL",IRRIGATION,G,STONEWALL,N,SEYMOUR AQUIFER | STONEWALL,28,27,26,26,26,26
1183,252,"IRRIGATION, SUTTON",IRRIGATION,F,SUTTON,N,"EDWARDS-TRINITY-PLATEAU, PECOS VALLEY, AND TRINITY AQUIFERS | SUTTON",1123,1123,1123,1123,1123,1123
1183,658,"IRRIGATION, SUTTON",IRRIGATION,F,SUTTON,N,COLORADO RUN-OF-RIVER,0,0,0,0,0,0
1184,503,"IRRIGATION, SWISHER",IRRIGATION,O,SWISHER,N,OGALLALA AND EDWARDS-TRINITY-HIGH PLAINS AQUIFERS | SWISHER,64252,44614,31747,22356,17948,15059
1185,169,"IRRIGATION, TARRANT",IRRIGATION,C,TARRANT,N,DIRECT REUSE,2478,2478,2478,2478,2478,2478
1185,390,"IRRIGATION, TARRANT",IRRIGATION,C,TARRANT,N,TRINITY INDIRECT REUSE,1121,1121,1121,1121,1121,1121
1185,675,"IRRIGATION, TARRANT",IRRIGATION,C,TARRANT,N,TRINITY RUN-OF-RIVER,513,513,513,513,513,513
1185,803,"IRRIGATION, TARRANT",IRRIGATION,C,TARRANT,N,TRINITY AQUIFER | TARRANT,250,250,250,250,250,250
1185,810,"IRRIGATION, TARRANT",IRRIGATION,C,TARRANT,N,TRWD LAKE/RESERVOIR SYSTEM,954,840,780,711,659,619
1185,852,"IRRIGATION, TARRANT",IRRIGATION,C,TARRANT,N,WOODBINE AQUIFER | TARRANT,250,250,250,250,250,250
1186,169,"IRRIGATION, TAYLOR",IRRIGATION,G,TAYLOR,N,DIRECT REUSE,510,510,510,510,510,510
1186,253,"IRRIGATION, TAYLOR",IRRIGATION,G,TAYLOR,N,"EDWARDS-TRINITY-PLATEAU, PECOS VALLEY, AND TRINITY AQUIFERS | TAYLOR",355,355,355,355,355,355
1186,804,"IRRIGATION, TAYLOR",IRRIGATION,G,TAYLOR,N,TRINITY AQUIFER | TAYLOR,14,14,14,14,14,14
1187,254,"IRRIGATION, TERRELL",IRRIGATION,E,TERRELL,N,"EDWARDS-TRINITY-PLATEAU, PECOS VALLEY, AND TRINITY AQUIFERS | TERRELL",473,473,473,473,473,473
1187,668,"IRRIGATION, TERRELL",IRRIGATION,E,TERRELL,N,RIO GRANDE RUN-OF-RIVER,432,432,432,432,432,432
1188,504,"IRRIGATION, TERRY",IRRIGATION,O,TERRY,N,OGALLALA AND EDWARDS-TRINITY-HIGH PLAINS AQUIFERS | TERRY,102633,86664,86664,86301,82733,80444
1190,255,"IRRIGATION, TOM GREEN",IRRIGATION,F,TOM GREEN,N,"EDWARDS-TRINITY-PLATEAU, PECOS VALLEY, AND TRINITY AQUIFERS | TOM GREEN",1105,1105,1105,1105,1105,1105
1190,381,"IRRIGATION, TOM GREEN",IRRIGATION,F,TOM GREEN,N,COLORADO INDIRECT REUSE,8300,0,0,0,0,0
1190,408,"IRRIGATION, TOM GREEN",IRRIGATION,F,TOM GREEN,N,LIPAN AQUIFER | TOM GREEN,38575,39533,39114,38779,38458,38090
1190,658,"IRRIGATION, TOM GREEN",IRRIGATION,F,TOM GREEN,N,COLORADO RUN-OF-RIVER,1620,1620,1620,1620,1620,1620
1191,215,"IRRIGATION, TRAVIS",IRRIGATION,K,TRAVIS,N,EDWARDS-BFZ AQUIFER | TRAVIS,964,964,964,964,964,964
1191,368,"IRRIGATION, TRAVIS",IRRIGATION,K,TRAVIS,N,HIGHLAND LAKES LAKE/RESERVOIR SYSTEM,3465,3465,3465,3465,3465,3465
1191,805,"IRRIGATION, TRAVIS",IRRIGATION,K,TRAVIS,N,TRINITY AQUIFER | TRAVIS,551,551,551,551,551,551
1192,663,"IRRIGATION, TRINITY",IRRIGATION,I,TRINITY,Y,NECHES RUN-OF-RIVER,0,0,0,0,0,0
1192,675,"IRRIGATION, TRINITY",IRRIGATION,I,TRINITY,Y,TRINITY RUN-OF-RIVER,0,0,0,0,0,0
1192,868,"IRRIGATION, TRINITY",IRRIGATION,H,TRINITY,Y,YEGUA-JACKSON AQUIFER | TRINITY,275,275,275,275,275,275
1192,868,"IRRIGATION, TRINITY",IRRIGATION,I,TRINITY,Y,YEGUA-JACKSON AQUIFER | TRINITY,63,63,63,63,63,63
1193,341,"IRRIGATION, TYLER",IRRIGATION,I,TYLER,N,GULF COAST AQUIFER SYSTEM | TYLER,354,354,354,354,354,354
1193,663,"IRRIGATION, TYLER",IRRIGATION,I,TYLER,N,NECHES RUN-OF-RIVER,88,88,88,88,88,88
1194,125,"IRRIGATION, UPSHUR",IRRIGATION,D,UPSHUR,N,CARRIZO-WILCOX AQUIFER | UPSHUR,240,240,240,240,240,240
1194,413,"IRRIGATION, UPSHUR",IRRIGATION,D,UPSHUR,N,LOMA LAKE/RESERVOIR,350,350,350,350,350,350
1194,660,"IRRIGATION, UPSHUR",IRRIGATION,D,UPSHUR,N,CYPRESS RUN-OF-RIVER,21,21,21,21,21,21
1194,669,"IRRIGATION, UPSHUR",IRRIGATION,D,UPSHUR,N,SABINE RUN-OF-RIVER,100,100,100,100,100,100
1195,201,"IRRIGATION, UPTON",IRRIGATION,F,UPTON,N,DOCKUM AQUIFER | UPTON,169,169,169,169,169,169
1195,256,"IRRIGATION, UPTON",IRRIGATION,F,UPTON,N,"EDWARDS-TRINITY-PLATEAU, PECOS VALLEY, AND TRINITY AQUIFERS | UPTON",8249,8249,8249,8249,8249,8249
1196,216,"IRRIGATION, UVALDE",IRRIGATION,L,UVALDE,N,EDWARDS-BFZ AQUIFER | UVALDE,23404,23404,23404,23404,23404,23404
1196,257,"IRRIGATION, UVALDE",IRRIGATION,L,UVALDE,N,"EDWARDS-TRINITY-PLATEAU, PECOS VALLEY, AND TRINITY AQUIFERS | UVALDE",1374,1374,1374,1374,1374,1374
1196,665,"IRRIGATION, UVALDE",IRRIGATION,L,UVALDE,N,NUECES RUN-OF-RIVER,720,720,720,720,720,720
1196,806,"IRRIGATION, UVALDE",IRRIGATION,L,UVALDE,N,TRINITY AQUIFER | UVALDE,600,600,600,600,600,600
1196,886,"IRRIGATION, UVALDE",IRRIGATION,L,UVALDE,N,AUSTIN CHALK AQUIFER | UVALDE,1780,1780,1780,1780,1780,1780
1196,959,"IRRIGATION, UVALDE",IRRIGATION,L,UVALDE,N,LEONA GRAVEL AQUIFER | UVALDE,6200,6200,6200,6200,6200,6200
1197,258,"IRRIGATION, VAL VERDE",IRRIGATION,J,VAL VERDE,N,"EDWARDS-TRINITY-PLATEAU, PECOS VALLEY, AND TRINITY AQUIFERS | VAL VERDE",143,143,143,143,143,143
1197,668,"IRRIGATION, VAL VERDE",IRRIGATION,J,VAL VERDE,N,RIO GRANDE RUN-OF-RIVER,4207,4207,4207,4207,4207,4207
1198,127,"IRRIGATION, VAN ZANDT",IRRIGATION,D,VAN ZANDT,N,CARRIZO-WILCOX AQUIFER | VAN ZANDT,33,33,33,33,30,30
1198,279,"IRRIGATION, VAN ZANDT",IRRIGATION,D,VAN ZANDT,N,FORK LAKE/RESERVOIR,165,163,161,159,158,156
1198,663,"IRRIGATION, VAN ZANDT",IRRIGATION,D,VAN ZANDT,N,NECHES RUN-OF-RIVER,150,150,150,150,150,150
1198,669,"IRRIGATION, VAN ZANDT",IRRIGATION,D,VAN ZANDT,N,SABINE RUN-OF-RIVER,74,74,74,74,74,74
1199,342,"IRRIGATION, VICTORIA",IRRIGATION,L,VICTORIA,N,GULF COAST AQUIFER SYSTEM | VICTORIA,11092,11092,11092,11092,11092,11092
1200,343,"IRRIGATION, WALKER",IRRIGATION,H,WALKER,N,GULF COAST AQUIFER SYSTEM | WALKER,279,279,279,279,279,279
1200,675,"IRRIGATION, WALKER",IRRIGATION,H,WALKER,N,TRINITY RUN-OF-RIVER,123,123,123,123,123,123
1200,870,"IRRIGATION, WALKER",IRRIGATION,H,WALKER,N,YEGUA-JACKSON AQUIFER | WALKER,159,159,159,159,159,159
1201,51,"IRRIGATION, WALLER",IRRIGATION,H,WALLER,N,BRAZOS RIVER ALLUVIUM AQUIFER | WALLER,757,757,757,757,757,757
1201,55,"IRRIGATION, WALLER",IRRIGATION,H,WALLER,N,BRAZOS RIVER AUTHORITY MAIN STEM LAKE/RESERVOIR SYSTEM,45,45,45,44,44,44
1201,344,"IRRIGATION, WALLER",IRRIGATION,H,WALLER,N,GULF COAST AQUIFER SYSTEM | WALLER,21176,21176,21176,21176,21176,21176
1201,655,"IRRIGATION, WALLER",IRRIGATION,H,WALLER,N,BRAZOS RUN-OF-RIVER,44,44,44,44,44,44
1201,1076,"IRRIGATION, WALLER",IRRIGATION,H,WALLER,N,BRA SYSTEM OPERATIONS PERMIT SUPPLY,90,90,90,90,87,77
1202,145,"IRRIGATION, WARD",IRRIGATION,F,WARD,N,EDWARDS-TRINITY-PLATEAU AND PECOS VALLEY AQUIFERS | WARD,957,961,962,966,967,970
1202,169,"IRRIGATION, WARD",IRRIGATION,F,WARD,N,DIRECT REUSE,1017,1017,1017,1017,1017,1017
1202,202,"IRRIGATION, WARD",IRRIGATION,F,WARD,N,DOCKUM AQUIFER | WARD,30,30,30,30,30,30
1202,651,"IRRIGATION, WARD",IRRIGATION,F,WARD,N,RED BLUFF LAKE/RESERVOIR,1349,1345,1344,1340,1339,1336
1202,668,"IRRIGATION, WARD",IRRIGATION,F,WARD,N,RIO GRANDE RUN-OF-RIVER,980,980,980,980,980,980
1203,52,"IRRIGATION, WASHINGTON",IRRIGATION,G,WASHINGTON,N,BRAZOS RIVER ALLUVIUM AQUIFER | WASHINGTON,93,93,93,93,93,93
1203,345,"IRRIGATION, WASHINGTON",IRRIGATION,G,WASHINGTON,N,GULF COAST AQUIFER SYSTEM | WASHINGTON,416,416,416,416,416,416
1204,6,"IRRIGATION, WEBB",IRRIGATION,M,WEBB,N,AMISTAD-FALCON LAKE/RESERVOIR SYSTEM,6742,6737,6732,6719,6700,6675
1205,347,"IRRIGATION, WHARTON",IRRIGATION,K,WHARTON,Y,GULF COAST AQUIFER SYSTEM | WHARTON,90002,90002,90002,90002,90002,90002
1205,347,"IRRIGATION, WHARTON",IRRIGATION,P,WHARTON,Y,GULF COAST AQUIFER SYSTEM | WHARTON,64730,64730,64730,64730,64730,64730
1205,658,"IRRIGATION, WHARTON",IRRIGATION,K,WHARTON,Y,COLORADO RUN-OF-RIVER,25200,25200,25200,25200,25200,25200
1205,658,"IRRIGATION, WHARTON",IRRIGATION,P,WHARTON,Y,COLORADO RUN-OF-RIVER,16000,16000,16000,16000,16000,16000
1206,505,"IRRIGATION, WHEELER",IRRIGATION,A,WHEELER,N,OGALLALA AQUIFER | WHEELER,16458,16458,16458,16458,16458,16458
1206,667,"IRRIGATION, WHEELER",IRRIGATION,A,WHEELER,N,RED RUN-OF-RIVER,455,455,455,455,455,455
1207,394,"IRRIGATION, WICHITA",IRRIGATION,B,WICHITA,N,KEMP-DIVERSION LAKE/RESERVOIR SYSTEM,20172,18688,17205,15721,14237,12753
1207,667,"IRRIGATION, WICHITA",IRRIGATION,B,WICHITA,N,RED RUN-OF-RIVER,878,878,878,878,878,878
1207,1098,"IRRIGATION, WICHITA",IRRIGATION,B,WICHITA,N,CROSS TIMBERS AQUIFER | WICHITA,600,600,600,600,600,600
1208,594,"IRRIGATION, WILBARGER",IRRIGATION,B,WILBARGER,N,OTHER AQUIFER | WILBARGER,3029,3029,3029,3029,3029,3029
1208,667,"IRRIGATION, WILBARGER",IRRIGATION,B,WILBARGER,N,RED RUN-OF-RIVER,15,15,15,15,15,15
1208,706,"IRRIGATION, WILBARGER",IRRIGATION,B,WILBARGER,N,SEYMOUR AQUIFER | WILBARGER,23692,23692,23692,23692,23692,23692
1209,6,"IRRIGATION, WILLACY",IRRIGATION,M,WILLACY,N,AMISTAD-FALCON LAKE/RESERVOIR SYSTEM,19982,19967,19951,19917,19866,19811
1209,348,"IRRIGATION, WILLACY",IRRIGATION,M,WILLACY,N,GULF COAST AQUIFER SYSTEM | WILLACY,81,81,81,81,81,81
1210,54,"IRRIGATION, WILLIAMSON",IRRIGATION,G,WILLIAMSON,N,BRAZOS RIVER AUTHORITY LITTLE RIVER LAKE/RESERVOIR SYSTEM,13,12,12,12,12,12
1210,217,"IRRIGATION, WILLIAMSON",IRRIGATION,G,WILLIAMSON,N,EDWARDS-BFZ AQUIFER | WILLIAMSON,16,15,15,15,15,15
1210,655,"IRRIGATION, WILLIAMSON",IRRIGATION,G,WILLIAMSON,N,BRAZOS RUN-OF-RIVER,89,89,89,89,89,89
1210,807,"IRRIGATION, WILLIAMSON",IRRIGATION,G,WILLIAMSON,N,TRINITY AQUIFER | WILLIAMSON,57,57,57,57,57,57
1211,130,"IRRIGATION, WILSON",IRRIGATION,L,WILSON,N,CARRIZO-WILCOX AQUIFER | WILSON,12127,12127,12127,12127,12127,12127
1211,643,"IRRIGATION, WILSON",IRRIGATION,L,WILSON,N,QUEEN CITY AQUIFER | WILSON,80,80,80,80,80,80
1211,670,"IRRIGATION, WILSON",IRRIGATION,L,WILSON,N,SAN ANTONIO RUN-OF-RIVER,1093,1093,1093,1093,1093,1093
1211,1063,"IRRIGATION, WILSON",IRRIGATION,L,WILSON,N,YEGUA-JACKSON AQUIFER | WILSON,104,104,104,104,104,104
1212,1002,"IRRIGATION, WINKLER",IRRIGATION,F,WINKLER,N,EDWARDS-TRINITY-PLATEAU AND PECOS VALLEY AQUIFERS | WINKLER,3068,3068,3068,3068,3068,3068
1213,808,"IRRIGATION, WISE",IRRIGATION,C,WISE,N,TRINITY AQUIFER | WISE,1276,1276,1276,1276,1276,1276
1213,810,"IRRIGATION, WISE",IRRIGATION,C,WISE,N,TRWD LAKE/RESERVOIR SYSTEM,141,125,116,106,97,92
1214,131,"IRRIGATION, WOOD",IRRIGATION,D,WOOD,N,CARRIZO-WILCOX AQUIFER | WOOD,147,147,147,147,147,147
1214,644,"IRRIGATION, WOOD",IRRIGATION,D,WOOD,N,QUEEN CITY AQUIFER | WOOD,226,226,226,226,226,226
1214,669,"IRRIGATION, WOOD",IRRIGATION,D,WOOD,N,SABINE RUN-OF-RIVER,987,987,987,987,987,987
1215,506,"IRRIGATION, YOAKUM",IRRIGATION,O,YOAKUM,N,OGALLALA AND EDWARDS-TRINITY-HIGH PLAINS AQUIFERS | YOAKUM,81839,61666,50202,43890,40075,37575
1216,1025,"IRRIGATION, YOUNG",IRRIGATION,G,YOUNG,Y,SEYMOUR AQUIFER | YOUNG,29,29,29,29,29,29
1216,1074,"IRRIGATION, YOUNG",IRRIGATION,B,YOUNG,Y,CROSS TIMBERS AQUIFER | YOUNG,6,6,6,6,6,6
1216,1074,"IRRIGATION, YOUNG",IRRIGATION,G,YOUNG,Y,CROSS TIMBERS AQUIFER | YOUNG,8,8,8,8,8,8
1217,6,"IRRIGATION, ZAPATA",IRRIGATION,M,ZAPATA,N,AMISTAD-FALCON LAKE/RESERVOIR SYSTEM,1143,1142,1141,1138,1135,1129
1217,873,"IRRIGATION, ZAPATA",IRRIGATION,M,ZAPATA,N,YEGUA-JACKSON AQUIFER | ZAPATA,80,80,80,80,80,80
1218,132,"IRRIGATION, ZAVALA",IRRIGATION,L,ZAVALA,N,CARRIZO-WILCOX AQUIFER | ZAVALA,28385,28385,28385,28385,28385,28385
1219,148,IRVING,MUNICIPAL,C,DALLAS,N,CHAPMAN/COOPER LAKE/RESERVOIR NON-SYSTEM PORTION,35634,34604,33569,32530,31487,30439
1219,279,IRVING,MUNICIPAL,C,DALLAS,N,FORK LAKE/RESERVOIR,472,464,452,445,437,431
1219,390,IRVING,MUNICIPAL,C,DALLAS,N,TRINITY INDIRECT REUSE,970,1020,1075,1071,1069,1073
1219,648,IRVING,MUNICIPAL,C,DALLAS,N,RAY HUBBARD LAKE/RESERVOIR,491,460,428,403,378,357
1219,650,IRVING,MUNICIPAL,C,DALLAS,N,RAY ROBERTS-LEWISVILLE-GRAPEVINE LAKE/RESERVOIR SYSTEM,1189,1072,952,911,874,845
1219,738,IRVING,MUNICIPAL,C,DALLAS,N,TAWAKONI LAKE/RESERVOIR,1979,1870,1756,1666,1578,1503
1220,772,ITALY,MUNICIPAL,C,ELLIS,N,TRINITY AQUIFER | ELLIS,79,78,78,77,76,75
1220,838,ITALY,MUNICIPAL,C,ELLIS,N,WOODBINE AQUIFER | ELLIS,170,170,170,170,170,170
1221,780,ITASCA,MUNICIPAL,G,HILL,N,TRINITY AQUIFER | HILL,169,169,169,169,169,169
1222,315,JACINTO CITY,MUNICIPAL,H,HARRIS,N,GULF COAST AQUIFER SYSTEM | HARRIS,133,133,138,139,142,134
1222,410,JACINTO CITY,MUNICIPAL,H,HARRIS,N,LIVINGSTON-WALLISVILLE LAKE/RESERVOIR SYSTEM,909,909,909,909,909,909
1223,414,JACKSBORO,MUNICIPAL,C,JACK,N,LOST CREEK-JACKSBORO LAKE/RESERVOIR SYSTEM,1397,1397,1397,1397,1397,1397
1224,122,JACKSON WSC,MUNICIPAL,D,SMITH,Y,CARRIZO-WILCOX AQUIFER | SMITH,175,188,198,205,213,220
1224,122,JACKSON WSC,MUNICIPAL,I,SMITH,Y,CARRIZO-WILCOX AQUIFER | SMITH,291,313,329,342,355,367
1225,655,JAMAICA BEACH,MUNICIPAL,H,GALVESTON,N,BRAZOS RUN-OF-RIVER,315,315,315,315,315,315
1226,54,JARRELL-SCHWERTNER,MUNICIPAL,G,BELL,Y,BRAZOS RIVER AUTHORITY LITTLE RIVER LAKE/RESERVOIR SYSTEM,201,207,211,210,207,207
1226,54,JARRELL-SCHWERTNER,MUNICIPAL,G,WILLIAMSON,Y,BRAZOS RIVER AUTHORITY LITTLE RIVER LAKE/RESERVOIR SYSTEM,4821,4877,4837,4801,4761,4730
1226,208,JARRELL-SCHWERTNER,MUNICIPAL,G,BELL,Y,EDWARDS-BFZ AQUIFER | BELL,18,18,19,19,19,19
1226,208,JARRELL-SCHWERTNER,MUNICIPAL,G,WILLIAMSON,Y,EDWARDS-BFZ AQUIFER | BELL,427,427,426,426,426,426
1226,755,JARRELL-SCHWERTNER,MUNICIPAL,G,BELL,Y,TRINITY AQUIFER | BELL,8,4,4,4,4,4
1226,755,JARRELL-SCHWERTNER,MUNICIPAL,G,WILLIAMSON,Y,TRINITY AQUIFER | BELL,198,98,98,97,96,96
1227,318,JASPER,MUNICIPAL,I,JASPER,N,GULF COAST AQUIFER SYSTEM | JASPER,1777,1689,1587,1496,1405,1316
1228,318,JASPER COUNTY WCID 1,MUNICIPAL,I,JASPER,N,GULF COAST AQUIFER SYSTEM | JASPER,208,206,207,209,215,225
1229,700,JAYTON,MUNICIPAL,G,KENT,N,SEYMOUR AQUIFER | KENT,249,249,249,249,249,249
1230,457,JEFFERSON,MUNICIPAL,D,MARION,N,O' THE PINES LAKE/RESERVOIR,1509,1509,1509,1509,1509,1509
1230,660,JEFFERSON,MUNICIPAL,D,MARION,N,CYPRESS RUN-OF-RIVER,763,763,763,763,763,763
1231,683,JEFFERSON COUNTY WCID 10,MUNICIPAL,I,JEFFERSON,N,SAM RAYBURN-STEINHAGEN LAKE/RESERVOIR SYSTEM,597,600,598,591,584,577
1232,315,JERSEY VILLAGE,MUNICIPAL,H,HARRIS,N,GULF COAST AQUIFER SYSTEM | HARRIS,717,370,373,376,386,400
1232,410,JERSEY VILLAGE,MUNICIPAL,H,HARRIS,N,LIVINGSTON-WALLISVILLE LAKE/RESERVOIR SYSTEM,1076,1479,1494,1502,1545,1599
1233,102,JEWETT,MUNICIPAL,H,LEON,N,CARRIZO-WILCOX AQUIFER | LEON,89,63,46,33,23,17
1234,748,JOAQUIN,MUNICIPAL,I,SHELBY,N,TOLEDO BEND LAKE/RESERVOIR,124,99,80,63,50,39
1235,261,JOHNSON CITY,MUNICIPAL,K,BLANCO,N,ELLENBURGER-SAN SABA AQUIFER | BLANCO,141,141,141,141,141,141
1235,757,JOHNSON CITY,MUNICIPAL,K,BLANCO,N,TRINITY AQUIFER | BLANCO,228,228,228,228,228,228
1237,55,JOHNSON COUNTY SUD,MUNICIPAL,C,TARRANT,Y,BRAZOS RIVER AUTHORITY MAIN STEM LAKE/RESERVOIR SYSTEM,151,109,102,97,92,87
1237,55,JOHNSON COUNTY SUD,MUNICIPAL,G,JOHNSON,Y,BRAZOS RIVER AUTHORITY MAIN STEM LAKE/RESERVOIR SYSTEM,3009,3051,3058,3063,3068,3073
1237,784,JOHNSON COUNTY SUD,MUNICIPAL,G,JOHNSON,Y,TRINITY AQUIFER | JOHNSON,1536,1540,1536,1540,1536,1536
1237,810,JOHNSON COUNTY SUD,MUNICIPAL,C,TARRANT,Y,TRWD LAKE/RESERVOIR SYSTEM,209,210,181,155,135,119
1237,810,JOHNSON COUNTY SUD,MUNICIPAL,G,JOHNSON,Y,TRWD LAKE/RESERVOIR SYSTEM,5399,5894,5444,4918,4521,4213
1238,54,JONAH WATER SUD,MUNICIPAL,G,WILLIAMSON,N,BRAZOS RIVER AUTHORITY LITTLE RIVER LAKE/RESERVOIR SYSTEM,3091,3073,3053,3033,3015,2994
1238,217,JONAH WATER SUD,MUNICIPAL,G,WILLIAMSON,N,EDWARDS-BFZ AQUIFER | WILLIAMSON,946,892,864,864,864,864
1240,368,JONESTOWN WSC,MUNICIPAL,K,TRAVIS,N,HIGHLAND LAKES LAKE/RESERVOIR SYSTEM,750,750,750,750,750,750
1242,390,JOSEPHINE,MUNICIPAL,C,COLLIN,Y,TRINITY INDIRECT REUSE,380,744,946,960,1019,990
1242,390,JOSEPHINE,MUNICIPAL,D,HUNT,Y,TRINITY INDIRECT REUSE,11,12,11,11,12,12
1242,738,JOSEPHINE,MUNICIPAL,C,COLLIN,Y,TAWAKONI LAKE/RESERVOIR,23,44,56,56,59,57
1242,738,JOSEPHINE,MUNICIPAL,D,HUNT,Y,TAWAKONI LAKE/RESERVOIR,1,1,1,1,1,1
1242,1068,JOSEPHINE,MUNICIPAL,C,COLLIN,Y,NORTH TEXAS MWD LAKE/RESERVOIR SYSTEM,635,1177,1442,1411,1435,1338
1242,1068,JOSEPHINE,MUNICIPAL,D,HUNT,Y,NORTH TEXAS MWD LAKE/RESERVOIR SYSTEM,18,18,17,16,16,16
1244,73,JOURDANTON,MUNICIPAL,L,ATASCOSA,N,CARRIZO-WILCOX AQUIFER | ATASCOSA,2250,2250,2250,2250,2250,2250
1245,658,JUNCTION,MUNICIPAL,F,KIMBLE,N,COLORADO RUN-OF-RIVER,0,0,0,0,0,0
1246,148,JUSTIN,MUNICIPAL,C,DENTON,N,CHAPMAN/COOPER LAKE/RESERVOIR NON-SYSTEM PORTION,136,124,122,153,189,241
1246,390,JUSTIN,MUNICIPAL,C,DENTON,N,TRINITY INDIRECT REUSE,40,50,61,76,95,120
1246,646,JUSTIN,MUNICIPAL,C,DENTON,N,RALPH HALL LAKE/RESERVOIR,484,456,458,586,746,972
1246,650,JUSTIN,MUNICIPAL,C,DENTON,N,RAY ROBERTS-LEWISVILLE-GRAPEVINE LAKE/RESERVOIR SYSTEM,533,570,636,801,1000,1271
1246,770,JUSTIN,MUNICIPAL,C,DENTON,N,TRINITY AQUIFER | DENTON,242,242,242,242,242,242
1247,99,KARNES CITY,MUNICIPAL,L,KARNES,N,CARRIZO-WILCOX AQUIFER | KARNES,525,525,525,525,525,525
1247,169,KARNES CITY,MUNICIPAL,L,KARNES,N,DIRECT REUSE,90,90,90,90,90,90
1248,309,KATY,MUNICIPAL,H,FORT BEND,Y,GULF COAST AQUIFER SYSTEM | FORT BEND,1494,1756,1904,1916,2019,2118
1248,315,KATY,MUNICIPAL,H,HARRIS,Y,GULF COAST AQUIFER SYSTEM | HARRIS,2926,2976,2997,3017,3086,3169
1248,344,KATY,MUNICIPAL,H,WALLER,Y,GULF COAST AQUIFER SYSTEM | WALLER,1117,2467,3089,3625,4021,4212
1249,390,KAUFMAN,MUNICIPAL,C,KAUFMAN,N,TRINITY INDIRECT REUSE,419,416,522,599,680,769
1249,738,KAUFMAN,MUNICIPAL,C,KAUFMAN,N,TAWAKONI LAKE/RESERVOIR,26,25,31,35,40,45
1249,1068,KAUFMAN,MUNICIPAL,C,KAUFMAN,N,NORTH TEXAS MWD LAKE/RESERVOIR SYSTEM,698,657,797,880,955,1039
1250,55,KEENE,MUNICIPAL,G,JOHNSON,N,BRAZOS RIVER AUTHORITY MAIN STEM LAKE/RESERVOIR SYSTEM,1120,1120,1120,1120,1120,1120
1250,784,KEENE,MUNICIPAL,G,JOHNSON,N,TRINITY AQUIFER | JOHNSON,439,439,439,439,439,439
1251,810,KELLER,MUNICIPAL,C,TARRANT,N,TRWD LAKE/RESERVOIR SYSTEM,11098,9910,9204,8390,7773,7298
1253,810,KEMP,MUNICIPAL,C,KAUFMAN,N,TRWD LAKE/RESERVOIR SYSTEM,242,220,213,202,196,193
1255,54,KEMPNER WSC,MUNICIPAL,G,BELL,Y,BRAZOS RIVER AUTHORITY LITTLE RIVER LAKE/RESERVOIR SYSTEM,304,350,362,369,378,389
1255,54,KEMPNER WSC,MUNICIPAL,G,CORYELL,Y,BRAZOS RIVER AUTHORITY LITTLE RIVER LAKE/RESERVOIR SYSTEM,592,626,599,571,543,517
1255,54,KEMPNER WSC,MUNICIPAL,G,LAMPASAS,Y,BRAZOS RIVER AUTHORITY LITTLE RIVER LAKE/RESERVOIR SYSTEM,1403,1525,1479,1433,1385,1343
1255,54,KEMPNER WSC,MUNICIPAL,K,BURNET,Y,BRAZOS RIVER AUTHORITY LITTLE RIVER LAKE/RESERVOIR SYSTEM,109,105,102,97,93,87
1255,755,KEMPNER WSC,MUNICIPAL,G,BELL,Y,TRINITY AQUIFER | BELL,0,0,17,18,19,20
1255,755,KEMPNER WSC,MUNICIPAL,G,CORYELL,Y,TRINITY AQUIFER | BELL,0,0,29,28,28,27
1255,755,KEMPNER WSC,MUNICIPAL,G,LAMPASAS,Y,TRINITY AQUIFER | BELL,0,0,72,73,73,73
1256,169,KENEDY,MUNICIPAL,L,KARNES,N,DIRECT REUSE,30,30,30,30,30,30
1256,322,KENEDY,MUNICIPAL,L,KARNES,N,GULF COAST AQUIFER SYSTEM | KARNES,1838,1838,1838,1838,1838,1838
1258,803,KENNEDALE,MUNICIPAL,C,TARRANT,N,TRINITY AQUIFER | TARRANT,838,838,838,838,838,838
1258,810,KENNEDALE,MUNICIPAL,C,TARRANT,N,TRWD LAKE/RESERVOIR SYSTEM,968,1265,1721,2093,2436,2715
1259,453,KERENS,MUNICIPAL,C,NAVARRO,N,NAVARRO MILLS LAKE/RESERVOIR,141,126,109,96,83,73
1259,652,KERENS,MUNICIPAL,C,NAVARRO,N,CORSICANA RICHLAND CHAMBERS-HALBERT LAKE/RESERVOIR SYSTEM,28,25,22,19,17,15
1260,203,KERMIT,MUNICIPAL,F,WINKLER,N,DOCKUM AQUIFER | WINKLER,2169,2494,2801,3072,3367,3405
1261,169,KERRVILLE,MUNICIPAL,J,KERR,N,DIRECT REUSE,2425,2425,2425,2425,2425,2425
1261,661,KERRVILLE,MUNICIPAL,J,KERR,N,GUADALUPE RUN-OF-RIVER,150,150,150,150,150,150
1261,787,KERRVILLE,MUNICIPAL,J,KERR,N,TRINITY AQUIFER | KERR,3277,3277,3277,3277,3277,3277
1261,937,KERRVILLE,MUNICIPAL,J,KERR,N,ELLENBURGER-SAN SABA AQUIFER | KERR,89,89,89,89,89,89
1261,1044,KERRVILLE,MUNICIPAL,J,KERR,N,TRINITY AQUIFER ASR | KERR,453,453,453,453,453,453
1263,91,KILGORE,MUNICIPAL,D,GREGG,Y,CARRIZO-WILCOX AQUIFER | GREGG,1139,1139,1140,1143,1148,1148
1263,91,KILGORE,MUNICIPAL,I,RUSK,Y,CARRIZO-WILCOX AQUIFER | GREGG,356,356,355,352,347,347
1263,279,KILGORE,MUNICIPAL,D,GREGG,Y,FORK LAKE/RESERVOIR,3794,3739,3658,3561,3450,3437
1263,279,KILGORE,MUNICIPAL,I,RUSK,Y,FORK LAKE/RESERVOIR,1297,1228,1151,1073,993,940
1264,54,KILLEEN,MUNICIPAL,G,BELL,N,BRAZOS RIVER AUTHORITY LITTLE RIVER LAKE/RESERVOIR SYSTEM,32518,32313,32109,31905,31701,31494
1264,169,KILLEEN,MUNICIPAL,G,BELL,N,DIRECT REUSE,2240,2240,2240,2240,2240,2240
1266,368,KINGSLAND WSC,MUNICIPAL,K,BURNET,Y,HIGHLAND LAKES LAKE/RESERVOIR SYSTEM,70,70,70,70,70,70
1266,368,KINGSLAND WSC,MUNICIPAL,K,LLANO,Y,HIGHLAND LAKES LAKE/RESERVOIR SYSTEM,1080,1080,1080,1080,1080,1080
1266,521,KINGSLAND WSC,MUNICIPAL,K,BURNET,Y,OTHER AQUIFER | BURNET,55,55,55,55,55,55
1266,557,KINGSLAND WSC,MUNICIPAL,K,LLANO,Y,OTHER AQUIFER | LLANO,55,55,55,55,55,55
1267,163,KINGSVILLE,MUNICIPAL,N,KLEBERG,N,CORPUS CHRISTI-CHOKE CANYON LAKE/RESERVOIR SYSTEM,0,0,0,0,25,121
1267,324,KINGSVILLE,MUNICIPAL,N,KLEBERG,N,GULF COAST AQUIFER SYSTEM | KLEBERG,3907,4002,4135,4329,4472,4472
1267,742,KINGSVILLE,MUNICIPAL,N,KLEBERG,N,TEXANA LAKE/RESERVOIR,0,0,0,0,25,121
1269,209,KIRBY,MUNICIPAL,L,BEXAR,N,EDWARDS-BFZ AQUIFER | BEXAR,738,738,738,738,738,738
1270,318,KIRBYVILLE,MUNICIPAL,I,JASPER,N,GULF COAST AQUIFER SYSTEM | JASPER,407,404,406,412,424,443
1271,430,KNOX CITY,MUNICIPAL,G,KNOX,N,MILLERS CREEK LAKE/RESERVOIR,9,7,4,2,0,0
1272,314,KOUNTZE,MUNICIPAL,I,HARDIN,N,GULF COAST AQUIFER SYSTEM | HARDIN,248,245,242,237,231,226
1275,148,KRUM,MUNICIPAL,C,DENTON,N,CHAPMAN/COOPER LAKE/RESERVOIR NON-SYSTEM PORTION,0,106,110,141,176,221
1275,390,KRUM,MUNICIPAL,C,DENTON,N,TRINITY INDIRECT REUSE,148,42,55,70,88,110
1275,405,KRUM,MUNICIPAL,C,DENTON,N,LEWISVILLE LAKE/RESERVOIR NON-SYSTEM PORTION,166,0,0,0,0,0
1275,646,KRUM,MUNICIPAL,C,DENTON,N,RALPH HALL LAKE/RESERVOIR,0,389,414,543,693,891
1275,649,KRUM,MUNICIPAL,C,DENTON,N,RAY ROBERTS LAKE/RESERVOIR NON-SYSTEM PORTION,595,0,0,0,0,0
1275,650,KRUM,MUNICIPAL,C,DENTON,N,RAY ROBERTS-LEWISVILLE-GRAPEVINE LAKE/RESERVOIR SYSTEM,0,486,575,742,928,1166
1275,770,KRUM,MUNICIPAL,C,DENTON,N,TRINITY AQUIFER | DENTON,650,650,650,650,650,650
1276,64,KYLE,MUNICIPAL,L,HAYS,N,CANYON LAKE/RESERVOIR,5443,5443,5443,5443,5443,5443
1276,80,KYLE,MUNICIPAL,L,HAYS,N,CARRIZO-WILCOX AQUIFER | CALDWELL,4225,4225,4225,4225,4225,4225
1276,169,KYLE,MUNICIPAL,L,HAYS,N,DIRECT REUSE,1936,1936,1936,1936,1936,1936
1276,212,KYLE,MUNICIPAL,L,HAYS,N,EDWARDS-BFZ AQUIFER | HAYS,370,370,370,370,370,370
1277,6,LA FERIA,MUNICIPAL,M,CAMERON,N,AMISTAD-FALCON LAKE/RESERVOIR SYSTEM,1300,1400,1500,1700,2000,2200
1278,858,LA GRANGE,MUNICIPAL,K,FAYETTE,N,YEGUA-JACKSON AQUIFER | FAYETTE,791,791,791,791,791,791
1279,6,LA GRULLA,MUNICIPAL,M,STARR,N,AMISTAD-FALCON LAKE/RESERVOIR SYSTEM,593,593,593,593,593,593
1280,6,LA JOYA,MUNICIPAL,M,HIDALGO,N,AMISTAD-FALCON LAKE/RESERVOIR SYSTEM,364,364,364,364,364,364
1281,55,LA MARQUE,MUNICIPAL,H,GALVESTON,N,BRAZOS RIVER AUTHORITY MAIN STEM LAKE/RESERVOIR SYSTEM,460,518,557,593,626,658
1281,310,LA MARQUE,MUNICIPAL,H,GALVESTON,N,GULF COAST AQUIFER SYSTEM | GALVESTON,189,189,189,189,189,189
1281,655,LA MARQUE,MUNICIPAL,H,GALVESTON,N,BRAZOS RUN-OF-RIVER,2441,2427,2413,2399,2386,2371
1281,1076,LA MARQUE,MUNICIPAL,H,GALVESTON,N,BRA SYSTEM OPERATIONS PERMIT SUPPLY,796,734,672,609,546,484
1282,169,LA PORTE,MUNICIPAL,H,HARRIS,N,DIRECT REUSE,773,773,773,773,773,773
1282,315,LA PORTE,MUNICIPAL,H,HARRIS,N,GULF COAST AQUIFER SYSTEM | HARRIS,481,512,517,519,504,517
1282,410,LA PORTE,MUNICIPAL,H,HARRIS,N,LIVINGSTON-WALLISVILLE LAKE/RESERVOIR SYSTEM,6537,6537,6537,6537,6537,6537
1283,64,LA VERNIA,MUNICIPAL,L,WILSON,N,CANYON LAKE/RESERVOIR,270,270,270,270,270,270
1283,130,LA VERNIA,MUNICIPAL,L,WILSON,N,CARRIZO-WILCOX AQUIFER | WILSON,1935,1935,1935,1935,1935,1935
1283,661,LA VERNIA,MUNICIPAL,L,WILSON,N,GUADALUPE RUN-OF-RIVER,130,130,130,130,130,130
1284,6,LA VILLA,MUNICIPAL,M,HIDALGO,N,AMISTAD-FALCON LAKE/RESERVOIR SYSTEM,236,236,236,236,236,236
1285,209,LACKLAND AIR FORCE BASE,MUNICIPAL,L,BEXAR,N,EDWARDS-BFZ AQUIFER | BEXAR,2557,2557,2557,2557,2557,2557
1286,214,LA COSTE,MUNICIPAL,L,BEXAR,Y,EDWARDS-BFZ AQUIFER | MEDINA,2,2,2,2,2,3
1286,214,LA COSTE,MUNICIPAL,L,MEDINA,Y,EDWARDS-BFZ AQUIFER | MEDINA,128,128,128,128,128,127
1287,818,LACY LAKEVIEW,MUNICIPAL,G,MCLENNAN,N,WACO LAKE/RESERVOIR,1120,1120,1162,1231,1309,1397
1288,775,LADONIA,MUNICIPAL,C,FANNIN,N,TRINITY AQUIFER | FANNIN,120,120,120,120,120,120
1289,169,LAGO VISTA,MUNICIPAL,K,TRAVIS,N,DIRECT REUSE,415,415,415,415,415,415
1289,368,LAGO VISTA,MUNICIPAL,K,TRAVIS,N,HIGHLAND LAKES LAKE/RESERVOIR SYSTEM,4500,4500,4500,4500,4500,4500
1293,299,LAKE JACKSON,MUNICIPAL,H,BRAZORIA,N,GULF COAST AQUIFER SYSTEM | BRAZORIA,2669,2431,2358,2243,2133,1982
1293,655,LAKE JACKSON,MUNICIPAL,H,BRAZORIA,N,BRAZOS RUN-OF-RIVER,2240,2240,2240,2240,2240,2240
1295,314,LAKE LIVINGSTON WSC,MUNICIPAL,I,HARDIN,Y,GULF COAST AQUIFER SYSTEM | HARDIN,10,10,10,9,9,9
1295,326,LAKE LIVINGSTON WSC,MUNICIPAL,H,LIBERTY,Y,GULF COAST AQUIFER SYSTEM | LIBERTY,65,65,65,65,65,65
1295,334,LAKE LIVINGSTON WSC,MUNICIPAL,H,POLK,Y,GULF COAST AQUIFER SYSTEM | POLK,664,721,749,780,814,851
1295,334,LAKE LIVINGSTON WSC,MUNICIPAL,I,POLK,Y,GULF COAST AQUIFER SYSTEM | POLK,75,81,84,87,90,94
1295,337,LAKE LIVINGSTON WSC,MUNICIPAL,H,SAN JACINTO,Y,GULF COAST AQUIFER SYSTEM | SAN JACINTO,157,155,151,147,142,138
1295,343,LAKE LIVINGSTON WSC,MUNICIPAL,H,WALKER,Y,GULF COAST AQUIFER SYSTEM | WALKER,13,14,16,17,19,21
1295,410,LAKE LIVINGSTON WSC,MUNICIPAL,H,LIBERTY,Y,LIVINGSTON-WALLISVILLE LAKE/RESERVOIR SYSTEM,64,60,58,56,54,52
1295,410,LAKE LIVINGSTON WSC,MUNICIPAL,H,POLK,Y,LIVINGSTON-WALLISVILLE LAKE/RESERVOIR SYSTEM,650,663,668,672,677,681
1295,410,LAKE LIVINGSTON WSC,MUNICIPAL,H,SAN JACINTO,Y,LIVINGSTON-WALLISVILLE LAKE/RESERVOIR SYSTEM,233,222,214,206,197,189
1295,410,LAKE LIVINGSTON WSC,MUNICIPAL,H,WALKER,Y,LIVINGSTON-WALLISVILLE LAKE/RESERVOIR SYSTEM,25,27,32,38,44,50
1296,194,LAKE TANGLEWOOD,MUNICIPAL,A,RANDALL,N,DOCKUM AQUIFER | RANDALL,500,500,500,500,500,500
1296,500,LAKE TANGLEWOOD,MUNICIPAL,A,RANDALL,N,OGALLALA AQUIFER | RANDALL,111,107,92,74,57,44
1298,803,LAKE WORTH,MUNICIPAL,C,TARRANT,N,TRINITY AQUIFER | TARRANT,170,170,170,170,170,170
1298,810,LAKE WORTH,MUNICIPAL,C,TARRANT,N,TRWD LAKE/RESERVOIR SYSTEM,940,913,908,875,852,835
1300,803,LAKESIDE,MUNICIPAL,C,TARRANT,N,TRINITY AQUIFER | TARRANT,583,582,582,582,582,582
1301,386,LAKESIDE CITY,MUNICIPAL,B,ARCHER,N,RED INDIRECT REUSE,60,59,59,58,58,57
1301,830,LAKESIDE CITY,MUNICIPAL,B,ARCHER,N,LITTLE WICHITA RIVER LAKE/RESERVOIR SYSTEM,109,101,93,85,79,72
1303,427,LAMESA,MUNICIPAL,O,DAWSON,N,MEREDITH LAKE/RESERVOIR,166,134,113,94,75,56
1303,471,LAMESA,MUNICIPAL,O,DAWSON,N,OGALLALA AND EDWARDS-TRINITY-HIGH PLAINS AQUIFERS | DAWSON,723,723,723,723,723,723
1303,501,LAMESA,MUNICIPAL,O,DAWSON,N,OGALLALA AQUIFER | ROBERTS,928,796,703,620,610,598
1304,54,LAMPASAS,MUNICIPAL,G,LAMPASAS,N,BRAZOS RIVER AUTHORITY LITTLE RIVER LAKE/RESERVOIR SYSTEM,1130,1116,1103,1086,1068,1068
1305,279,LANCASTER,MUNICIPAL,C,DALLAS,N,FORK LAKE/RESERVOIR,702,728,732,732,733,737
1305,390,LANCASTER,MUNICIPAL,C,DALLAS,N,TRINITY INDIRECT REUSE,719,839,953,963,977,1004
1305,648,LANCASTER,MUNICIPAL,C,DALLAS,N,RAY HUBBARD LAKE/RESERVOIR,729,722,693,663,634,611
1305,650,LANCASTER,MUNICIPAL,C,DALLAS,N,RAY ROBERTS-LEWISVILLE-GRAPEVINE LAKE/RESERVOIR SYSTEM,1765,1682,1537,1500,1463,1444
1305,738,LANCASTER,MUNICIPAL,C,DALLAS,N,TAWAKONI LAKE/RESERVOIR,2939,2934,2841,2740,2645,2569
1306,6,LAREDO,MUNICIPAL,M,WEBB,N,AMISTAD-FALCON LAKE/RESERVOIR SYSTEM,59201,59201,59201,59201,59201,59201
1306,169,LAREDO,MUNICIPAL,M,WEBB,N,DIRECT REUSE,773,773,773,773,773,773
1307,258,LAUGHLIN AIR FORCE BASE,MUNICIPAL,J,VAL VERDE,N,"EDWARDS-TRINITY-PLATEAU, PECOS VALLEY, AND TRINITY AQUIFERS | VAL VERDE",0,0,0,0,0,0
1307,668,LAUGHLIN AIR FORCE BASE,MUNICIPAL,J,VAL VERDE,N,RIO GRANDE RUN-OF-RIVER,1080,1080,1080,1080,1080,1080
1309,55,LEAGUE CITY,MUNICIPAL,H,GALVESTON,Y,BRAZOS RIVER AUTHORITY MAIN STEM LAKE/RESERVOIR SYSTEM,633,713,767,816,863,905
1309,169,LEAGUE CITY,MUNICIPAL,H,GALVESTON,Y,DIRECT REUSE,768,769,769,769,769,769
1309,169,LEAGUE CITY,MUNICIPAL,H,HARRIS,Y,DIRECT REUSE,16,15,15,15,15,15
1309,310,LEAGUE CITY,MUNICIPAL,H,GALVESTON,Y,GULF COAST AQUIFER SYSTEM | GALVESTON,585,598,604,605,606,607
1309,315,LEAGUE CITY,MUNICIPAL,H,HARRIS,Y,GULF COAST AQUIFER SYSTEM | HARRIS,32,32,32,32,33,34
1309,410,LEAGUE CITY,MUNICIPAL,H,GALVESTON,Y,LIVINGSTON-WALLISVILLE LAKE/RESERVOIR SYSTEM,17997,17990,17997,17999,17999,18000
1309,410,LEAGUE CITY,MUNICIPAL,H,HARRIS,Y,LIVINGSTON-WALLISVILLE LAKE/RESERVOIR SYSTEM,483,490,483,481,481,480
1309,655,LEAGUE CITY,MUNICIPAL,H,GALVESTON,Y,BRAZOS RUN-OF-RIVER,4482,4462,4442,4424,4404,4385
1309,1076,LEAGUE CITY,MUNICIPAL,H,GALVESTON,Y,BRA SYSTEM OPERATIONS PERMIT SUPPLY,1074,990,906,822,738,653
1309,1076,LEAGUE CITY,MUNICIPAL,H,HARRIS,Y,BRA SYSTEM OPERATIONS PERMIT SUPPLY,22,20,18,16,14,13
1310,368,LEANDER,MUNICIPAL,G,WILLIAMSON,Y,HIGHLAND LAKES LAKE/RESERVOIR SYSTEM,11262,11269,11421,11556,11651,11719
1310,368,LEANDER,MUNICIPAL,K,TRAVIS,Y,HIGHLAND LAKES LAKE/RESERVOIR SYSTEM,2615,2608,2456,2321,2226,2158
1312,101,LEE COUNTY WSC,MUNICIPAL,G,LEE,Y,CARRIZO-WILCOX AQUIFER | LEE,1938,1844,1726,1600,1474,1346
1312,101,LEE COUNTY WSC,MUNICIPAL,G,WASHINGTON,Y,CARRIZO-WILCOX AQUIFER | LEE,34,34,34,34,34,34
1312,101,LEE COUNTY WSC,MUNICIPAL,K,BASTROP,Y,CARRIZO-WILCOX AQUIFER | LEE,427,547,687,831,973,1118
1312,101,LEE COUNTY WSC,MUNICIPAL,K,FAYETTE,Y,CARRIZO-WILCOX AQUIFER | LEE,335,308,286,268,251,234
1312,629,LEE COUNTY WSC,MUNICIPAL,G,LEE,Y,QUEEN CITY AQUIFER | LEE,62,65,65,62,58,58
1312,629,LEE COUNTY WSC,MUNICIPAL,K,BASTROP,Y,QUEEN CITY AQUIFER | LEE,9,12,16,19,24,24
1312,629,LEE COUNTY WSC,MUNICIPAL,K,FAYETTE,Y,QUEEN CITY AQUIFER | LEE,12,13,13,13,12,12
1312,721,LEE COUNTY WSC,MUNICIPAL,G,LEE,Y,SPARTA AQUIFER | LEE,141,135,130,123,114,114
1312,721,LEE COUNTY WSC,MUNICIPAL,K,BASTROP,Y,SPARTA AQUIFER | LEE,22,26,33,40,49,49
1312,721,LEE COUNTY WSC,MUNICIPAL,K,FAYETTE,Y,SPARTA AQUIFER | LEE,27,27,26,26,25,25
1314,209,LEON VALLEY,MUNICIPAL,L,BEXAR,N,EDWARDS-BFZ AQUIFER | BEXAR,1016,1016,1016,1016,1016,1016
1315,839,LEONARD,MUNICIPAL,C,FANNIN,N,WOODBINE AQUIFER | FANNIN,383,345,306,268,230,192
1316,427,LEVELLAND,MUNICIPAL,O,HOCKLEY,N,MEREDITH LAKE/RESERVOIR,241,190,155,128,101,76
1316,485,LEVELLAND,MUNICIPAL,O,HOCKLEY,N,OGALLALA AND EDWARDS-TRINITY-HIGH PLAINS AQUIFERS | HOCKLEY,3164,3164,3164,3164,3164,3164
1316,501,LEVELLAND,MUNICIPAL,O,HOCKLEY,N,OGALLALA AQUIFER | ROBERTS,1350,1127,970,845,827,813
1317,650,LEWISVILLE,MUNICIPAL,C,DALLAS,Y,RAY ROBERTS-LEWISVILLE-GRAPEVINE LAKE/RESERVOIR SYSTEM,162,155,158,153,150,145
1317,650,LEWISVILLE,MUNICIPAL,C,DENTON,Y,RAY ROBERTS-LEWISVILLE-GRAPEVINE LAKE/RESERVOIR SYSTEM,17707,16926,17180,16729,16379,15847
1318,101,LEXINGTON,MUNICIPAL,G,LEE,N,CARRIZO-WILCOX AQUIFER | LEE,667,667,667,667,667,667
1319,326,LIBERTY,MUNICIPAL,H,LIBERTY,N,GULF COAST AQUIFER SYSTEM | LIBERTY,1529,1549,1579,1615,1633,1647
1320,91,LIBERTY CITY WSC,MUNICIPAL,D,GREGG,Y,CARRIZO-WILCOX AQUIFER | GREGG,838,838,838,838,838,838
1320,91,LIBERTY CITY WSC,MUNICIPAL,D,SMITH,Y,CARRIZO-WILCOX AQUIFER | GREGG,43,43,43,43,43,43
1321,368,LIBERTY HILL,MUNICIPAL,G,WILLIAMSON,N,HIGHLAND LAKES LAKE/RESERVOIR SYSTEM,1500,1500,1500,1500,1500,1500
1321,807,LIBERTY HILL,MUNICIPAL,G,WILLIAMSON,N,TRINITY AQUIFER | WILLIAMSON,105,105,105,105,105,105
1322,112,LILLY GROVE SUD,MUNICIPAL,I,NACOGDOCHES,N,CARRIZO-WILCOX AQUIFER | NACOGDOCHES,500,514,529,554,578,602
1324,122,LINDALE,MUNICIPAL,D,SMITH,Y,CARRIZO-WILCOX AQUIFER | SMITH,1354,1348,1331,1337,1348,1348
1324,122,LINDALE,MUNICIPAL,I,SMITH,Y,CARRIZO-WILCOX AQUIFER | SMITH,468,474,491,485,474,474
1325,122,LINDALE RURAL WSC,MUNICIPAL,D,SMITH,Y,CARRIZO-WILCOX AQUIFER | SMITH,1311,1311,1311,1311,1311,1311
1325,122,LINDALE RURAL WSC,MUNICIPAL,I,SMITH,Y,CARRIZO-WILCOX AQUIFER | SMITH,511,511,511,511,511,511
1326,82,LINDEN,MUNICIPAL,D,CASS,N,CARRIZO-WILCOX AQUIFER | CASS,444,444,444,444,444,444
1327,766,LINDSAY,MUNICIPAL,C,COOKE,N,TRINITY AQUIFER | COOKE,216,220,223,223,223,223
1328,390,LITTLE ELM,MUNICIPAL,C,DENTON,N,TRINITY INDIRECT REUSE,1979,1659,1532,1450,1415,1373
1328,738,LITTLE ELM,MUNICIPAL,C,DENTON,N,TAWAKONI LAKE/RESERVOIR,122,100,91,86,83,80
1328,1068,LITTLE ELM,MUNICIPAL,C,DENTON,N,NORTH TEXAS MWD LAKE/RESERVOIR SYSTEM,3300,2623,2334,2130,1989,1856
1329,54,BELL COUNTY WCID 2,MUNICIPAL,G,BELL,N,BRAZOS RIVER AUTHORITY LITTLE RIVER LAKE/RESERVOIR SYSTEM,323,323,323,323,323,323
1329,755,BELL COUNTY WCID 2,MUNICIPAL,G,BELL,N,TRINITY AQUIFER | BELL,130,130,130,130,130,130
1330,488,LITTLEFIELD,MUNICIPAL,O,LAMB,N,OGALLALA AND EDWARDS-TRINITY-HIGH PLAINS AQUIFERS | LAMB,2378,2378,2378,2378,2378,2378
1331,169,LIVE OAK,MUNICIPAL,L,BEXAR,N,DIRECT REUSE,238,238,238,238,212,238
1331,209,LIVE OAK,MUNICIPAL,L,BEXAR,N,EDWARDS-BFZ AQUIFER | BEXAR,1251,1251,1251,1251,1251,1251
1332,71,"LIVESTOCK, ANDERSON",LIVESTOCK,I,ANDERSON,N,CARRIZO-WILCOX AQUIFER | ANDERSON,178,178,178,178,178,178
1332,412,"LIVESTOCK, ANDERSON",LIVESTOCK,I,ANDERSON,N,LOCAL SURFACE WATER SUPPLY,1181,1181,1181,1181,1181,1181
1332,609,"LIVESTOCK, ANDERSON",LIVESTOCK,I,ANDERSON,N,QUEEN CITY AQUIFER | ANDERSON,224,224,224,224,224,224
1332,708,"LIVESTOCK, ANDERSON",LIVESTOCK,I,ANDERSON,N,SPARTA AQUIFER | ANDERSON,60,60,60,60,60,60
1333,138,"LIVESTOCK, ANDREWS",LIVESTOCK,F,ANDREWS,N,PECOS VALLEY AQUIFER | ANDREWS,18,18,18,18,18,18
1333,170,"LIVESTOCK, ANDREWS",LIVESTOCK,F,ANDREWS,N,DOCKUM AQUIFER | ANDREWS,2,2,2,2,2,2
1333,460,"LIVESTOCK, ANDREWS",LIVESTOCK,F,ANDREWS,N,OGALLALA AND EDWARDS-TRINITY-HIGH PLAINS AQUIFERS | ANDREWS,106,93,85,80,76,72
1334,412,"LIVESTOCK, ANGELINA",LIVESTOCK,I,ANGELINA,N,LOCAL SURFACE WATER SUPPLY,997,997,997,997,997,997
1335,296,"LIVESTOCK, ARANSAS",LIVESTOCK,N,ARANSAS,N,GULF COAST AQUIFER SYSTEM | ARANSAS,23,23,23,23,23,23
1335,412,"LIVESTOCK, ARANSAS",LIVESTOCK,N,ARANSAS,N,LOCAL SURFACE WATER SUPPLY,29,29,29,29,29,29
1336,394,"LIVESTOCK, ARCHER",LIVESTOCK,B,ARCHER,N,KEMP-DIVERSION LAKE/RESERVOIR SYSTEM,375,347,320,292,265,237
1336,412,"LIVESTOCK, ARCHER",LIVESTOCK,B,ARCHER,N,LOCAL SURFACE WATER SUPPLY,1349,1349,1349,1349,1349,1349
1336,1090,"LIVESTOCK, ARCHER",LIVESTOCK,B,ARCHER,N,CROSS TIMBERS AQUIFER | ARCHER,0,0,17,45,72,100
1337,171,"LIVESTOCK, ARMSTRONG",LIVESTOCK,A,ARMSTRONG,N,DOCKUM AQUIFER | ARMSTRONG,104,104,104,104,104,104
1337,412,"LIVESTOCK, ARMSTRONG",LIVESTOCK,A,ARMSTRONG,N,LOCAL SURFACE WATER SUPPLY,79,79,79,79,79,79
1337,461,"LIVESTOCK, ARMSTRONG",LIVESTOCK,A,ARMSTRONG,N,OGALLALA AQUIFER | ARMSTRONG,345,353,361,369,377,385
1337,513,"LIVESTOCK, ARMSTRONG",LIVESTOCK,A,ARMSTRONG,N,OTHER AQUIFER | ARMSTRONG,28,28,28,28,28,28
1338,73,"LIVESTOCK, ATASCOSA",LIVESTOCK,L,ATASCOSA,N,CARRIZO-WILCOX AQUIFER | ATASCOSA,231,231,231,231,231,231
1338,412,"LIVESTOCK, ATASCOSA",LIVESTOCK,L,ATASCOSA,N,LOCAL SURFACE WATER SUPPLY,769,769,769,769,769,769
1338,611,"LIVESTOCK, ATASCOSA",LIVESTOCK,L,ATASCOSA,N,QUEEN CITY AQUIFER | ATASCOSA,403,403,403,403,403,403
1338,1055,"LIVESTOCK, ATASCOSA",LIVESTOCK,L,ATASCOSA,N,YEGUA-JACKSON AQUIFER | ATASCOSA,134,134,134,134,134,134
1339,297,"LIVESTOCK, AUSTIN",LIVESTOCK,H,AUSTIN,N,GULF COAST AQUIFER SYSTEM | AUSTIN,1222,1222,1222,1222,1222,1222
1340,462,"LIVESTOCK, BAILEY",LIVESTOCK,O,BAILEY,N,OGALLALA AND EDWARDS-TRINITY-HIGH PLAINS AQUIFERS | BAILEY,2854,2854,2854,2854,2854,2854
1341,221,"LIVESTOCK, BANDERA",LIVESTOCK,J,BANDERA,N,EDWARDS-TRINITY-PLATEAU AQUIFER | BANDERA,105,105,105,105,105,105
1341,412,"LIVESTOCK, BANDERA",LIVESTOCK,J,BANDERA,N,LOCAL SURFACE WATER SUPPLY,73,73,73,73,73,73
1341,753,"LIVESTOCK, BANDERA",LIVESTOCK,J,BANDERA,N,TRINITY AQUIFER | BANDERA,118,118,118,118,118,118
1342,412,"LIVESTOCK, BASTROP",LIVESTOCK,K,BASTROP,N,LOCAL SURFACE WATER SUPPLY,862,862,862,862,862,862
1342,612,"LIVESTOCK, BASTROP",LIVESTOCK,K,BASTROP,N,QUEEN CITY AQUIFER | BASTROP,129,129,129,129,129,129
1342,711,"LIVESTOCK, BASTROP",LIVESTOCK,K,BASTROP,N,SPARTA AQUIFER | BASTROP,298,298,298,298,298,298
1343,412,"LIVESTOCK, BAYLOR",LIVESTOCK,B,BAYLOR,N,LOCAL SURFACE WATER SUPPLY,770,770,770,770,770,770
1343,686,"LIVESTOCK, BAYLOR",LIVESTOCK,B,BAYLOR,N,SEYMOUR AQUIFER | BAYLOR,163,163,163,163,163,163
1343,1091,"LIVESTOCK, BAYLOR",LIVESTOCK,B,BAYLOR,N,CROSS TIMBERS AQUIFER | BAYLOR,30,30,30,30,30,30
1344,298,"LIVESTOCK, BEE",LIVESTOCK,N,BEE,N,GULF COAST AQUIFER SYSTEM | BEE,558,558,558,558,558,558
1344,412,"LIVESTOCK, BEE",LIVESTOCK,N,BEE,N,LOCAL SURFACE WATER SUPPLY,10,10,10,10,10,10
1345,412,"LIVESTOCK, BELL",LIVESTOCK,G,BELL,N,LOCAL SURFACE WATER SUPPLY,1172,1172,1172,1172,1172,1172
1345,755,"LIVESTOCK, BELL",LIVESTOCK,G,BELL,N,TRINITY AQUIFER | BELL,524,524,524,524,524,524
1346,76,"LIVESTOCK, BEXAR",LIVESTOCK,L,BEXAR,N,CARRIZO-WILCOX AQUIFER | BEXAR,236,236,236,236,236,236
1346,209,"LIVESTOCK, BEXAR",LIVESTOCK,L,BEXAR,N,EDWARDS-BFZ AQUIFER | BEXAR,52,52,52,52,52,52
1346,412,"LIVESTOCK, BEXAR",LIVESTOCK,L,BEXAR,N,LOCAL SURFACE WATER SUPPLY,494,494,494,494,494,494
1346,756,"LIVESTOCK, BEXAR",LIVESTOCK,L,BEXAR,N,TRINITY AQUIFER | BEXAR,206,206,206,206,206,207
1347,261,"LIVESTOCK, BLANCO",LIVESTOCK,K,BLANCO,N,ELLENBURGER-SAN SABA AQUIFER | BLANCO,89,89,89,89,89,89
1347,412,"LIVESTOCK, BLANCO",LIVESTOCK,K,BLANCO,N,LOCAL SURFACE WATER SUPPLY,202,202,202,202,202,202
1347,757,"LIVESTOCK, BLANCO",LIVESTOCK,K,BLANCO,N,TRINITY AQUIFER | BLANCO,131,131,131,131,131,131
1348,172,"LIVESTOCK, BORDEN",LIVESTOCK,F,BORDEN,N,DOCKUM AQUIFER | BORDEN,20,20,20,20,20,20
1348,412,"LIVESTOCK, BORDEN",LIVESTOCK,F,BORDEN,N,LOCAL SURFACE WATER SUPPLY,228,228,228,228,228,228
1348,463,"LIVESTOCK, BORDEN",LIVESTOCK,F,BORDEN,N,OGALLALA AND EDWARDS-TRINITY-HIGH PLAINS AQUIFERS | BORDEN,45,45,45,45,45,45
1349,412,"LIVESTOCK, BOSQUE",LIVESTOCK,G,BOSQUE,N,LOCAL SURFACE WATER SUPPLY,976,976,976,976,976,976
1349,758,"LIVESTOCK, BOSQUE",LIVESTOCK,G,BOSQUE,N,TRINITY AQUIFER | BOSQUE,418,418,418,418,418,418
1350,77,"LIVESTOCK, BOWIE",LIVESTOCK,D,BOWIE,N,CARRIZO-WILCOX AQUIFER | BOWIE,68,68,68,68,68,68
1350,412,"LIVESTOCK, BOWIE",LIVESTOCK,D,BOWIE,N,LOCAL SURFACE WATER SUPPLY,2039,2039,2039,2039,2039,2039
1350,438,"LIVESTOCK, BOWIE",LIVESTOCK,D,BOWIE,N,NACATOCH AQUIFER | BOWIE,40,40,40,40,40,40
1351,299,"LIVESTOCK, BRAZORIA",LIVESTOCK,H,BRAZORIA,N,GULF COAST AQUIFER SYSTEM | BRAZORIA,1371,1318,1289,1268,1254,1253
1352,412,"LIVESTOCK, BRAZOS",LIVESTOCK,G,BRAZOS,N,LOCAL SURFACE WATER SUPPLY,902,902,902,902,902,902
1352,856,"LIVESTOCK, BRAZOS",LIVESTOCK,G,BRAZOS,N,YEGUA-JACKSON AQUIFER | BRAZOS,486,486,486,486,486,486
1353,65,"LIVESTOCK, BREWSTER",LIVESTOCK,E,BREWSTER,N,CAPITAN REEF COMPLEX AQUIFER | BREWSTER,38,38,38,38,38,38
1353,223,"LIVESTOCK, BREWSTER",LIVESTOCK,E,BREWSTER,N,EDWARDS-TRINITY-PLATEAU AQUIFER | BREWSTER,125,125,125,125,125,125
1353,377,"LIVESTOCK, BREWSTER",LIVESTOCK,E,BREWSTER,N,IGNEOUS AQUIFER | BREWSTER,144,144,144,144,144,144
1353,412,"LIVESTOCK, BREWSTER",LIVESTOCK,E,BREWSTER,N,LOCAL SURFACE WATER SUPPLY,25,25,25,25,25,25
1353,417,"LIVESTOCK, BREWSTER",LIVESTOCK,E,BREWSTER,N,MARATHON AQUIFER | BREWSTER,19,19,19,19,19,19
1353,518,"LIVESTOCK, BREWSTER",LIVESTOCK,E,BREWSTER,N,OTHER AQUIFER | BREWSTER,144,144,144,144,144,144
1354,464,"LIVESTOCK, BRISCOE",LIVESTOCK,O,BRISCOE,N,OGALLALA AND EDWARDS-TRINITY-HIGH PLAINS AQUIFERS | BRISCOE,99,99,99,99,99,99
1354,519,"LIVESTOCK, BRISCOE",LIVESTOCK,O,BRISCOE,N,OTHER AQUIFER | BRISCOE,238,238,238,238,238,238
1355,301,"LIVESTOCK, BROOKS",LIVESTOCK,N,BROOKS,N,GULF COAST AQUIFER SYSTEM | BROOKS,343,343,343,343,343,343
1355,412,"LIVESTOCK, BROOKS",LIVESTOCK,N,BROOKS,N,LOCAL SURFACE WATER SUPPLY,135,135,135,135,135,135
1356,412,"LIVESTOCK, BROWN",LIVESTOCK,F,BROWN,N,LOCAL SURFACE WATER SUPPLY,903,903,903,903,903,903
1356,759,"LIVESTOCK, BROWN",LIVESTOCK,F,BROWN,N,TRINITY AQUIFER | BROWN,34,34,34,34,34,34
1356,1070,"LIVESTOCK, BROWN",LIVESTOCK,F,BROWN,N,CROSS TIMBERS AQUIFER | BROWN,35,35,35,35,35,35
1357,412,"LIVESTOCK, BURLESON",LIVESTOCK,G,BURLESON,N,LOCAL SURFACE WATER SUPPLY,1350,1350,1350,1350,1350,1350
1357,614,"LIVESTOCK, BURLESON",LIVESTOCK,G,BURLESON,N,QUEEN CITY AQUIFER | BURLESON,579,579,579,579,579,579
1358,262,"LIVESTOCK, BURNET",LIVESTOCK,K,BURNET,N,ELLENBURGER-SAN SABA AQUIFER | BURNET,178,178,178,178,178,178
1358,359,"LIVESTOCK, BURNET",LIVESTOCK,K,BURNET,N,HICKORY AQUIFER | BURNET,3,3,3,3,3,3
1358,412,"LIVESTOCK, BURNET",LIVESTOCK,K,BURNET,N,LOCAL SURFACE WATER SUPPLY,508,508,508,508,508,508
1358,419,"LIVESTOCK, BURNET",LIVESTOCK,K,BURNET,N,MARBLE FALLS AQUIFER | BURNET,6,6,6,6,6,6
1358,760,"LIVESTOCK, BURNET",LIVESTOCK,K,BURNET,N,TRINITY AQUIFER | BURNET,186,186,186,186,186,186
1359,80,"LIVESTOCK, CALDWELL",LIVESTOCK,L,CALDWELL,N,CARRIZO-WILCOX AQUIFER | CALDWELL,115,115,115,115,115,115
1359,412,"LIVESTOCK, CALDWELL",LIVESTOCK,L,CALDWELL,N,LOCAL SURFACE WATER SUPPLY,416,416,416,416,416,416
1359,615,"LIVESTOCK, CALDWELL",LIVESTOCK,L,CALDWELL,N,QUEEN CITY AQUIFER | CALDWELL,300,300,300,300,300,300
1360,302,"LIVESTOCK, CALHOUN",LIVESTOCK,L,CALHOUN,N,GULF COAST AQUIFER SYSTEM | CALHOUN,140,140,140,140,140,140
1360,412,"LIVESTOCK, CALHOUN",LIVESTOCK,L,CALHOUN,N,LOCAL SURFACE WATER SUPPLY,142,142,142,142,142,142
1361,412,"LIVESTOCK, CALLAHAN",LIVESTOCK,G,CALLAHAN,N,LOCAL SURFACE WATER SUPPLY,885,885,885,885,885,885
1362,6,"LIVESTOCK, CAMERON",LIVESTOCK,M,CAMERON,N,AMISTAD-FALCON LAKE/RESERVOIR SYSTEM,436,436,436,436,436,436
1363,81,"LIVESTOCK, CAMP",LIVESTOCK,D,CAMP,N,CARRIZO-WILCOX AQUIFER | CAMP,1056,1056,1056,1056,1056,1056
1363,412,"LIVESTOCK, CAMP",LIVESTOCK,D,CAMP,N,LOCAL SURFACE WATER SUPPLY,3083,3083,3083,3083,3083,3083
1363,616,"LIVESTOCK, CAMP",LIVESTOCK,D,CAMP,N,QUEEN CITY AQUIFER | CAMP,1000,1000,1000,1000,1000,1000
1364,412,"LIVESTOCK, CARSON",LIVESTOCK,A,CARSON,N,LOCAL SURFACE WATER SUPPLY,96,96,96,96,96,96
1364,465,"LIVESTOCK, CARSON",LIVESTOCK,A,CARSON,N,OGALLALA AQUIFER | CARSON,337,343,350,357,364,371
1365,82,"LIVESTOCK, CASS",LIVESTOCK,D,CASS,N,CARRIZO-WILCOX AQUIFER | CASS,39,39,39,39,39,39
1365,412,"LIVESTOCK, CASS",LIVESTOCK,D,CASS,N,LOCAL SURFACE WATER SUPPLY,2233,2233,2233,2233,2233,2233
1365,617,"LIVESTOCK, CASS",LIVESTOCK,D,CASS,N,QUEEN CITY AQUIFER | CASS,13,13,13,13,13,13
1365,660,"LIVESTOCK, CASS",LIVESTOCK,D,CASS,N,CYPRESS RUN-OF-RIVER,7,7,7,7,7,7
1366,466,"LIVESTOCK, CASTRO",LIVESTOCK,O,CASTRO,N,OGALLALA AND EDWARDS-TRINITY-HIGH PLAINS AQUIFERS | CASTRO,9927,9927,9927,9927,9927,9927
1366,900,"LIVESTOCK, CASTRO",LIVESTOCK,O,CASTRO,N,DOCKUM AQUIFER | CASTRO,425,425,425,425,425,425
1367,304,"LIVESTOCK, CHAMBERS",LIVESTOCK,H,CHAMBERS,N,GULF COAST AQUIFER SYSTEM | CHAMBERS,521,521,521,521,521,521
1368,83,"LIVESTOCK, CHEROKEE",LIVESTOCK,I,CHEROKEE,N,CARRIZO-WILCOX AQUIFER | CHEROKEE,168,168,168,168,168,168
1368,412,"LIVESTOCK, CHEROKEE",LIVESTOCK,I,CHEROKEE,N,LOCAL SURFACE WATER SUPPLY,853,853,853,853,853,853
1368,618,"LIVESTOCK, CHEROKEE",LIVESTOCK,I,CHEROKEE,N,QUEEN CITY AQUIFER | CHEROKEE,210,210,210,210,210,210
1369,17,"LIVESTOCK, CHILDRESS",LIVESTOCK,A,CHILDRESS,N,BLAINE AQUIFER | CHILDRESS,105,112,120,128,136,145
1369,412,"LIVESTOCK, CHILDRESS",LIVESTOCK,A,CHILDRESS,N,LOCAL SURFACE WATER SUPPLY,38,38,38,38,38,38
1369,522,"LIVESTOCK, CHILDRESS",LIVESTOCK,A,CHILDRESS,N,OTHER AQUIFER | CHILDRESS,159,159,159,159,159,159
1369,688,"LIVESTOCK, CHILDRESS",LIVESTOCK,A,CHILDRESS,N,SEYMOUR AQUIFER | CHILDRESS,26,26,26,26,26,26
1370,412,"LIVESTOCK, CLAY",LIVESTOCK,B,CLAY,N,LOCAL SURFACE WATER SUPPLY,1227,1227,1227,1227,1227,1227
1370,689,"LIVESTOCK, CLAY",LIVESTOCK,B,CLAY,N,SEYMOUR AQUIFER | CLAY,30,30,30,30,30,30
1370,1092,"LIVESTOCK, CLAY",LIVESTOCK,B,CLAY,N,CROSS TIMBERS AQUIFER | CLAY,190,190,190,190,190,190
1371,467,"LIVESTOCK, COCHRAN",LIVESTOCK,O,COCHRAN,N,OGALLALA AND EDWARDS-TRINITY-HIGH PLAINS AQUIFERS | COCHRAN,120,120,120,120,120,120
1372,224,"LIVESTOCK, COKE",LIVESTOCK,F,COKE,N,"EDWARDS-TRINITY-PLATEAU, PECOS VALLEY, AND TRINITY AQUIFERS | COKE",66,66,66,66,66,66
1372,412,"LIVESTOCK, COKE",LIVESTOCK,F,COKE,N,LOCAL SURFACE WATER SUPPLY,62,62,62,62,62,62
1372,524,"LIVESTOCK, COKE",LIVESTOCK,F,COKE,N,OTHER AQUIFER | COKE,137,137,137,137,137,137
1373,412,"LIVESTOCK, COLEMAN",LIVESTOCK,F,COLEMAN,N,LOCAL SURFACE WATER SUPPLY,721,721,721,721,721,721
1373,525,"LIVESTOCK, COLEMAN",LIVESTOCK,F,COLEMAN,N,OTHER AQUIFER | COLEMAN,20,20,20,20,20,20
1374,412,"LIVESTOCK, COLLIN",LIVESTOCK,C,COLLIN,N,LOCAL SURFACE WATER SUPPLY,801,801,801,801,801,801
1375,18,"LIVESTOCK, COLLINGSWORTH",LIVESTOCK,A,COLLINGSWORTH,N,BLAINE AQUIFER | COLLINGSWORTH,378,378,378,378,378,378
1375,412,"LIVESTOCK, COLLINGSWORTH",LIVESTOCK,A,COLLINGSWORTH,N,LOCAL SURFACE WATER SUPPLY,18,18,18,18,18,18
1375,527,"LIVESTOCK, COLLINGSWORTH",LIVESTOCK,A,COLLINGSWORTH,N,OTHER AQUIFER | COLLINGSWORTH,47,58,69,81,93,105
1375,690,"LIVESTOCK, COLLINGSWORTH",LIVESTOCK,A,COLLINGSWORTH,N,SEYMOUR AQUIFER | COLLINGSWORTH,19,19,19,19,19,19
1376,305,"LIVESTOCK, COLORADO",LIVESTOCK,K,COLORADO,N,GULF COAST AQUIFER SYSTEM | COLORADO,603,603,603,603,603,603
1376,412,"LIVESTOCK, COLORADO",LIVESTOCK,K,COLORADO,N,LOCAL SURFACE WATER SUPPLY,1098,1098,1098,1098,1098,1098
1377,412,"LIVESTOCK, COMAL",LIVESTOCK,L,COMAL,N,LOCAL SURFACE WATER SUPPLY,136,136,136,136,136,136
1377,764,"LIVESTOCK, COMAL",LIVESTOCK,L,COMAL,N,TRINITY AQUIFER | COMAL,135,135,135,135,135,135
1378,412,"LIVESTOCK, COMANCHE",LIVESTOCK,G,COMANCHE,N,LOCAL SURFACE WATER SUPPLY,2652,2652,2652,2652,2652,2652
1379,225,"LIVESTOCK, CONCHO",LIVESTOCK,F,CONCHO,N,"EDWARDS-TRINITY-PLATEAU, PECOS VALLEY, AND TRINITY AQUIFERS | CONCHO",151,151,151,151,151,151
1379,412,"LIVESTOCK, CONCHO",LIVESTOCK,F,CONCHO,N,LOCAL SURFACE WATER SUPPLY,287,287,287,287,287,287
1379,529,"LIVESTOCK, CONCHO",LIVESTOCK,F,CONCHO,N,OTHER AQUIFER | CONCHO,41,41,41,41,41,41
1380,412,"LIVESTOCK, COOKE",LIVESTOCK,C,COOKE,N,LOCAL SURFACE WATER SUPPLY,1339,1339,1339,1339,1339,1339
1380,766,"LIVESTOCK, COOKE",LIVESTOCK,C,COOKE,N,TRINITY AQUIFER | COOKE,109,109,109,109,109,109
1380,834,"LIVESTOCK, COOKE",LIVESTOCK,C,COOKE,N,WOODBINE AQUIFER | COOKE,60,60,60,60,60,60
1381,412,"LIVESTOCK, CORYELL",LIVESTOCK,G,CORYELL,N,LOCAL SURFACE WATER SUPPLY,1044,1044,1044,1044,1044,1044
1381,767,"LIVESTOCK, CORYELL",LIVESTOCK,G,CORYELL,N,TRINITY AQUIFER | CORYELL,184,184,184,184,184,184
1382,19,"LIVESTOCK, COTTLE",LIVESTOCK,B,COTTLE,N,BLAINE AQUIFER | COTTLE,225,225,225,225,225,225
1382,412,"LIVESTOCK, COTTLE",LIVESTOCK,B,COTTLE,N,LOCAL SURFACE WATER SUPPLY,113,113,113,113,113,113
1382,531,"LIVESTOCK, COTTLE",LIVESTOCK,B,COTTLE,N,OTHER AQUIFER | COTTLE,55,55,55,55,55,55
1383,412,"LIVESTOCK, CRANE",LIVESTOCK,F,CRANE,N,LOCAL SURFACE WATER SUPPLY,3,3,3,3,3,3
1383,999,"LIVESTOCK, CRANE",LIVESTOCK,F,CRANE,N,EDWARDS-TRINITY-PLATEAU AND PECOS VALLEY AQUIFERS | CRANE,57,57,57,57,57,57
1384,227,"LIVESTOCK, CROCKETT",LIVESTOCK,F,CROCKETT,N,"EDWARDS-TRINITY-PLATEAU, PECOS VALLEY, AND TRINITY AQUIFERS | CROCKETT",487,487,487,487,487,487
1384,412,"LIVESTOCK, CROCKETT",LIVESTOCK,F,CROCKETT,N,LOCAL SURFACE WATER SUPPLY,27,27,27,27,27,27
1385,469,"LIVESTOCK, CROSBY",LIVESTOCK,O,CROSBY,N,OGALLALA AND EDWARDS-TRINITY-HIGH PLAINS AQUIFERS | CROSBY,57,57,57,57,57,57
1385,903,"LIVESTOCK, CROSBY",LIVESTOCK,O,CROSBY,N,DOCKUM AQUIFER | CROSBY,84,84,84,84,84,84
1385,985,"LIVESTOCK, CROSBY",LIVESTOCK,O,CROSBY,N,OTHER AQUIFER | CROSBY,55,55,55,55,55,55
1386,66,"LIVESTOCK, CULBERSON",LIVESTOCK,E,CULBERSON,N,CAPITAN REEF COMPLEX AQUIFER | CULBERSON,54,54,54,54,54,54
1386,228,"LIVESTOCK, CULBERSON",LIVESTOCK,E,CULBERSON,N,EDWARDS-TRINITY-PLATEAU AQUIFER | CULBERSON,19,19,19,19,19,19
1386,378,"LIVESTOCK, CULBERSON",LIVESTOCK,E,CULBERSON,N,IGNEOUS AQUIFER | CULBERSON,82,82,82,82,82,82
1386,412,"LIVESTOCK, CULBERSON",LIVESTOCK,E,CULBERSON,N,LOCAL SURFACE WATER SUPPLY,15,15,15,15,15,15
1386,680,"LIVESTOCK, CULBERSON",LIVESTOCK,E,CULBERSON,N,RUSTLER AQUIFER | CULBERSON,31,31,31,31,31,31
1386,823,"LIVESTOCK, CULBERSON",LIVESTOCK,E,CULBERSON,N,WEST TEXAS BOLSONS AQUIFER | CULBERSON,158,158,158,158,158,158
1387,412,"LIVESTOCK, DALLAM",LIVESTOCK,A,DALLAM,N,LOCAL SURFACE WATER SUPPLY,1786,1786,1786,1786,1786,1786
1387,980,"LIVESTOCK, DALLAM",LIVESTOCK,A,DALLAM,N,OGALLALA AND RITA BLANCA AQUIFERS | DALLAM,3436,3689,3757,3827,3898,3971
1388,412,"LIVESTOCK, DALLAS",LIVESTOCK,C,DALLAS,N,LOCAL SURFACE WATER SUPPLY,51,51,51,51,51,51
1388,835,"LIVESTOCK, DALLAS",LIVESTOCK,C,DALLAS,N,WOODBINE AQUIFER | DALLAS,197,197,197,197,197,197
1389,471,"LIVESTOCK, DAWSON",LIVESTOCK,O,DAWSON,N,OGALLALA AND EDWARDS-TRINITY-HIGH PLAINS AQUIFERS | DAWSON,72,72,72,72,72,72
1390,472,"LIVESTOCK, DEAF SMITH",LIVESTOCK,O,DEAF SMITH,N,OGALLALA AND EDWARDS-TRINITY-HIGH PLAINS AQUIFERS | DEAF SMITH,14105,14105,14105,14105,14105,14105
1391,412,"LIVESTOCK, DELTA",LIVESTOCK,D,DELTA,N,LOCAL SURFACE WATER SUPPLY,582,582,582,582,582,582
1391,439,"LIVESTOCK, DELTA",LIVESTOCK,D,DELTA,N,NACATOCH AQUIFER | DELTA,63,63,63,63,63,63
1391,769,"LIVESTOCK, DELTA",LIVESTOCK,D,DELTA,N,TRINITY AQUIFER | DELTA,40,40,40,40,40,40
1392,412,"LIVESTOCK, DENTON",LIVESTOCK,C,DENTON,N,LOCAL SURFACE WATER SUPPLY,618,618,618,618,618,618
1392,770,"LIVESTOCK, DENTON",LIVESTOCK,C,DENTON,N,TRINITY AQUIFER | DENTON,100,100,100,100,100,100
1392,837,"LIVESTOCK, DENTON",LIVESTOCK,C,DENTON,N,WOODBINE AQUIFER | DENTON,122,122,122,122,122,122
1393,306,"LIVESTOCK, DEWITT",LIVESTOCK,L,DEWITT,N,GULF COAST AQUIFER SYSTEM | DEWITT,867,867,867,867,867,867
1393,412,"LIVESTOCK, DEWITT",LIVESTOCK,L,DEWITT,N,LOCAL SURFACE WATER SUPPLY,869,869,869,869,869,869
1394,473,"LIVESTOCK, DICKENS",LIVESTOCK,O,DICKENS,N,OGALLALA AQUIFER | DICKENS,36,36,36,36,36,36
1394,535,"LIVESTOCK, DICKENS",LIVESTOCK,O,DICKENS,N,OTHER AQUIFER | DICKENS,380,380,380,380,380,380
1394,905,"LIVESTOCK, DICKENS",LIVESTOCK,O,DICKENS,N,DOCKUM AQUIFER | DICKENS,59,59,59,59,59,59
1395,84,"LIVESTOCK, DIMMIT",LIVESTOCK,L,DIMMIT,N,CARRIZO-WILCOX AQUIFER | DIMMIT,183,183,183,183,183,183
1395,412,"LIVESTOCK, DIMMIT",LIVESTOCK,L,DIMMIT,N,LOCAL SURFACE WATER SUPPLY,184,184,184,184,184,184
1396,412,"LIVESTOCK, DONLEY",LIVESTOCK,A,DONLEY,N,LOCAL SURFACE WATER SUPPLY,240,240,240,240,240,240
1396,474,"LIVESTOCK, DONLEY",LIVESTOCK,A,DONLEY,N,OGALLALA AQUIFER | DONLEY,671,671,671,671,671,671
1396,536,"LIVESTOCK, DONLEY",LIVESTOCK,A,DONLEY,N,OTHER AQUIFER | DONLEY,272,272,272,272,272,272
1397,307,"LIVESTOCK, DUVAL",LIVESTOCK,N,DUVAL,N,GULF COAST AQUIFER SYSTEM | DUVAL,566,566,566,566,566,566
1398,412,"LIVESTOCK, EASTLAND",LIVESTOCK,G,EASTLAND,N,LOCAL SURFACE WATER SUPPLY,1511,1511,1511,1511,1511,1511
1398,771,"LIVESTOCK, EASTLAND",LIVESTOCK,G,EASTLAND,N,TRINITY AQUIFER | EASTLAND,79,79,79,79,79,79
1399,229,"LIVESTOCK, ECTOR",LIVESTOCK,F,ECTOR,N,"EDWARDS-TRINITY-PLATEAU, PECOS VALLEY, AND TRINITY AQUIFERS | ECTOR",119,119,119,119,119,119
1399,412,"LIVESTOCK, ECTOR",LIVESTOCK,F,ECTOR,N,LOCAL SURFACE WATER SUPPLY,17,17,17,17,17,17
1399,475,"LIVESTOCK, ECTOR",LIVESTOCK,F,ECTOR,N,OGALLALA AQUIFER | ECTOR,4,4,4,4,4,4
1400,230,"LIVESTOCK, EDWARDS",LIVESTOCK,J,EDWARDS,N,"EDWARDS-TRINITY-PLATEAU, PECOS VALLEY, AND TRINITY AQUIFERS | EDWARDS",431,431,431,431,431,431
1400,412,"LIVESTOCK, EDWARDS",LIVESTOCK,J,EDWARDS,N,LOCAL SURFACE WATER SUPPLY,77,77,77,77,77,77
1401,412,"LIVESTOCK, ELLIS",LIVESTOCK,C,ELLIS,N,LOCAL SURFACE WATER SUPPLY,931,931,931,931,931,931
1401,838,"LIVESTOCK, ELLIS",LIVESTOCK,C,ELLIS,N,WOODBINE AQUIFER | ELLIS,30,30,30,30,30,30
1402,375,"LIVESTOCK, EL PASO",LIVESTOCK,E,EL PASO,N,HUECO-MESILLA BOLSON AQUIFER | EL PASO,151,151,151,151,151,151
1402,412,"LIVESTOCK, EL PASO",LIVESTOCK,E,EL PASO,N,LOCAL SURFACE WATER SUPPLY,19,19,19,19,19,19
1402,538,"LIVESTOCK, EL PASO",LIVESTOCK,E,EL PASO,N,OTHER AQUIFER | EL PASO,24,24,24,24,24,24
1403,412,"LIVESTOCK, ERATH",LIVESTOCK,G,ERATH,N,LOCAL SURFACE WATER SUPPLY,4397,4397,4397,4397,4397,4397
1403,773,"LIVESTOCK, ERATH",LIVESTOCK,G,ERATH,N,TRINITY AQUIFER | ERATH,1885,1885,1885,1885,1885,1885
1404,44,"LIVESTOCK, FALLS",LIVESTOCK,G,FALLS,N,BRAZOS RIVER ALLUVIUM AQUIFER | FALLS,347,347,347,347,347,347
1404,412,"LIVESTOCK, FALLS",LIVESTOCK,G,FALLS,N,LOCAL SURFACE WATER SUPPLY,1968,1968,1968,1968,1968,1968
1405,412,"LIVESTOCK, FANNIN",LIVESTOCK,C,FANNIN,N,LOCAL SURFACE WATER SUPPLY,141,141,141,141,141,141
1405,540,"LIVESTOCK, FANNIN",LIVESTOCK,C,FANNIN,N,OTHER AQUIFER | FANNIN,10,10,10,10,10,10
1405,775,"LIVESTOCK, FANNIN",LIVESTOCK,C,FANNIN,N,TRINITY AQUIFER | FANNIN,424,424,424,424,424,424
1405,839,"LIVESTOCK, FANNIN",LIVESTOCK,C,FANNIN,N,WOODBINE AQUIFER | FANNIN,800,800,800,800,800,800
1406,308,"LIVESTOCK, FAYETTE",LIVESTOCK,K,FAYETTE,N,GULF COAST AQUIFER SYSTEM | FAYETTE,192,192,192,192,192,192
1406,412,"LIVESTOCK, FAYETTE",LIVESTOCK,K,FAYETTE,N,LOCAL SURFACE WATER SUPPLY,1898,1898,1898,1898,1898,1898
1407,412,"LIVESTOCK, FISHER",LIVESTOCK,G,FISHER,N,LOCAL SURFACE WATER SUPPLY,542,542,542,542,542,542
1407,694,"LIVESTOCK, FISHER",LIVESTOCK,G,FISHER,N,SEYMOUR AQUIFER | FISHER,361,361,361,361,361,361
1408,476,"LIVESTOCK, FLOYD",LIVESTOCK,O,FLOYD,N,OGALLALA AND EDWARDS-TRINITY-HIGH PLAINS AQUIFERS | FLOYD,1247,1247,1247,1247,1247,1247
1408,906,"LIVESTOCK, FLOYD",LIVESTOCK,O,FLOYD,N,DOCKUM AQUIFER | FLOYD,20,20,20,20,20,20
1408,986,"LIVESTOCK, FLOYD",LIVESTOCK,O,FLOYD,N,OTHER AQUIFER | FLOYD,20,20,20,20,20,20
1409,21,"LIVESTOCK, FOARD",LIVESTOCK,B,FOARD,N,BLAINE AQUIFER | FOARD,30,30,30,30,30,30
1409,412,"LIVESTOCK, FOARD",LIVESTOCK,B,FOARD,N,LOCAL SURFACE WATER SUPPLY,341,341,341,341,341,341
1409,987,"LIVESTOCK, FOARD",LIVESTOCK,B,FOARD,N,OTHER AQUIFER | FOARD,8,8,8,8,8,8
1410,309,"LIVESTOCK, FORT BEND",LIVESTOCK,H,FORT BEND,N,GULF COAST AQUIFER SYSTEM | FORT BEND,673,673,673,673,673,673
1411,87,"LIVESTOCK, FRANKLIN",LIVESTOCK,D,FRANKLIN,N,CARRIZO-WILCOX AQUIFER | FRANKLIN,755,755,755,755,755,755
1411,412,"LIVESTOCK, FRANKLIN",LIVESTOCK,D,FRANKLIN,N,LOCAL SURFACE WATER SUPPLY,1743,1743,1743,1743,1743,1743
1412,88,"LIVESTOCK, FREESTONE",LIVESTOCK,C,FREESTONE,N,CARRIZO-WILCOX AQUIFER | FREESTONE,387,387,387,387,387,387
1412,412,"LIVESTOCK, FREESTONE",LIVESTOCK,C,FREESTONE,N,LOCAL SURFACE WATER SUPPLY,1335,1335,1335,1335,1335,1335
1413,412,"LIVESTOCK, FRIO",LIVESTOCK,L,FRIO,N,LOCAL SURFACE WATER SUPPLY,482,482,482,482,482,482
1413,621,"LIVESTOCK, FRIO",LIVESTOCK,L,FRIO,N,QUEEN CITY AQUIFER | FRIO,482,482,482,482,482,482
1414,477,"LIVESTOCK, GAINES",LIVESTOCK,O,GAINES,N,OGALLALA AND EDWARDS-TRINITY-HIGH PLAINS AQUIFERS | GAINES,156,156,156,156,156,156
1415,310,"LIVESTOCK, GALVESTON",LIVESTOCK,H,GALVESTON,N,GULF COAST AQUIFER SYSTEM | GALVESTON,21,21,21,21,21,21
1416,181,"LIVESTOCK, GARZA",LIVESTOCK,O,GARZA,N,DOCKUM AQUIFER | GARZA,100,100,100,100,100,100
1416,478,"LIVESTOCK, GARZA",LIVESTOCK,O,GARZA,N,OGALLALA AND EDWARDS-TRINITY-HIGH PLAINS AQUIFERS | GARZA,50,50,50,50,50,50
1416,988,"LIVESTOCK, GARZA",LIVESTOCK,O,GARZA,N,OTHER AQUIFER | GARZA,20,20,20,20,20,20
1417,231,"LIVESTOCK, GILLESPIE",LIVESTOCK,K,GILLESPIE,N,"EDWARDS-TRINITY-PLATEAU, PECOS VALLEY, AND TRINITY AQUIFERS | GILLESPIE",849,849,849,849,849,849
1417,263,"LIVESTOCK, GILLESPIE",LIVESTOCK,K,GILLESPIE,N,ELLENBURGER-SAN SABA AQUIFER | GILLESPIE,242,242,242,242,242,242
1417,361,"LIVESTOCK, GILLESPIE",LIVESTOCK,K,GILLESPIE,N,HICKORY AQUIFER | GILLESPIE,121,121,121,121,121,121
1418,232,"LIVESTOCK, GLASSCOCK",LIVESTOCK,F,GLASSCOCK,N,"EDWARDS-TRINITY-PLATEAU, PECOS VALLEY, AND TRINITY AQUIFERS | GLASSCOCK",68,68,68,68,68,68
1418,412,"LIVESTOCK, GLASSCOCK",LIVESTOCK,F,GLASSCOCK,N,LOCAL SURFACE WATER SUPPLY,24,24,24,24,24,24
1418,479,"LIVESTOCK, GLASSCOCK",LIVESTOCK,F,GLASSCOCK,N,OGALLALA AQUIFER | GLASSCOCK,24,24,24,24,24,24
1419,311,"LIVESTOCK, GOLIAD",LIVESTOCK,L,GOLIAD,N,GULF COAST AQUIFER SYSTEM | GOLIAD,393,393,393,393,393,393
1419,412,"LIVESTOCK, GOLIAD",LIVESTOCK,L,GOLIAD,N,LOCAL SURFACE WATER SUPPLY,396,396,396,396,396,396
1420,90,"LIVESTOCK, GONZALES",LIVESTOCK,L,GONZALES,N,CARRIZO-WILCOX AQUIFER | GONZALES,1084,1084,1084,1084,1084,1084
1420,412,"LIVESTOCK, GONZALES",LIVESTOCK,L,GONZALES,N,LOCAL SURFACE WATER SUPPLY,2070,2070,2070,2070,2070,2070
1420,622,"LIVESTOCK, GONZALES",LIVESTOCK,L,GONZALES,N,QUEEN CITY AQUIFER | GONZALES,315,315,315,315,315,315
1420,717,"LIVESTOCK, GONZALES",LIVESTOCK,L,GONZALES,N,SPARTA AQUIFER | GONZALES,256,256,256,256,256,256
1420,1057,"LIVESTOCK, GONZALES",LIVESTOCK,L,GONZALES,N,YEGUA-JACKSON AQUIFER | GONZALES,413,413,413,413,413,413
1421,412,"LIVESTOCK, GRAY",LIVESTOCK,A,GRAY,N,LOCAL SURFACE WATER SUPPLY,600,600,600,600,600,600
1421,480,"LIVESTOCK, GRAY",LIVESTOCK,A,GRAY,N,OGALLALA AQUIFER | GRAY,1256,1296,1302,1309,1316,1322
1422,412,"LIVESTOCK, GRAYSON",LIVESTOCK,C,GRAYSON,N,LOCAL SURFACE WATER SUPPLY,933,933,933,933,933,933
1422,840,"LIVESTOCK, GRAYSON",LIVESTOCK,C,GRAYSON,N,WOODBINE AQUIFER | GRAYSON,173,173,173,173,173,173
1423,91,"LIVESTOCK, GREGG",LIVESTOCK,D,GREGG,N,CARRIZO-WILCOX AQUIFER | GREGG,179,179,179,179,179,179
1424,313,"LIVESTOCK, GRIMES",LIVESTOCK,G,GRIMES,N,GULF COAST AQUIFER SYSTEM | GRIMES,820,820,820,820,820,820
1424,412,"LIVESTOCK, GRIMES",LIVESTOCK,G,GRIMES,N,LOCAL SURFACE WATER SUPPLY,1912,1912,1912,1912,1912,1912
1425,93,"LIVESTOCK, GUADALUPE",LIVESTOCK,L,GUADALUPE,N,CARRIZO-WILCOX AQUIFER | GUADALUPE,589,589,589,589,589,589
1425,412,"LIVESTOCK, GUADALUPE",LIVESTOCK,L,GUADALUPE,N,LOCAL SURFACE WATER SUPPLY,590,590,590,590,590,590
1426,481,"LIVESTOCK, HALE",LIVESTOCK,O,HALE,N,OGALLALA AND EDWARDS-TRINITY-HIGH PLAINS AQUIFERS | HALE,3049,3049,3049,3049,3049,3049
1427,412,"LIVESTOCK, HALL",LIVESTOCK,A,HALL,N,LOCAL SURFACE WATER SUPPLY,128,128,128,128,128,128
1427,544,"LIVESTOCK, HALL",LIVESTOCK,A,HALL,N,OTHER AQUIFER | HALL,196,205,213,222,231,240
1427,696,"LIVESTOCK, HALL",LIVESTOCK,A,HALL,N,SEYMOUR AQUIFER | HALL,17,17,17,17,17,17
1428,412,"LIVESTOCK, HAMILTON",LIVESTOCK,G,HAMILTON,N,LOCAL SURFACE WATER SUPPLY,1415,1415,1415,1415,1415,1415
1428,778,"LIVESTOCK, HAMILTON",LIVESTOCK,G,HAMILTON,N,TRINITY AQUIFER | HAMILTON,250,250,250,250,250,250
1429,412,"LIVESTOCK, HANSFORD",LIVESTOCK,A,HANSFORD,N,LOCAL SURFACE WATER SUPPLY,1958,1958,1958,1958,1958,1958
1429,482,"LIVESTOCK, HANSFORD",LIVESTOCK,A,HANSFORD,N,OGALLALA AQUIFER | HANSFORD,2747,2847,2949,3055,3162,3273
1430,23,"LIVESTOCK, HARDEMAN",LIVESTOCK,B,HARDEMAN,N,BLAINE AQUIFER | HARDEMAN,120,120,120,120,120,120
1430,412,"LIVESTOCK, HARDEMAN",LIVESTOCK,B,HARDEMAN,N,LOCAL SURFACE WATER SUPPLY,232,232,232,232,232,232
1430,697,"LIVESTOCK, HARDEMAN",LIVESTOCK,B,HARDEMAN,N,SEYMOUR AQUIFER | HARDEMAN,40,40,40,40,40,40
1430,990,"LIVESTOCK, HARDEMAN",LIVESTOCK,B,HARDEMAN,N,OTHER AQUIFER | HARDEMAN,50,50,50,50,50,50
1431,314,"LIVESTOCK, HARDIN",LIVESTOCK,I,HARDIN,N,GULF COAST AQUIFER SYSTEM | HARDIN,62,62,62,62,62,62
1431,412,"LIVESTOCK, HARDIN",LIVESTOCK,I,HARDIN,N,LOCAL SURFACE WATER SUPPLY,184,184,184,184,184,184
1432,315,"LIVESTOCK, HARRIS",LIVESTOCK,H,HARRIS,N,GULF COAST AQUIFER SYSTEM | HARRIS,371,205,205,205,205,205
1433,94,"LIVESTOCK, HARRISON",LIVESTOCK,D,HARRISON,N,CARRIZO-WILCOX AQUIFER | HARRISON,49,49,49,49,49,49
1433,412,"LIVESTOCK, HARRISON",LIVESTOCK,D,HARRISON,N,LOCAL SURFACE WATER SUPPLY,707,707,707,707,707,707
1433,625,"LIVESTOCK, HARRISON",LIVESTOCK,D,HARRISON,N,QUEEN CITY AQUIFER | HARRISON,13,13,13,13,13,13
1433,660,"LIVESTOCK, HARRISON",LIVESTOCK,D,HARRISON,N,CYPRESS RUN-OF-RIVER,47,47,47,47,47,47
1434,183,"LIVESTOCK, HARTLEY",LIVESTOCK,A,HARTLEY,N,DOCKUM AQUIFER | HARTLEY,1128,1128,1128,1128,1128,1128
1434,412,"LIVESTOCK, HARTLEY",LIVESTOCK,A,HARTLEY,N,LOCAL SURFACE WATER SUPPLY,3480,3480,3480,3480,3480,3480
1434,981,"LIVESTOCK, HARTLEY",LIVESTOCK,A,HARTLEY,N,OGALLALA AND RITA BLANCA AQUIFERS | HARTLEY,6193,6193,6193,6193,6193,6193
1435,412,"LIVESTOCK, HASKELL",LIVESTOCK,G,HASKELL,N,LOCAL SURFACE WATER SUPPLY,436,436,436,436,436,436
1436,412,"LIVESTOCK, HAYS",LIVESTOCK,K,HAYS,Y,LOCAL SURFACE WATER SUPPLY,58,58,58,58,58,58
1436,412,"LIVESTOCK, HAYS",LIVESTOCK,L,HAYS,Y,LOCAL SURFACE WATER SUPPLY,140,140,140,140,140,140
1436,661,"LIVESTOCK, HAYS",LIVESTOCK,L,HAYS,Y,GUADALUPE RUN-OF-RIVER,0,0,0,0,0,0
1436,779,"LIVESTOCK, HAYS",LIVESTOCK,K,HAYS,Y,TRINITY AQUIFER | HAYS,58,58,58,58,58,58
1436,779,"LIVESTOCK, HAYS",LIVESTOCK,L,HAYS,Y,TRINITY AQUIFER | HAYS,140,140,140,140,140,140
1436,1174,"LIVESTOCK, HAYS",LIVESTOCK,L,HAYS,Y,WATER RECYCLING,2420,2420,2420,2420,2420,2420
1437,412,"LIVESTOCK, HEMPHILL",LIVESTOCK,A,HEMPHILL,N,LOCAL SURFACE WATER SUPPLY,223,223,223,223,223,223
1437,484,"LIVESTOCK, HEMPHILL",LIVESTOCK,A,HEMPHILL,N,OGALLALA AQUIFER | HEMPHILL,870,885,900,915,931,947
1438,9,"LIVESTOCK, HENDERSON",LIVESTOCK,I,HENDERSON,Y,ATHENS LAKE/RESERVOIR,3023,3023,2516,2139,1807,1638
1438,95,"LIVESTOCK, HENDERSON",LIVESTOCK,C,HENDERSON,Y,CARRIZO-WILCOX AQUIFER | HENDERSON,111,111,111,111,111,111
1438,95,"LIVESTOCK, HENDERSON",LIVESTOCK,I,HENDERSON,Y,CARRIZO-WILCOX AQUIFER | HENDERSON,0,0,0,0,0,0
1438,412,"LIVESTOCK, HENDERSON",LIVESTOCK,C,HENDERSON,Y,LOCAL SURFACE WATER SUPPLY,483,483,483,483,483,483
1438,412,"LIVESTOCK, HENDERSON",LIVESTOCK,I,HENDERSON,Y,LOCAL SURFACE WATER SUPPLY,632,632,632,632,632,632
1438,626,"LIVESTOCK, HENDERSON",LIVESTOCK,C,HENDERSON,Y,QUEEN CITY AQUIFER | HENDERSON,100,100,100,100,100,100
1438,626,"LIVESTOCK, HENDERSON",LIVESTOCK,I,HENDERSON,Y,QUEEN CITY AQUIFER | HENDERSON,419,419,419,419,419,419
1439,6,"LIVESTOCK, HIDALGO",LIVESTOCK,M,HIDALGO,N,AMISTAD-FALCON LAKE/RESERVOIR SYSTEM,71,71,71,71,71,71
1439,316,"LIVESTOCK, HIDALGO",LIVESTOCK,M,HIDALGO,N,GULF COAST AQUIFER SYSTEM | HIDALGO,706,706,706,706,706,706
1440,412,"LIVESTOCK, HILL",LIVESTOCK,G,HILL,N,LOCAL SURFACE WATER SUPPLY,1750,1750,1750,1750,1750,1750
1441,485,"LIVESTOCK, HOCKLEY",LIVESTOCK,O,HOCKLEY,N,OGALLALA AND EDWARDS-TRINITY-HIGH PLAINS AQUIFERS | HOCKLEY,122,122,122,122,122,122
1441,909,"LIVESTOCK, HOCKLEY",LIVESTOCK,O,HOCKLEY,N,DOCKUM AQUIFER | HOCKLEY,28,28,28,28,28,28
1442,412,"LIVESTOCK, HOOD",LIVESTOCK,G,HOOD,N,LOCAL SURFACE WATER SUPPLY,321,321,321,321,321,321
1442,781,"LIVESTOCK, HOOD",LIVESTOCK,G,HOOD,N,TRINITY AQUIFER | HOOD,263,263,263,263,263,263
1443,96,"LIVESTOCK, HOPKINS",LIVESTOCK,D,HOPKINS,N,CARRIZO-WILCOX AQUIFER | HOPKINS,1350,1350,1350,1350,1350,1350
1443,148,"LIVESTOCK, HOPKINS",LIVESTOCK,D,HOPKINS,N,CHAPMAN/COOPER LAKE/RESERVOIR NON-SYSTEM PORTION,1551,1720,1730,1914,1996,1996
1443,412,"LIVESTOCK, HOPKINS",LIVESTOCK,D,HOPKINS,N,LOCAL SURFACE WATER SUPPLY,1231,1231,1231,1231,1231,1231
1443,442,"LIVESTOCK, HOPKINS",LIVESTOCK,D,HOPKINS,N,NACATOCH AQUIFER | HOPKINS,77,77,77,77,77,77
1444,97,"LIVESTOCK, HOUSTON",LIVESTOCK,I,HOUSTON,N,CARRIZO-WILCOX AQUIFER | HOUSTON,0,0,53,90,90,90
1444,412,"LIVESTOCK, HOUSTON",LIVESTOCK,I,HOUSTON,N,LOCAL SURFACE WATER SUPPLY,1791,1791,1791,1791,1791,1791
1444,627,"LIVESTOCK, HOUSTON",LIVESTOCK,I,HOUSTON,N,QUEEN CITY AQUIFER | HOUSTON,134,134,134,134,134,134
1444,719,"LIVESTOCK, HOUSTON",LIVESTOCK,I,HOUSTON,N,SPARTA AQUIFER | HOUSTON,0,0,0,80,80,80
1445,184,"LIVESTOCK, HOWARD",LIVESTOCK,F,HOWARD,N,DOCKUM AQUIFER | HOWARD,21,21,21,21,21,21
1445,233,"LIVESTOCK, HOWARD",LIVESTOCK,F,HOWARD,N,EDWARDS-TRINITY-PLATEAU AQUIFER | HOWARD,40,40,40,40,40,40
1445,412,"LIVESTOCK, HOWARD",LIVESTOCK,F,HOWARD,N,LOCAL SURFACE WATER SUPPLY,33,33,33,33,33,33
1445,486,"LIVESTOCK, HOWARD",LIVESTOCK,F,HOWARD,N,OGALLALA AND EDWARDS-TRINITY-HIGH PLAINS AQUIFERS | HOWARD,105,105,105,105,105,105
1446,35,"LIVESTOCK, HUDSPETH",LIVESTOCK,E,HUDSPETH,N,BONE SPRING-VICTORIO PEAK AQUIFER | HUDSPETH,83,83,83,83,83,83
1446,67,"LIVESTOCK, HUDSPETH",LIVESTOCK,E,HUDSPETH,N,CAPITAN REEF COMPLEX AQUIFER | HUDSPETH,7,7,7,7,7,7
1446,376,"LIVESTOCK, HUDSPETH",LIVESTOCK,E,HUDSPETH,N,HUECO-MESILLA BOLSON AQUIFER | HUDSPETH,10,10,10,10,10,10
1446,412,"LIVESTOCK, HUDSPETH",LIVESTOCK,E,HUDSPETH,N,LOCAL SURFACE WATER SUPPLY,80,80,80,80,80,80
1446,549,"LIVESTOCK, HUDSPETH",LIVESTOCK,E,HUDSPETH,N,OTHER AQUIFER | HUDSPETH,277,277,277,277,277,277
1446,824,"LIVESTOCK, HUDSPETH",LIVESTOCK,E,HUDSPETH,N,WEST TEXAS BOLSONS AQUIFER | HUDSPETH,69,69,69,69,69,69
1447,412,"LIVESTOCK, HUNT",LIVESTOCK,D,HUNT,N,LOCAL SURFACE WATER SUPPLY,1250,1250,1250,1250,1250,1250
1448,412,"LIVESTOCK, HUTCHINSON",LIVESTOCK,A,HUTCHINSON,N,LOCAL SURFACE WATER SUPPLY,164,164,164,164,164,164
1448,487,"LIVESTOCK, HUTCHINSON",LIVESTOCK,A,HUTCHINSON,N,OGALLALA AQUIFER | HUTCHINSON,483,483,483,483,483,483
1449,234,"LIVESTOCK, IRION",LIVESTOCK,F,IRION,N,"EDWARDS-TRINITY-PLATEAU, PECOS VALLEY, AND TRINITY AQUIFERS | IRION",187,187,187,187,187,187
1449,412,"LIVESTOCK, IRION",LIVESTOCK,F,IRION,N,LOCAL SURFACE WATER SUPPLY,55,55,55,55,55,55
1450,412,"LIVESTOCK, JACK",LIVESTOCK,C,JACK,N,LOCAL SURFACE WATER SUPPLY,598,598,598,598,598,598
1450,1071,"LIVESTOCK, JACK",LIVESTOCK,C,JACK,N,CROSS TIMBERS AQUIFER | JACK,100,100,100,100,100,100
1451,317,"LIVESTOCK, JACKSON",LIVESTOCK,P,JACKSON,N,GULF COAST AQUIFER SYSTEM | JACKSON,1371,1371,1371,1371,1371,1371
1452,318,"LIVESTOCK, JASPER",LIVESTOCK,I,JASPER,N,GULF COAST AQUIFER SYSTEM | JASPER,76,76,76,76,76,76
1452,412,"LIVESTOCK, JASPER",LIVESTOCK,I,JASPER,N,LOCAL SURFACE WATER SUPPLY,211,211,211,211,211,211
1452,683,"LIVESTOCK, JASPER",LIVESTOCK,I,JASPER,N,SAM RAYBURN-STEINHAGEN LAKE/RESERVOIR SYSTEM,10000,10000,10000,10000,10000,10000
1453,235,"LIVESTOCK, JEFF DAVIS",LIVESTOCK,E,JEFF DAVIS,N,EDWARDS-TRINITY-PLATEAU AND PECOS VALLEY AQUIFERS | JEFF DAVIS,0,0,0,0,0,0
1453,379,"LIVESTOCK, JEFF DAVIS",LIVESTOCK,E,JEFF DAVIS,N,IGNEOUS AQUIFER | JEFF DAVIS,227,227,227,227,227,227
1453,412,"LIVESTOCK, JEFF DAVIS",LIVESTOCK,E,JEFF DAVIS,N,LOCAL SURFACE WATER SUPPLY,24,24,24,24,24,24
1453,825,"LIVESTOCK, JEFF DAVIS",LIVESTOCK,E,JEFF DAVIS,N,WEST TEXAS BOLSONS AQUIFER | JEFF DAVIS,63,63,63,63,63,63
1454,319,"LIVESTOCK, JEFFERSON",LIVESTOCK,I,JEFFERSON,N,GULF COAST AQUIFER SYSTEM | JEFFERSON,639,639,639,639,639,639
1454,412,"LIVESTOCK, JEFFERSON",LIVESTOCK,I,JEFFERSON,N,LOCAL SURFACE WATER SUPPLY,800,800,800,800,800,800
1455,320,"LIVESTOCK, JIM HOGG",LIVESTOCK,M,JIM HOGG,N,GULF COAST AQUIFER SYSTEM | JIM HOGG,165,165,165,165,165,165
1455,412,"LIVESTOCK, JIM HOGG",LIVESTOCK,M,JIM HOGG,N,LOCAL SURFACE WATER SUPPLY,257,257,257,257,257,257
1456,321,"LIVESTOCK, JIM WELLS",LIVESTOCK,N,JIM WELLS,N,GULF COAST AQUIFER SYSTEM | JIM WELLS,661,661,661,661,661,661
1456,412,"LIVESTOCK, JIM WELLS",LIVESTOCK,N,JIM WELLS,N,LOCAL SURFACE WATER SUPPLY,50,50,50,50,50,50
1457,412,"LIVESTOCK, JOHNSON",LIVESTOCK,G,JOHNSON,N,LOCAL SURFACE WATER SUPPLY,1153,1153,1153,1153,1153,1153
1457,784,"LIVESTOCK, JOHNSON",LIVESTOCK,G,JOHNSON,N,TRINITY AQUIFER | JOHNSON,296,296,296,296,296,296
1457,843,"LIVESTOCK, JOHNSON",LIVESTOCK,G,JOHNSON,N,WOODBINE AQUIFER | JOHNSON,198,198,198,198,198,198
1458,412,"LIVESTOCK, JONES",LIVESTOCK,G,JONES,N,LOCAL SURFACE WATER SUPPLY,436,436,436,436,436,436
1458,699,"LIVESTOCK, JONES",LIVESTOCK,G,JONES,N,SEYMOUR AQUIFER | JONES,234,234,234,234,234,234
1459,322,"LIVESTOCK, KARNES",LIVESTOCK,L,KARNES,N,GULF COAST AQUIFER SYSTEM | KARNES,257,257,257,257,257,257
1459,412,"LIVESTOCK, KARNES",LIVESTOCK,L,KARNES,N,LOCAL SURFACE WATER SUPPLY,478,478,478,478,478,478
1459,1058,"LIVESTOCK, KARNES",LIVESTOCK,L,KARNES,N,YEGUA-JACKSON AQUIFER | KARNES,219,219,219,219,219,219
1460,412,"LIVESTOCK, KAUFMAN",LIVESTOCK,C,KAUFMAN,N,LOCAL SURFACE WATER SUPPLY,1426,1426,1426,1426,1426,1426
1461,236,"LIVESTOCK, KENDALL",LIVESTOCK,L,KENDALL,N,EDWARDS-TRINITY-PLATEAU AQUIFER | KENDALL,10,10,10,10,10,10
1461,412,"LIVESTOCK, KENDALL",LIVESTOCK,L,KENDALL,N,LOCAL SURFACE WATER SUPPLY,195,195,195,195,195,195
1461,786,"LIVESTOCK, KENDALL",LIVESTOCK,L,KENDALL,N,TRINITY AQUIFER | KENDALL,183,183,183,183,183,183
1462,323,"LIVESTOCK, KENEDY",LIVESTOCK,N,KENEDY,N,GULF COAST AQUIFER SYSTEM | KENEDY,631,631,631,631,631,631
1463,185,"LIVESTOCK, KENT",LIVESTOCK,G,KENT,N,DOCKUM AQUIFER | KENT,277,277,277,277,277,277
1463,412,"LIVESTOCK, KENT",LIVESTOCK,G,KENT,N,LOCAL SURFACE WATER SUPPLY,31,31,31,31,31,31
1464,237,"LIVESTOCK, KERR",LIVESTOCK,J,KERR,N,EDWARDS-TRINITY-PLATEAU AQUIFER | KERR,235,235,235,235,235,235
1464,412,"LIVESTOCK, KERR",LIVESTOCK,J,KERR,N,LOCAL SURFACE WATER SUPPLY,457,457,457,457,457,457
1464,787,"LIVESTOCK, KERR",LIVESTOCK,J,KERR,N,TRINITY AQUIFER | KERR,143,143,143,143,143,143
1465,238,"LIVESTOCK, KIMBLE",LIVESTOCK,F,KIMBLE,N,"EDWARDS-TRINITY-PLATEAU, PECOS VALLEY, AND TRINITY AQUIFERS | KIMBLE",203,203,203,203,203,203
1465,412,"LIVESTOCK, KIMBLE",LIVESTOCK,F,KIMBLE,N,LOCAL SURFACE WATER SUPPLY,104,104,104,104,104,104
1466,24,"LIVESTOCK, KING",LIVESTOCK,B,KING,N,BLAINE AQUIFER | KING,34,34,34,34,34,34
1466,412,"LIVESTOCK, KING",LIVESTOCK,B,KING,N,LOCAL SURFACE WATER SUPPLY,134,134,134,134,134,134
1466,555,"LIVESTOCK, KING",LIVESTOCK,B,KING,N,OTHER AQUIFER | KING,278,278,278,278,278,278
1467,213,"LIVESTOCK, KINNEY",LIVESTOCK,J,KINNEY,N,EDWARDS-BFZ AQUIFER | KINNEY,66,66,66,66,66,66
1467,239,"LIVESTOCK, KINNEY",LIVESTOCK,J,KINNEY,N,"EDWARDS-TRINITY-PLATEAU, PECOS VALLEY, AND TRINITY AQUIFERS | KINNEY",57,57,57,57,57,57
1467,412,"LIVESTOCK, KINNEY",LIVESTOCK,J,KINNEY,N,LOCAL SURFACE WATER SUPPLY,49,49,49,49,49,49
1467,885,"LIVESTOCK, KINNEY",LIVESTOCK,J,KINNEY,N,AUSTIN CHALK AQUIFER | KINNEY,108,108,108,108,108,108
1468,324,"LIVESTOCK, KLEBERG",LIVESTOCK,N,KLEBERG,N,GULF COAST AQUIFER SYSTEM | KLEBERG,532,532,532,532,532,532
1469,25,"LIVESTOCK, KNOX",LIVESTOCK,G,KNOX,N,BLAINE AQUIFER | KNOX,127,127,127,127,127,127
1469,412,"LIVESTOCK, KNOX",LIVESTOCK,G,KNOX,N,LOCAL SURFACE WATER SUPPLY,509,509,509,509,509,509
1470,412,"LIVESTOCK, LAMAR",LIVESTOCK,D,LAMAR,N,LOCAL SURFACE WATER SUPPLY,1000,1000,1000,1000,1000,1000
1470,674,"LIVESTOCK, LAMAR",LIVESTOCK,D,LAMAR,N,SULPHUR RUN-OF-RIVER,497,497,497,497,497,497
1470,788,"LIVESTOCK, LAMAR",LIVESTOCK,D,LAMAR,N,TRINITY AQUIFER | LAMAR,1,1,1,1,1,1
1470,845,"LIVESTOCK, LAMAR",LIVESTOCK,D,LAMAR,N,WOODBINE AQUIFER | LAMAR,0,0,0,0,0,0
1471,488,"LIVESTOCK, LAMB",LIVESTOCK,O,LAMB,N,OGALLALA AND EDWARDS-TRINITY-HIGH PLAINS AQUIFERS | LAMB,5157,5157,5157,5157,5157,5157
1472,265,"LIVESTOCK, LAMPASAS",LIVESTOCK,G,LAMPASAS,N,ELLENBURGER-SAN SABA AQUIFER | LAMPASAS,306,306,306,306,306,306
1472,412,"LIVESTOCK, LAMPASAS",LIVESTOCK,G,LAMPASAS,N,LOCAL SURFACE WATER SUPPLY,567,567,567,567,567,567
1473,100,"LIVESTOCK, LA SALLE",LIVESTOCK,L,LA SALLE,N,CARRIZO-WILCOX AQUIFER | LA SALLE,105,105,105,105,105,105
1473,412,"LIVESTOCK, LA SALLE",LIVESTOCK,L,LA SALLE,N,LOCAL SURFACE WATER SUPPLY,197,197,197,197,197,197
1473,628,"LIVESTOCK, LA SALLE",LIVESTOCK,L,LA SALLE,N,QUEEN CITY AQUIFER | LA SALLE,1,1,1,1,1,1
1473,1059,"LIVESTOCK, LA SALLE",LIVESTOCK,L,LA SALLE,N,YEGUA-JACKSON AQUIFER | LA SALLE,91,91,91,91,91,91
1474,325,"LIVESTOCK, LAVACA",LIVESTOCK,P,LAVACA,N,GULF COAST AQUIFER SYSTEM | LAVACA,3545,3545,3545,3545,3545,3545
1475,412,"LIVESTOCK, LEE",LIVESTOCK,G,LEE,N,LOCAL SURFACE WATER SUPPLY,983,983,983,983,983,983
1475,721,"LIVESTOCK, LEE",LIVESTOCK,G,LEE,N,SPARTA AQUIFER | LEE,422,422,422,422,422,422
1476,102,"LIVESTOCK, LEON",LIVESTOCK,H,LEON,N,CARRIZO-WILCOX AQUIFER | LEON,1847,1847,1847,1847,1847,1847
1476,630,"LIVESTOCK, LEON",LIVESTOCK,H,LEON,N,QUEEN CITY AQUIFER | LEON,517,517,517,517,517,517
1476,722,"LIVESTOCK, LEON",LIVESTOCK,H,LEON,N,SPARTA AQUIFER | LEON,101,101,101,101,101,101
1477,326,"LIVESTOCK, LIBERTY",LIVESTOCK,H,LIBERTY,N,GULF COAST AQUIFER SYSTEM | LIBERTY,449,449,449,449,449,449
1478,103,"LIVESTOCK, LIMESTONE",LIVESTOCK,G,LIMESTONE,N,CARRIZO-WILCOX AQUIFER | LIMESTONE,0,0,0,0,0,0
1478,412,"LIVESTOCK, LIMESTONE",LIVESTOCK,G,LIMESTONE,N,LOCAL SURFACE WATER SUPPLY,1730,1730,1730,1730,1730,1730
1479,412,"LIVESTOCK, LIPSCOMB",LIVESTOCK,A,LIPSCOMB,N,LOCAL SURFACE WATER SUPPLY,168,168,168,168,168,168
1479,489,"LIVESTOCK, LIPSCOMB",LIVESTOCK,A,LIPSCOMB,N,OGALLALA AQUIFER | LIPSCOMB,859,876,889,902,916,930
1480,327,"LIVESTOCK, LIVE OAK",LIVESTOCK,N,LIVE OAK,N,GULF COAST AQUIFER SYSTEM | LIVE OAK,529,529,529,529,529,529
1480,412,"LIVESTOCK, LIVE OAK",LIVESTOCK,N,LIVE OAK,N,LOCAL SURFACE WATER SUPPLY,122,122,122,122,122,122
1481,266,"LIVESTOCK, LLANO",LIVESTOCK,K,LLANO,N,ELLENBURGER-SAN SABA AQUIFER | LLANO,20,20,20,20,20,20
1481,362,"LIVESTOCK, LLANO",LIVESTOCK,K,LLANO,N,HICKORY AQUIFER | LLANO,179,179,179,179,179,179
1481,412,"LIVESTOCK, LLANO",LIVESTOCK,K,LLANO,N,LOCAL SURFACE WATER SUPPLY,414,414,414,414,414,414
1481,557,"LIVESTOCK, LLANO",LIVESTOCK,K,LLANO,N,OTHER AQUIFER | LLANO,138,138,138,138,138,138
1482,141,"LIVESTOCK, LOVING",LIVESTOCK,F,LOVING,N,EDWARDS-TRINITY-PLATEAU AND PECOS VALLEY AQUIFERS | LOVING,15,16,17,18,19,20
1482,186,"LIVESTOCK, LOVING",LIVESTOCK,F,LOVING,N,DOCKUM AQUIFER | LOVING,24,23,22,21,20,19
1482,412,"LIVESTOCK, LOVING",LIVESTOCK,F,LOVING,N,LOCAL SURFACE WATER SUPPLY,1,1,1,1,1,1
1483,490,"LIVESTOCK, LUBBOCK",LIVESTOCK,O,LUBBOCK,N,OGALLALA AND EDWARDS-TRINITY-HIGH PLAINS AQUIFERS | LUBBOCK,853,853,853,853,853,853
1484,491,"LIVESTOCK, LYNN",LIVESTOCK,O,LYNN,N,OGALLALA AND EDWARDS-TRINITY-HIGH PLAINS AQUIFERS | LYNN,77,77,77,77,77,77
1485,242,"LIVESTOCK, MCCULLOCH",LIVESTOCK,F,MCCULLOCH,N,"EDWARDS-TRINITY-PLATEAU, PECOS VALLEY, AND TRINITY AQUIFERS | MCCULLOCH",3,3,3,3,3,3
1485,268,"LIVESTOCK, MCCULLOCH",LIVESTOCK,F,MCCULLOCH,N,ELLENBURGER-SAN SABA AQUIFER | MCCULLOCH,154,170,170,170,170,170
1485,364,"LIVESTOCK, MCCULLOCH",LIVESTOCK,F,MCCULLOCH,N,HICKORY AQUIFER | MCCULLOCH,206,190,190,190,190,190
1485,412,"LIVESTOCK, MCCULLOCH",LIVESTOCK,F,MCCULLOCH,N,LOCAL SURFACE WATER SUPPLY,136,136,136,136,136,136
1485,560,"LIVESTOCK, MCCULLOCH",LIVESTOCK,F,MCCULLOCH,N,OTHER AQUIFER | MCCULLOCH,53,53,53,53,53,53
1486,48,"LIVESTOCK, MCLENNAN",LIVESTOCK,G,MCLENNAN,N,BRAZOS RIVER ALLUVIUM AQUIFER | MCLENNAN,314,314,314,314,314,314
1486,412,"LIVESTOCK, MCLENNAN",LIVESTOCK,G,MCLENNAN,N,LOCAL SURFACE WATER SUPPLY,1781,1781,1781,1781,1781,1781
1487,108,"LIVESTOCK, MCMULLEN",LIVESTOCK,N,MCMULLEN,N,CARRIZO-WILCOX AQUIFER | MCMULLEN,4,4,4,4,4,4
1487,329,"LIVESTOCK, MCMULLEN",LIVESTOCK,N,MCMULLEN,N,GULF COAST AQUIFER SYSTEM | MCMULLEN,56,56,56,56,56,56
1487,412,"LIVESTOCK, MCMULLEN",LIVESTOCK,N,MCMULLEN,N,LOCAL SURFACE WATER SUPPLY,215,215,215,215,215,215
1487,633,"LIVESTOCK, MCMULLEN",LIVESTOCK,N,MCMULLEN,N,QUEEN CITY AQUIFER | MCMULLEN,3,3,3,3,3,3
1488,1061,"LIVESTOCK, MADISON",LIVESTOCK,H,MADISON,N,YEGUA-JACKSON AQUIFER | MADISON,45,45,45,45,45,45
1489,106,"LIVESTOCK, MARION",LIVESTOCK,D,MARION,N,CARRIZO-WILCOX AQUIFER | MARION,130,130,130,130,130,130
1489,632,"LIVESTOCK, MARION",LIVESTOCK,D,MARION,N,QUEEN CITY AQUIFER | MARION,281,281,281,281,281,281
1490,412,"LIVESTOCK, MARTIN",LIVESTOCK,F,MARTIN,N,LOCAL SURFACE WATER SUPPLY,25,25,25,25,25,25
1490,492,"LIVESTOCK, MARTIN",LIVESTOCK,F,MARTIN,N,OGALLALA AND EDWARDS-TRINITY-HIGH PLAINS AQUIFERS | MARTIN,50,50,50,50,50,50
1491,267,"LIVESTOCK, MASON",LIVESTOCK,F,MASON,N,ELLENBURGER-SAN SABA AQUIFER | MASON,50,50,50,50,50,50
1491,363,"LIVESTOCK, MASON",LIVESTOCK,F,MASON,N,HICKORY AQUIFER | MASON,462,462,462,462,462,462
1491,412,"LIVESTOCK, MASON",LIVESTOCK,F,MASON,N,LOCAL SURFACE WATER SUPPLY,176,176,176,176,176,176
1492,328,"LIVESTOCK, MATAGORDA",LIVESTOCK,K,MATAGORDA,N,GULF COAST AQUIFER SYSTEM | MATAGORDA,711,711,711,711,711,711
1492,412,"LIVESTOCK, MATAGORDA",LIVESTOCK,K,MATAGORDA,N,LOCAL SURFACE WATER SUPPLY,544,544,544,544,544,544
1493,107,"LIVESTOCK, MAVERICK",LIVESTOCK,M,MAVERICK,N,CARRIZO-WILCOX AQUIFER | MAVERICK,40,40,40,40,0,0
1493,412,"LIVESTOCK, MAVERICK",LIVESTOCK,M,MAVERICK,N,LOCAL SURFACE WATER SUPPLY,433,433,433,433,473,473
1494,109,"LIVESTOCK, MEDINA",LIVESTOCK,L,MEDINA,N,CARRIZO-WILCOX AQUIFER | MEDINA,20,20,20,20,20,20
1494,214,"LIVESTOCK, MEDINA",LIVESTOCK,L,MEDINA,N,EDWARDS-BFZ AQUIFER | MEDINA,314,314,314,314,314,314
1494,412,"LIVESTOCK, MEDINA",LIVESTOCK,L,MEDINA,N,LOCAL SURFACE WATER SUPPLY,529,529,529,529,529,529
1494,792,"LIVESTOCK, MEDINA",LIVESTOCK,L,MEDINA,N,TRINITY AQUIFER | MEDINA,97,97,97,97,97,97
1494,958,"LIVESTOCK, MEDINA",LIVESTOCK,L,MEDINA,N,LEONA GRAVEL AQUIFER | MEDINA,98,98,98,98,98,98
1495,243,"LIVESTOCK, MENARD",LIVESTOCK,F,MENARD,N,"EDWARDS-TRINITY-PLATEAU, PECOS VALLEY, AND TRINITY AQUIFERS | MENARD",260,260,260,260,260,260
1495,269,"LIVESTOCK, MENARD",LIVESTOCK,F,MENARD,N,ELLENBURGER-SAN SABA AQUIFER | MENARD,6,6,6,6,6,6
1495,412,"LIVESTOCK, MENARD",LIVESTOCK,F,MENARD,N,LOCAL SURFACE WATER SUPPLY,49,49,49,49,49,49
1496,244,"LIVESTOCK, MIDLAND",LIVESTOCK,F,MIDLAND,N,"EDWARDS-TRINITY-PLATEAU, PECOS VALLEY, AND TRINITY AQUIFERS | MIDLAND",120,120,120,120,120,120
1496,412,"LIVESTOCK, MIDLAND",LIVESTOCK,F,MIDLAND,N,LOCAL SURFACE WATER SUPPLY,2,2,2,2,2,2
1496,493,"LIVESTOCK, MIDLAND",LIVESTOCK,F,MIDLAND,N,OGALLALA AQUIFER | MIDLAND,58,58,58,58,58,58
1497,110,"LIVESTOCK, MILAM",LIVESTOCK,G,MILAM,N,CARRIZO-WILCOX AQUIFER | MILAM,12,12,12,12,12,12
1497,412,"LIVESTOCK, MILAM",LIVESTOCK,G,MILAM,N,LOCAL SURFACE WATER SUPPLY,2127,2127,2127,2127,2127,2127
1498,270,"LIVESTOCK, MILLS",LIVESTOCK,K,MILLS,N,ELLENBURGER-SAN SABA AQUIFER | MILLS,75,75,75,75,75,75
1498,412,"LIVESTOCK, MILLS",LIVESTOCK,K,MILLS,N,LOCAL SURFACE WATER SUPPLY,681,681,681,681,681,681
1498,794,"LIVESTOCK, MILLS",LIVESTOCK,K,MILLS,N,TRINITY AQUIFER | MILLS,212,212,212,212,212,212
1499,188,"LIVESTOCK, MITCHELL",LIVESTOCK,F,MITCHELL,N,DOCKUM AQUIFER | MITCHELL,32,32,32,32,32,32
1499,412,"LIVESTOCK, MITCHELL",LIVESTOCK,F,MITCHELL,N,LOCAL SURFACE WATER SUPPLY,266,266,266,266,266,266
1499,562,"LIVESTOCK, MITCHELL",LIVESTOCK,F,MITCHELL,N,OTHER AQUIFER | MITCHELL,20,20,20,20,20,20
1500,412,"LIVESTOCK, MONTAGUE",LIVESTOCK,B,MONTAGUE,N,LOCAL SURFACE WATER SUPPLY,1400,1400,1400,1400,1400,1400
1500,795,"LIVESTOCK, MONTAGUE",LIVESTOCK,B,MONTAGUE,N,TRINITY AQUIFER | MONTAGUE,15,15,15,15,15,15
1500,1095,"LIVESTOCK, MONTAGUE",LIVESTOCK,B,MONTAGUE,N,CROSS TIMBERS AQUIFER | MONTAGUE,60,60,60,60,60,60
1501,330,"LIVESTOCK, MONTGOMERY",LIVESTOCK,H,MONTGOMERY,N,GULF COAST AQUIFER SYSTEM | MONTGOMERY,478,399,344,310,290,272
1502,412,"LIVESTOCK, MOORE",LIVESTOCK,A,MOORE,N,LOCAL SURFACE WATER SUPPLY,823,823,823,823,823,823
1502,494,"LIVESTOCK, MOORE",LIVESTOCK,A,MOORE,N,OGALLALA AQUIFER | MOORE,4719,4719,4719,4719,4719,4719
1503,111,"LIVESTOCK, MORRIS",LIVESTOCK,D,MORRIS,N,CARRIZO-WILCOX AQUIFER | MORRIS,63,63,63,63,63,63
1503,412,"LIVESTOCK, MORRIS",LIVESTOCK,D,MORRIS,N,LOCAL SURFACE WATER SUPPLY,1565,1565,1565,1565,1565,1565
1503,635,"LIVESTOCK, MORRIS",LIVESTOCK,D,MORRIS,N,QUEEN CITY AQUIFER | MORRIS,110,110,110,110,110,110
1504,495,"LIVESTOCK, MOTLEY",LIVESTOCK,O,MOTLEY,N,OGALLALA AQUIFER | MOTLEY,19,19,19,19,19,19
1504,564,"LIVESTOCK, MOTLEY",LIVESTOCK,O,MOTLEY,N,OTHER AQUIFER | MOTLEY,296,296,296,296,296,296
1504,915,"LIVESTOCK, MOTLEY",LIVESTOCK,O,MOTLEY,N,DOCKUM AQUIFER | MOTLEY,60,60,60,60,60,60
1505,112,"LIVESTOCK, NACOGDOCHES",LIVESTOCK,I,NACOGDOCHES,N,CARRIZO-WILCOX AQUIFER | NACOGDOCHES,851,851,851,851,851,851
1505,412,"LIVESTOCK, NACOGDOCHES",LIVESTOCK,I,NACOGDOCHES,N,LOCAL SURFACE WATER SUPPLY,8913,8913,8913,8913,8913,8913
1505,565,"LIVESTOCK, NACOGDOCHES",LIVESTOCK,I,NACOGDOCHES,N,OTHER AQUIFER | NACOGDOCHES,78,78,78,78,78,78
1505,636,"LIVESTOCK, NACOGDOCHES",LIVESTOCK,I,NACOGDOCHES,N,QUEEN CITY AQUIFER | NACOGDOCHES,310,310,310,310,310,310
1505,725,"LIVESTOCK, NACOGDOCHES",LIVESTOCK,I,NACOGDOCHES,N,SPARTA AQUIFER | NACOGDOCHES,156,156,156,156,156,156
1506,113,"LIVESTOCK, NAVARRO",LIVESTOCK,C,NAVARRO,N,CARRIZO-WILCOX AQUIFER | NAVARRO,10,10,10,10,10,10
1506,412,"LIVESTOCK, NAVARRO",LIVESTOCK,C,NAVARRO,N,LOCAL SURFACE WATER SUPPLY,1492,1492,1492,1492,1492,1492
1506,446,"LIVESTOCK, NAVARRO",LIVESTOCK,C,NAVARRO,N,NACATOCH AQUIFER | NAVARRO,10,10,10,10,10,10
1506,1115,"LIVESTOCK, NAVARRO",LIVESTOCK,C,NAVARRO,N,OTHER AQUIFER | NAVARRO,69,69,69,69,69,69
1507,331,"LIVESTOCK, NEWTON",LIVESTOCK,I,NEWTON,N,GULF COAST AQUIFER SYSTEM | NEWTON,105,105,105,105,105,105
1507,412,"LIVESTOCK, NEWTON",LIVESTOCK,I,NEWTON,N,LOCAL SURFACE WATER SUPPLY,157,157,157,157,157,157
1508,26,"LIVESTOCK, NOLAN",LIVESTOCK,G,NOLAN,N,BLAINE AQUIFER | NOLAN,100,100,100,100,100,100
1508,245,"LIVESTOCK, NOLAN",LIVESTOCK,G,NOLAN,N,"EDWARDS-TRINITY-PLATEAU, PECOS VALLEY, AND TRINITY AQUIFERS | NOLAN",45,45,45,45,45,45
1508,412,"LIVESTOCK, NOLAN",LIVESTOCK,G,NOLAN,N,LOCAL SURFACE WATER SUPPLY,137,137,137,137,137,137
1509,332,"LIVESTOCK, NUECES",LIVESTOCK,N,NUECES,N,GULF COAST AQUIFER SYSTEM | NUECES,188,188,189,189,189,189
1509,412,"LIVESTOCK, NUECES",LIVESTOCK,N,NUECES,N,LOCAL SURFACE WATER SUPPLY,30,30,29,29,29,29
1510,412,"LIVESTOCK, OCHILTREE",LIVESTOCK,A,OCHILTREE,N,LOCAL SURFACE WATER SUPPLY,443,443,443,443,443,443
1510,496,"LIVESTOCK, OCHILTREE",LIVESTOCK,A,OCHILTREE,N,OGALLALA AQUIFER | OCHILTREE,2835,2878,2909,2942,2975,3009
1511,191,"LIVESTOCK, OLDHAM",LIVESTOCK,A,OLDHAM,N,DOCKUM AQUIFER | OLDHAM,759,759,759,759,759,759
1511,412,"LIVESTOCK, OLDHAM",LIVESTOCK,A,OLDHAM,N,LOCAL SURFACE WATER SUPPLY,737,737,737,737,737,737
1511,497,"LIVESTOCK, OLDHAM",LIVESTOCK,A,OLDHAM,N,OGALLALA AQUIFER | OLDHAM,339,342,344,346,348,350
1512,333,"LIVESTOCK, ORANGE",LIVESTOCK,I,ORANGE,N,GULF COAST AQUIFER SYSTEM | ORANGE,251,251,251,251,251,251
1512,412,"LIVESTOCK, ORANGE",LIVESTOCK,I,ORANGE,N,LOCAL SURFACE WATER SUPPLY,98,98,98,98,98,98
1513,55,"LIVESTOCK, PALO PINTO",LIVESTOCK,G,PALO PINTO,N,BRAZOS RIVER AUTHORITY MAIN STEM LAKE/RESERVOIR SYSTEM,1087,1079,1072,1065,1058,1051
1513,412,"LIVESTOCK, PALO PINTO",LIVESTOCK,G,PALO PINTO,N,LOCAL SURFACE WATER SUPPLY,648,648,648,648,648,648
1513,797,"LIVESTOCK, PALO PINTO",LIVESTOCK,G,PALO PINTO,N,TRINITY AQUIFER | PALO PINTO,0,0,0,0,0,0
1514,114,"LIVESTOCK, PANOLA",LIVESTOCK,I,PANOLA,N,CARRIZO-WILCOX AQUIFER | PANOLA,595,620,645,666,686,704
1514,412,"LIVESTOCK, PANOLA",LIVESTOCK,I,PANOLA,N,LOCAL SURFACE WATER SUPPLY,2596,2596,2596,2596,2596,2596
1515,412,"LIVESTOCK, PARKER",LIVESTOCK,C,PARKER,N,LOCAL SURFACE WATER SUPPLY,1381,1381,1381,1381,1381,1381
1515,798,"LIVESTOCK, PARKER",LIVESTOCK,C,PARKER,N,TRINITY AQUIFER | PARKER,122,122,122,122,122,122
1516,498,"LIVESTOCK, PARMER",LIVESTOCK,O,PARMER,N,OGALLALA AND EDWARDS-TRINITY-HIGH PLAINS AQUIFERS | PARMER,7631,7631,7631,7631,7631,7631
1516,916,"LIVESTOCK, PARMER",LIVESTOCK,O,PARMER,N,DOCKUM AQUIFER | PARMER,1225,1225,1225,1225,1225,1225
1517,68,"LIVESTOCK, PECOS",LIVESTOCK,F,PECOS,N,CAPITAN REEF COMPLEX AQUIFER | PECOS,12,12,12,12,12,12
1517,246,"LIVESTOCK, PECOS",LIVESTOCK,F,PECOS,N,"EDWARDS-TRINITY-PLATEAU, PECOS VALLEY, AND TRINITY AQUIFERS | PECOS",532,532,532,532,532,532
1517,412,"LIVESTOCK, PECOS",LIVESTOCK,F,PECOS,N,LOCAL SURFACE WATER SUPPLY,32,32,32,32,32,32
1517,569,"LIVESTOCK, PECOS",LIVESTOCK,F,PECOS,N,OTHER AQUIFER | PECOS,21,21,21,21,21,21
1517,681,"LIVESTOCK, PECOS",LIVESTOCK,F,PECOS,N,RUSTLER AQUIFER | PECOS,12,12,12,12,12,12
1518,334,"LIVESTOCK, POLK",LIVESTOCK,H,POLK,Y,GULF COAST AQUIFER SYSTEM | POLK,194,194,194,194,194,194
1518,334,"LIVESTOCK, POLK",LIVESTOCK,I,POLK,Y,GULF COAST AQUIFER SYSTEM | POLK,1,1,1,1,1,1
1518,412,"LIVESTOCK, POLK",LIVESTOCK,I,POLK,Y,LOCAL SURFACE WATER SUPPLY,147,147,147,147,147,147
1518,864,"LIVESTOCK, POLK",LIVESTOCK,I,POLK,Y,YEGUA-JACKSON AQUIFER | POLK,11,11,11,11,11,11
1519,193,"LIVESTOCK, POTTER",LIVESTOCK,A,POTTER,N,DOCKUM AQUIFER | POTTER,37,37,37,37,37,37
1519,412,"LIVESTOCK, POTTER",LIVESTOCK,A,POTTER,N,LOCAL SURFACE WATER SUPPLY,154,154,154,154,154,154
1519,499,"LIVESTOCK, POTTER",LIVESTOCK,A,POTTER,N,OGALLALA AQUIFER | POTTER,406,406,406,406,406,406
1520,380,"LIVESTOCK, PRESIDIO",LIVESTOCK,E,PRESIDIO,N,IGNEOUS AQUIFER | PRESIDIO,270,270,270,270,270,270
1520,412,"LIVESTOCK, PRESIDIO",LIVESTOCK,E,PRESIDIO,N,LOCAL SURFACE WATER SUPPLY,49,49,49,49,49,49
1520,826,"LIVESTOCK, PRESIDIO",LIVESTOCK,E,PRESIDIO,N,WEST TEXAS BOLSONS AQUIFER | PRESIDIO,171,171,171,171,171,171
1521,115,"LIVESTOCK, RAINS",LIVESTOCK,D,RAINS,N,CARRIZO-WILCOX AQUIFER | RAINS,29,29,29,29,29,29
1521,412,"LIVESTOCK, RAINS",LIVESTOCK,D,RAINS,N,LOCAL SURFACE WATER SUPPLY,544,544,544,544,544,544
1522,194,"LIVESTOCK, RANDALL",LIVESTOCK,A,RANDALL,N,DOCKUM AQUIFER | RANDALL,543,543,543,543,543,543
1522,412,"LIVESTOCK, RANDALL",LIVESTOCK,A,RANDALL,N,LOCAL SURFACE WATER SUPPLY,908,908,908,908,908,908
1522,500,"LIVESTOCK, RANDALL",LIVESTOCK,A,RANDALL,N,OGALLALA AQUIFER | RANDALL,1327,1341,1352,1363,1374,1386
1523,247,"LIVESTOCK, REAGAN",LIVESTOCK,F,REAGAN,N,"EDWARDS-TRINITY-PLATEAU, PECOS VALLEY, AND TRINITY AQUIFERS | REAGAN",254,254,254,254,254,254
1523,412,"LIVESTOCK, REAGAN",LIVESTOCK,F,REAGAN,N,LOCAL SURFACE WATER SUPPLY,40,40,40,40,40,40
1524,248,"LIVESTOCK, REAL",LIVESTOCK,J,REAL,N,"EDWARDS-TRINITY-PLATEAU, PECOS VALLEY, AND TRINITY AQUIFERS | REAL",209,209,209,209,209,209
1524,412,"LIVESTOCK, REAL",LIVESTOCK,J,REAL,N,LOCAL SURFACE WATER SUPPLY,52,52,52,52,52,52
1525,32,"LIVESTOCK, RED RIVER",LIVESTOCK,D,RED RIVER,N,BLOSSOM AQUIFER | RED RIVER,64,64,64,64,64,64
1525,412,"LIVESTOCK, RED RIVER",LIVESTOCK,D,RED RIVER,N,LOCAL SURFACE WATER SUPPLY,1756,1756,1756,1756,1756,1756
1525,448,"LIVESTOCK, RED RIVER",LIVESTOCK,D,RED RIVER,N,NACATOCH AQUIFER | RED RIVER,169,169,169,169,169,169
1525,850,"LIVESTOCK, RED RIVER",LIVESTOCK,D,RED RIVER,N,WOODBINE AQUIFER | RED RIVER,2,2,2,2,2,2
1526,196,"LIVESTOCK, REEVES",LIVESTOCK,F,REEVES,N,DOCKUM AQUIFER | REEVES,18,18,18,18,18,18
1526,1001,"LIVESTOCK, REEVES",LIVESTOCK,F,REEVES,N,EDWARDS-TRINITY-PLATEAU AND PECOS VALLEY AQUIFERS | REEVES,275,275,275,275,275,275
1526,1107,"LIVESTOCK, REEVES",LIVESTOCK,F,REEVES,N,IGNEOUS AQUIFER | REEVES,16,16,16,16,16,16
1527,335,"LIVESTOCK, REFUGIO",LIVESTOCK,L,REFUGIO,N,GULF COAST AQUIFER SYSTEM | REFUGIO,230,230,230,230,230,230
1527,412,"LIVESTOCK, REFUGIO",LIVESTOCK,L,REFUGIO,N,LOCAL SURFACE WATER SUPPLY,231,231,231,231,231,231
1528,412,"LIVESTOCK, ROBERTS",LIVESTOCK,A,ROBERTS,N,LOCAL SURFACE WATER SUPPLY,66,66,66,66,66,66
1528,501,"LIVESTOCK, ROBERTS",LIVESTOCK,A,ROBERTS,N,OGALLALA AQUIFER | ROBERTS,384,394,404,414,424,428
1529,117,"LIVESTOCK, ROBERTSON",LIVESTOCK,G,ROBERTSON,N,CARRIZO-WILCOX AQUIFER | ROBERTSON,1107,1107,1107,1107,1107,1107
1529,412,"LIVESTOCK, ROBERTSON",LIVESTOCK,G,ROBERTSON,N,LOCAL SURFACE WATER SUPPLY,2583,2583,2583,2583,2583,2583
1530,412,"LIVESTOCK, ROCKWALL",LIVESTOCK,C,ROCKWALL,N,LOCAL SURFACE WATER SUPPLY,136,136,136,136,136,136
1531,407,"LIVESTOCK, RUNNELS",LIVESTOCK,F,RUNNELS,N,LIPAN AQUIFER | RUNNELS,26,26,26,26,26,26
1531,412,"LIVESTOCK, RUNNELS",LIVESTOCK,F,RUNNELS,N,LOCAL SURFACE WATER SUPPLY,383,383,383,383,383,383
1531,575,"LIVESTOCK, RUNNELS",LIVESTOCK,F,RUNNELS,N,OTHER AQUIFER | RUNNELS,270,270,270,270,270,270
1532,118,"LIVESTOCK, RUSK",LIVESTOCK,I,RUSK,N,CARRIZO-WILCOX AQUIFER | RUSK,545,545,545,545,545,545
1532,412,"LIVESTOCK, RUSK",LIVESTOCK,I,RUSK,N,LOCAL SURFACE WATER SUPPLY,1415,1415,1415,1415,1415,1415
1532,638,"LIVESTOCK, RUSK",LIVESTOCK,I,RUSK,N,QUEEN CITY AQUIFER | RUSK,33,33,33,33,33,33
1533,119,"LIVESTOCK, SABINE",LIVESTOCK,I,SABINE,N,CARRIZO-WILCOX AQUIFER | SABINE,137,181,181,181,181,181
1533,412,"LIVESTOCK, SABINE",LIVESTOCK,I,SABINE,N,LOCAL SURFACE WATER SUPPLY,201,201,201,201,201,201
1533,727,"LIVESTOCK, SABINE",LIVESTOCK,I,SABINE,N,SPARTA AQUIFER | SABINE,34,39,40,40,41,41
1533,865,"LIVESTOCK, SABINE",LIVESTOCK,I,SABINE,N,YEGUA-JACKSON AQUIFER | SABINE,112,148,148,148,148,148
1534,120,"LIVESTOCK, SAN AUGUSTINE",LIVESTOCK,I,SAN AUGUSTINE,N,CARRIZO-WILCOX AQUIFER | SAN AUGUSTINE,208,226,242,254,264,272
1534,412,"LIVESTOCK, SAN AUGUSTINE",LIVESTOCK,I,SAN AUGUSTINE,N,LOCAL SURFACE WATER SUPPLY,1299,1299,1299,1299,1299,1299
1534,577,"LIVESTOCK, SAN AUGUSTINE",LIVESTOCK,I,SAN AUGUSTINE,N,OTHER AQUIFER | SAN AUGUSTINE,61,73,72,77,79,79
1534,728,"LIVESTOCK, SAN AUGUSTINE",LIVESTOCK,I,SAN AUGUSTINE,N,SPARTA AQUIFER | SAN AUGUSTINE,80,80,80,80,80,80
1535,337,"LIVESTOCK, SAN JACINTO",LIVESTOCK,H,SAN JACINTO,N,GULF COAST AQUIFER SYSTEM | SAN JACINTO,345,345,345,345,345,345
1536,338,"LIVESTOCK, SAN PATRICIO",LIVESTOCK,N,SAN PATRICIO,N,GULF COAST AQUIFER SYSTEM | SAN PATRICIO,233,233,233,233,233,233
1536,412,"LIVESTOCK, SAN PATRICIO",LIVESTOCK,N,SAN PATRICIO,N,LOCAL SURFACE WATER SUPPLY,45,45,45,45,45,45
1537,271,"LIVESTOCK, SAN SABA",LIVESTOCK,K,SAN SABA,N,ELLENBURGER-SAN SABA AQUIFER | SAN SABA,224,224,224,224,224,224
1537,367,"LIVESTOCK, SAN SABA",LIVESTOCK,K,SAN SABA,N,HICKORY AQUIFER | SAN SABA,125,125,125,125,125,125
1537,412,"LIVESTOCK, SAN SABA",LIVESTOCK,K,SAN SABA,N,LOCAL SURFACE WATER SUPPLY,534,534,534,534,534,534
1537,423,"LIVESTOCK, SAN SABA",LIVESTOCK,K,SAN SABA,N,MARBLE FALLS AQUIFER | SAN SABA,10,10,10,10,10,10
1538,250,"LIVESTOCK, SCHLEICHER",LIVESTOCK,F,SCHLEICHER,N,"EDWARDS-TRINITY-PLATEAU, PECOS VALLEY, AND TRINITY AQUIFERS | SCHLEICHER",398,398,398,398,398,398
1538,412,"LIVESTOCK, SCHLEICHER",LIVESTOCK,F,SCHLEICHER,N,LOCAL SURFACE WATER SUPPLY,24,24,24,24,24,24
1539,197,"LIVESTOCK, SCURRY",LIVESTOCK,F,SCURRY,N,DOCKUM AQUIFER | SCURRY,75,75,75,75,75,75
1539,412,"LIVESTOCK, SCURRY",LIVESTOCK,F,SCURRY,N,LOCAL SURFACE WATER SUPPLY,370,370,370,370,370,370
1539,578,"LIVESTOCK, SCURRY",LIVESTOCK,F,SCURRY,N,OTHER AQUIFER | SCURRY,4,4,4,4,4,4
1540,412,"LIVESTOCK, SHACKELFORD",LIVESTOCK,G,SHACKELFORD,N,LOCAL SURFACE WATER SUPPLY,591,591,591,591,591,591
1540,655,"LIVESTOCK, SHACKELFORD",LIVESTOCK,G,SHACKELFORD,N,BRAZOS RUN-OF-RIVER,84,84,84,84,84,84
1540,1096,"LIVESTOCK, SHACKELFORD",LIVESTOCK,G,SHACKELFORD,N,CROSS TIMBERS AQUIFER | SHACKELFORD,7,7,7,7,7,7
1541,121,"LIVESTOCK, SHELBY",LIVESTOCK,I,SHELBY,N,CARRIZO-WILCOX AQUIFER | SHELBY,1750,1799,1911,1992,2074,2159
1541,412,"LIVESTOCK, SHELBY",LIVESTOCK,I,SHELBY,N,LOCAL SURFACE WATER SUPPLY,10269,10269,10269,10269,10269,10269
1542,412,"LIVESTOCK, SHERMAN",LIVESTOCK,A,SHERMAN,N,LOCAL SURFACE WATER SUPPLY,646,646,646,646,646,646
1542,502,"LIVESTOCK, SHERMAN",LIVESTOCK,A,SHERMAN,N,OGALLALA AQUIFER | SHERMAN,3970,4091,4159,4228,4300,4373
1543,412,"LIVESTOCK, SMITH",LIVESTOCK,I,SMITH,Y,LOCAL SURFACE WATER SUPPLY,313,313,313,313,313,313
1543,639,"LIVESTOCK, SMITH",LIVESTOCK,D,SMITH,Y,QUEEN CITY AQUIFER | SMITH,465,465,465,465,465,465
1543,639,"LIVESTOCK, SMITH",LIVESTOCK,I,SMITH,Y,QUEEN CITY AQUIFER | SMITH,500,500,500,500,500,500
1544,412,"LIVESTOCK, SOMERVELL",LIVESTOCK,G,SOMERVELL,N,LOCAL SURFACE WATER SUPPLY,130,130,130,130,130,130
1544,802,"LIVESTOCK, SOMERVELL",LIVESTOCK,G,SOMERVELL,N,TRINITY AQUIFER | SOMERVELL,0,0,0,0,0,0
1545,339,"LIVESTOCK, STARR",LIVESTOCK,M,STARR,N,GULF COAST AQUIFER SYSTEM | STARR,927,927,927,927,927,927
1545,412,"LIVESTOCK, STARR",LIVESTOCK,M,STARR,N,LOCAL SURFACE WATER SUPPLY,75,75,75,75,75,75
1546,412,"LIVESTOCK, STEPHENS",LIVESTOCK,G,STEPHENS,N,LOCAL SURFACE WATER SUPPLY,550,550,550,550,550,550
1547,251,"LIVESTOCK, STERLING",LIVESTOCK,F,STERLING,N,"EDWARDS-TRINITY-PLATEAU, PECOS VALLEY, AND TRINITY AQUIFERS | STERLING",222,222,222,222,222,222
1547,412,"LIVESTOCK, STERLING",LIVESTOCK,F,STERLING,N,LOCAL SURFACE WATER SUPPLY,26,26,26,26,26,26
1548,27,"LIVESTOCK, STONEWALL",LIVESTOCK,G,STONEWALL,N,BLAINE AQUIFER | STONEWALL,350,350,350,350,350,350
1548,412,"LIVESTOCK, STONEWALL",LIVESTOCK,G,STONEWALL,N,LOCAL SURFACE WATER SUPPLY,88,88,88,88,88,88
1549,252,"LIVESTOCK, SUTTON",LIVESTOCK,F,SUTTON,N,"EDWARDS-TRINITY-PLATEAU, PECOS VALLEY, AND TRINITY AQUIFERS | SUTTON",406,406,406,406,406,406
1549,412,"LIVESTOCK, SUTTON",LIVESTOCK,F,SUTTON,N,LOCAL SURFACE WATER SUPPLY,9,9,9,9,9,9
1550,503,"LIVESTOCK, SWISHER",LIVESTOCK,O,SWISHER,N,OGALLALA AND EDWARDS-TRINITY-HIGH PLAINS AQUIFERS | SWISHER,3304,3304,3304,3304,3304,3304
1551,412,"LIVESTOCK, TARRANT",LIVESTOCK,C,TARRANT,N,LOCAL SURFACE WATER SUPPLY,351,351,351,351,351,351
1551,803,"LIVESTOCK, TARRANT",LIVESTOCK,C,TARRANT,N,TRINITY AQUIFER | TARRANT,50,50,50,50,50,50
1552,412,"LIVESTOCK, TAYLOR",LIVESTOCK,G,TAYLOR,N,LOCAL SURFACE WATER SUPPLY,915,915,915,915,915,915
1553,254,"LIVESTOCK, TERRELL",LIVESTOCK,E,TERRELL,N,"EDWARDS-TRINITY-PLATEAU, PECOS VALLEY, AND TRINITY AQUIFERS | TERRELL",179,179,179,179,179,179
1553,412,"LIVESTOCK, TERRELL",LIVESTOCK,E,TERRELL,N,LOCAL SURFACE WATER SUPPLY,4,4,4,4,4,4
1554,504,"LIVESTOCK, TERRY",LIVESTOCK,O,TERRY,N,OGALLALA AND EDWARDS-TRINITY-HIGH PLAINS AQUIFERS | TERRY,1020,1020,1020,1020,1020,1020
1555,412,"LIVESTOCK, THROCKMORTON",LIVESTOCK,G,THROCKMORTON,N,LOCAL SURFACE WATER SUPPLY,734,734,734,734,734,734
1556,123,"LIVESTOCK, TITUS",LIVESTOCK,D,TITUS,N,CARRIZO-WILCOX AQUIFER | TITUS,608,608,608,608,608,608
1556,412,"LIVESTOCK, TITUS",LIVESTOCK,D,TITUS,N,LOCAL SURFACE WATER SUPPLY,2433,2433,2433,2433,2433,2433
1556,674,"LIVESTOCK, TITUS",LIVESTOCK,D,TITUS,N,SULPHUR RUN-OF-RIVER,1,1,1,1,1,1
1557,255,"LIVESTOCK, TOM GREEN",LIVESTOCK,F,TOM GREEN,N,"EDWARDS-TRINITY-PLATEAU, PECOS VALLEY, AND TRINITY AQUIFERS | TOM GREEN",592,592,592,592,592,592
1557,408,"LIVESTOCK, TOM GREEN",LIVESTOCK,F,TOM GREEN,N,LIPAN AQUIFER | TOM GREEN,73,73,73,73,73,73
1557,412,"LIVESTOCK, TOM GREEN",LIVESTOCK,F,TOM GREEN,N,LOCAL SURFACE WATER SUPPLY,209,209,209,209,209,209
1558,412,"LIVESTOCK, TRAVIS",LIVESTOCK,K,TRAVIS,N,LOCAL SURFACE WATER SUPPLY,481,481,481,481,481,481
1558,805,"LIVESTOCK, TRAVIS",LIVESTOCK,K,TRAVIS,N,TRINITY AQUIFER | TRAVIS,46,46,46,46,46,46
1559,412,"LIVESTOCK, TRINITY",LIVESTOCK,I,TRINITY,Y,LOCAL SURFACE WATER SUPPLY,187,187,187,187,187,187
1559,868,"LIVESTOCK, TRINITY",LIVESTOCK,H,TRINITY,Y,YEGUA-JACKSON AQUIFER | TRINITY,169,169,169,169,169,169
1559,868,"LIVESTOCK, TRINITY",LIVESTOCK,I,TRINITY,Y,YEGUA-JACKSON AQUIFER | TRINITY,71,98,98,98,98,98
1560,341,"LIVESTOCK, TYLER",LIVESTOCK,I,TYLER,N,GULF COAST AQUIFER SYSTEM | TYLER,85,85,85,85,85,85
1560,412,"LIVESTOCK, TYLER",LIVESTOCK,I,TYLER,N,LOCAL SURFACE WATER SUPPLY,183,183,183,183,183,183
1561,125,"LIVESTOCK, UPSHUR",LIVESTOCK,D,UPSHUR,N,CARRIZO-WILCOX AQUIFER | UPSHUR,255,255,255,255,255,255
1561,412,"LIVESTOCK, UPSHUR",LIVESTOCK,D,UPSHUR,N,LOCAL SURFACE WATER SUPPLY,1443,1443,1443,1443,1443,1443
1562,256,"LIVESTOCK, UPTON",LIVESTOCK,F,UPTON,N,"EDWARDS-TRINITY-PLATEAU, PECOS VALLEY, AND TRINITY AQUIFERS | UPTON",121,121,121,121,121,121
1563,216,"LIVESTOCK, UVALDE",LIVESTOCK,L,UVALDE,N,EDWARDS-BFZ AQUIFER | UVALDE,989,989,989,989,989,989
1563,257,"LIVESTOCK, UVALDE",LIVESTOCK,L,UVALDE,N,"EDWARDS-TRINITY-PLATEAU, PECOS VALLEY, AND TRINITY AQUIFERS | UVALDE",9,9,9,9,9,9
1563,412,"LIVESTOCK, UVALDE",LIVESTOCK,L,UVALDE,N,LOCAL SURFACE WATER SUPPLY,1025,1025,1025,1025,1025,1025
1563,806,"LIVESTOCK, UVALDE",LIVESTOCK,L,UVALDE,N,TRINITY AQUIFER | UVALDE,9,9,9,9,9,9
1563,959,"LIVESTOCK, UVALDE",LIVESTOCK,L,UVALDE,N,LEONA GRAVEL AQUIFER | UVALDE,17,17,17,17,17,17
1564,258,"LIVESTOCK, VAL VERDE",LIVESTOCK,J,VAL VERDE,N,"EDWARDS-TRINITY-PLATEAU, PECOS VALLEY, AND TRINITY AQUIFERS | VAL VERDE",467,467,467,467,467,467
1564,412,"LIVESTOCK, VAL VERDE",LIVESTOCK,J,VAL VERDE,N,LOCAL SURFACE WATER SUPPLY,25,25,25,25,25,25
1565,127,"LIVESTOCK, VAN ZANDT",LIVESTOCK,D,VAN ZANDT,N,CARRIZO-WILCOX AQUIFER | VAN ZANDT,237,235,236,236,231,232
1565,412,"LIVESTOCK, VAN ZANDT",LIVESTOCK,D,VAN ZANDT,N,LOCAL SURFACE WATER SUPPLY,1539,1539,1539,1539,1539,1539
1566,342,"LIVESTOCK, VICTORIA",LIVESTOCK,L,VICTORIA,N,GULF COAST AQUIFER SYSTEM | VICTORIA,488,488,488,488,488,488
1566,412,"LIVESTOCK, VICTORIA",LIVESTOCK,L,VICTORIA,N,LOCAL SURFACE WATER SUPPLY,491,491,491,491,491,491
1567,343,"LIVESTOCK, WALKER",LIVESTOCK,H,WALKER,N,GULF COAST AQUIFER SYSTEM | WALKER,563,563,563,563,563,563
1567,642,"LIVESTOCK, WALKER",LIVESTOCK,H,WALKER,N,QUEEN CITY AQUIFER | WALKER,109,109,109,109,109,109
1567,870,"LIVESTOCK, WALKER",LIVESTOCK,H,WALKER,N,YEGUA-JACKSON AQUIFER | WALKER,109,109,109,109,109,109
1568,51,"LIVESTOCK, WALLER",LIVESTOCK,H,WALLER,N,BRAZOS RIVER ALLUVIUM AQUIFER | WALLER,111,111,111,111,111,111
1568,344,"LIVESTOCK, WALLER",LIVESTOCK,H,WALLER,N,GULF COAST AQUIFER SYSTEM | WALLER,1075,1075,1075,1075,1075,1075
1569,145,"LIVESTOCK, WARD",LIVESTOCK,F,WARD,N,EDWARDS-TRINITY-PLATEAU AND PECOS VALLEY AQUIFERS | WARD,61,61,61,61,61,61
1569,202,"LIVESTOCK, WARD",LIVESTOCK,F,WARD,N,DOCKUM AQUIFER | WARD,5,5,5,5,5,5
1569,412,"LIVESTOCK, WARD",LIVESTOCK,F,WARD,N,LOCAL SURFACE WATER SUPPLY,4,4,4,4,4,4
1570,345,"LIVESTOCK, WASHINGTON",LIVESTOCK,G,WASHINGTON,N,GULF COAST AQUIFER SYSTEM | WASHINGTON,176,176,176,176,176,176
1570,412,"LIVESTOCK, WASHINGTON",LIVESTOCK,G,WASHINGTON,N,LOCAL SURFACE WATER SUPPLY,1588,1588,1588,1588,1588,1588
1571,6,"LIVESTOCK, WEBB",LIVESTOCK,M,WEBB,N,AMISTAD-FALCON LAKE/RESERVOIR SYSTEM,50,50,50,50,50,50
1571,346,"LIVESTOCK, WEBB",LIVESTOCK,M,WEBB,N,GULF COAST AQUIFER SYSTEM | WEBB,35,35,35,35,35,35
1571,412,"LIVESTOCK, WEBB",LIVESTOCK,M,WEBB,N,LOCAL SURFACE WATER SUPPLY,801,801,801,801,801,801
1572,347,"LIVESTOCK, WHARTON",LIVESTOCK,K,WHARTON,Y,GULF COAST AQUIFER SYSTEM | WHARTON,615,615,615,615,615,615
1572,347,"LIVESTOCK, WHARTON",LIVESTOCK,P,WHARTON,Y,GULF COAST AQUIFER SYSTEM | WHARTON,503,503,503,503,503,503
1572,412,"LIVESTOCK, WHARTON",LIVESTOCK,K,WHARTON,Y,LOCAL SURFACE WATER SUPPLY,338,338,338,338,338,338
1573,412,"LIVESTOCK, WHEELER",LIVESTOCK,A,WHEELER,N,LOCAL SURFACE WATER SUPPLY,437,437,437,437,437,437
1573,505,"LIVESTOCK, WHEELER",LIVESTOCK,A,WHEELER,N,OGALLALA AQUIFER | WHEELER,840,881,899,917,935,954
1573,592,"LIVESTOCK, WHEELER",LIVESTOCK,A,WHEELER,N,OTHER AQUIFER | WHEELER,28,28,28,28,28,28
1574,412,"LIVESTOCK, WICHITA",LIVESTOCK,B,WICHITA,N,LOCAL SURFACE WATER SUPPLY,682,682,682,682,682,682
1574,1098,"LIVESTOCK, WICHITA",LIVESTOCK,B,WICHITA,N,CROSS TIMBERS AQUIFER | WICHITA,36,36,36,36,36,36
1575,412,"LIVESTOCK, WILBARGER",LIVESTOCK,B,WILBARGER,N,LOCAL SURFACE WATER SUPPLY,585,585,585,585,585,585
1575,685,"LIVESTOCK, WILBARGER",LIVESTOCK,B,WILBARGER,N,SANTA ROSA LAKE/RESERVOIR,920,920,920,920,920,920
1575,706,"LIVESTOCK, WILBARGER",LIVESTOCK,B,WILBARGER,N,SEYMOUR AQUIFER | WILBARGER,195,195,195,195,195,195
1576,6,"LIVESTOCK, WILLACY",LIVESTOCK,M,WILLACY,N,AMISTAD-FALCON LAKE/RESERVOIR SYSTEM,235,235,140,140,140,140
1576,348,"LIVESTOCK, WILLACY",LIVESTOCK,M,WILLACY,N,GULF COAST AQUIFER SYSTEM | WILLACY,74,74,74,74,74,74
1577,412,"LIVESTOCK, WILLIAMSON",LIVESTOCK,G,WILLIAMSON,Y,LOCAL SURFACE WATER SUPPLY,1545,1545,1545,1545,1545,1545
1577,412,"LIVESTOCK, WILLIAMSON",LIVESTOCK,K,WILLIAMSON,Y,LOCAL SURFACE WATER SUPPLY,16,16,16,16,16,16
1577,807,"LIVESTOCK, WILLIAMSON",LIVESTOCK,K,WILLIAMSON,Y,TRINITY AQUIFER | WILLIAMSON,0,0,0,0,0,0
1577,891,"LIVESTOCK, WILLIAMSON",LIVESTOCK,G,WILLIAMSON,Y,CARRIZO-WILCOX AQUIFER | WILLIAMSON,0,0,0,0,0,0
1578,130,"LIVESTOCK, WILSON",LIVESTOCK,L,WILSON,N,CARRIZO-WILCOX AQUIFER | WILSON,458,458,458,458,458,458
1578,412,"LIVESTOCK, WILSON",LIVESTOCK,L,WILSON,N,LOCAL SURFACE WATER SUPPLY,856,856,856,856,856,856
1578,643,"LIVESTOCK, WILSON",LIVESTOCK,L,WILSON,N,QUEEN CITY AQUIFER | WILSON,168,168,168,168,168,168
1578,731,"LIVESTOCK, WILSON",LIVESTOCK,L,WILSON,N,SPARTA AQUIFER | WILSON,94,94,94,94,94,94
1578,1063,"LIVESTOCK, WILSON",LIVESTOCK,L,WILSON,N,YEGUA-JACKSON AQUIFER | WILSON,133,133,133,133,133,133
1579,203,"LIVESTOCK, WINKLER",LIVESTOCK,F,WINKLER,N,DOCKUM AQUIFER | WINKLER,7,7,7,7,7,7
1579,412,"LIVESTOCK, WINKLER",LIVESTOCK,F,WINKLER,N,LOCAL SURFACE WATER SUPPLY,2,2,2,2,2,2
1579,1002,"LIVESTOCK, WINKLER",LIVESTOCK,F,WINKLER,N,EDWARDS-TRINITY-PLATEAU AND PECOS VALLEY AQUIFERS | WINKLER,91,91,91,91,91,91
1580,412,"LIVESTOCK, WISE",LIVESTOCK,C,WISE,N,LOCAL SURFACE WATER SUPPLY,1210,1210,1210,1210,1210,1210
1580,808,"LIVESTOCK, WISE",LIVESTOCK,C,WISE,N,TRINITY AQUIFER | WISE,298,298,298,298,298,298
1581,412,"LIVESTOCK, WOOD",LIVESTOCK,D,WOOD,N,LOCAL SURFACE WATER SUPPLY,3070,3070,3070,3070,3070,3070
1581,644,"LIVESTOCK, WOOD",LIVESTOCK,D,WOOD,N,QUEEN CITY AQUIFER | WOOD,163,163,163,163,163,163
1581,669,"LIVESTOCK, WOOD",LIVESTOCK,D,WOOD,N,SABINE RUN-OF-RIVER,29,29,29,29,29,29
1582,506,"LIVESTOCK, YOAKUM",LIVESTOCK,O,YOAKUM,N,OGALLALA AND EDWARDS-TRINITY-HIGH PLAINS AQUIFERS | YOAKUM,121,121,121,121,121,121
1583,412,"LIVESTOCK, YOUNG",LIVESTOCK,B,YOUNG,Y,LOCAL SURFACE WATER SUPPLY,60,60,60,60,60,60
1583,412,"LIVESTOCK, YOUNG",LIVESTOCK,G,YOUNG,Y,LOCAL SURFACE WATER SUPPLY,603,603,603,603,603,603
1583,1074,"LIVESTOCK, YOUNG",LIVESTOCK,B,YOUNG,Y,CROSS TIMBERS AQUIFER | YOUNG,15,15,15,15,15,15
1583,1074,"LIVESTOCK, YOUNG",LIVESTOCK,G,YOUNG,Y,CROSS TIMBERS AQUIFER | YOUNG,151,151,151,151,151,151
1584,412,"LIVESTOCK, ZAPATA",LIVESTOCK,M,ZAPATA,N,LOCAL SURFACE WATER SUPPLY,145,145,145,145,145,145
1584,873,"LIVESTOCK, ZAPATA",LIVESTOCK,M,ZAPATA,N,YEGUA-JACKSON AQUIFER | ZAPATA,214,214,214,214,214,214
1585,132,"LIVESTOCK, ZAVALA",LIVESTOCK,L,ZAVALA,N,CARRIZO-WILCOX AQUIFER | ZAVALA,427,427,427,427,427,427
1585,412,"LIVESTOCK, ZAVALA",LIVESTOCK,L,ZAVALA,N,LOCAL SURFACE WATER SUPPLY,428,428,428,428,428,428
1586,410,LIVINGSTON,MUNICIPAL,H,POLK,N,LIVINGSTON-WALLISVILLE LAKE/RESERVOIR SYSTEM,3363,3363,3363,3363,3363,3363
1587,658,LLANO,MUNICIPAL,K,LLANO,N,COLORADO RUN-OF-RIVER,120,120,120,120,120,120
1588,80,LOCKHART,MUNICIPAL,L,CALDWELL,N,CARRIZO-WILCOX AQUIFER | CALDWELL,2967,3395,3395,3395,3395,3395
1589,416,LOCKNEY,MUNICIPAL,O,FLOYD,N,MACKENZIE LAKE/RESERVOIR,75,75,75,75,75,75
1589,476,LOCKNEY,MUNICIPAL,O,FLOYD,N,OGALLALA AND EDWARDS-TRINITY-HIGH PLAINS AQUIFERS | FLOYD,464,464,464,464,464,464
1591,188,CORIX UTILITIES TEXAS INC,MUNICIPAL,F,MITCHELL,Y,DOCKUM AQUIFER | MITCHELL,503,520,558,560,562,565
1591,261,CORIX UTILITIES TEXAS INC,MUNICIPAL,K,BLANCO,Y,ELLENBURGER-SAN SABA AQUIFER | BLANCO,0,0,0,0,0,0
1591,262,CORIX UTILITIES TEXAS INC,MUNICIPAL,K,BLANCO,Y,ELLENBURGER-SAN SABA AQUIFER | BURNET,8,7,7,6,6,5
1591,262,CORIX UTILITIES TEXAS INC,MUNICIPAL,K,BURNET,Y,ELLENBURGER-SAN SABA AQUIFER | BURNET,167,168,168,169,169,170
1591,305,CORIX UTILITIES TEXAS INC,MUNICIPAL,K,COLORADO,Y,GULF COAST AQUIFER SYSTEM | COLORADO,36,36,36,36,36,36
1591,328,CORIX UTILITIES TEXAS INC,MUNICIPAL,K,MATAGORDA,Y,GULF COAST AQUIFER SYSTEM | MATAGORDA,254,254,254,254,254,254
1591,345,CORIX UTILITIES TEXAS INC,MUNICIPAL,G,WASHINGTON,Y,GULF COAST AQUIFER SYSTEM | WASHINGTON,773,773,773,773,773,773
1591,359,CORIX UTILITIES TEXAS INC,MUNICIPAL,K,BURNET,Y,HICKORY AQUIFER | BURNET,23,23,23,23,23,23
1591,368,CORIX UTILITIES TEXAS INC,MUNICIPAL,G,LAMPASAS,Y,HIGHLAND LAKES LAKE/RESERVOIR SYSTEM,478,467,454,434,413,392
1591,368,CORIX UTILITIES TEXAS INC,MUNICIPAL,K,BURNET,Y,HIGHLAND LAKES LAKE/RESERVOIR SYSTEM,383,405,426,452,478,507
1591,368,CORIX UTILITIES TEXAS INC,MUNICIPAL,K,LLANO,Y,HIGHLAND LAKES LAKE/RESERVOIR SYSTEM,225,218,214,213,212,210
1591,368,CORIX UTILITIES TEXAS INC,MUNICIPAL,K,MILLS,Y,HIGHLAND LAKES LAKE/RESERVOIR SYSTEM,45,42,39,35,32,27
1591,368,CORIX UTILITIES TEXAS INC,MUNICIPAL,K,SAN SABA,Y,HIGHLAND LAKES LAKE/RESERVOIR SYSTEM,9,8,7,6,5,4
1591,521,CORIX UTILITIES TEXAS INC,MUNICIPAL,K,BURNET,Y,OTHER AQUIFER | BURNET,104,104,104,104,104,104
1591,871,CORIX UTILITIES TEXAS INC,MUNICIPAL,G,WASHINGTON,Y,YEGUA-JACKSON AQUIFER | WASHINGTON,0,0,0,0,0,0
1593,457,LONE STAR,MUNICIPAL,D,MORRIS,N,O' THE PINES LAKE/RESERVOIR,747,747,747,747,747,747
1594,315,LONGHORN TOWN UD,MUNICIPAL,H,HARRIS,N,GULF COAST AQUIFER SYSTEM | HARRIS,423,339,338,338,338,340
1595,368,LOOP 360 WSC,MUNICIPAL,K,TRAVIS,N,HIGHLAND LAKES LAKE/RESERVOIR SYSTEM,1250,1250,1250,1250,1250,1250
1596,188,LORAINE,MUNICIPAL,F,MITCHELL,N,DOCKUM AQUIFER | MITCHELL,188,169,123,119,114,109
1597,791,LORENA,MUNICIPAL,G,MCLENNAN,N,TRINITY AQUIFER | MCLENNAN,383,383,383,383,383,383
1597,818,LORENA,MUNICIPAL,G,MCLENNAN,N,WACO LAKE/RESERVOIR,560,560,560,560,560,560
1598,469,LORENZO,MUNICIPAL,O,CROSBY,N,OGALLALA AND EDWARDS-TRINITY-HIGH PLAINS AQUIFERS | CROSBY,904,904,904,904,904,904
1599,6,LOS FRESNOS,MUNICIPAL,M,CAMERON,N,AMISTAD-FALCON LAKE/RESERVOIR SYSTEM,715,715,715,715,715,715
1599,303,LOS FRESNOS,MUNICIPAL,M,CAMERON,N,GULF COAST AQUIFER SYSTEM | CAMERON,267,267,267,267,267,267
1603,371,LOVELADY,MUNICIPAL,I,HOUSTON,N,HOUSTON COUNTY LAKE/RESERVOIR,109,105,100,98,96,94
1603,860,LOVELADY,MUNICIPAL,I,HOUSTON,N,YEGUA-JACKSON AQUIFER | HOUSTON,133,133,133,133,133,133
1605,390,LUCAS,MUNICIPAL,C,COLLIN,N,TRINITY INDIRECT REUSE,1079,1088,973,883,839,813
1605,738,LUCAS,MUNICIPAL,C,COLLIN,N,TAWAKONI LAKE/RESERVOIR,67,65,58,52,49,47
1605,1068,LUCAS,MUNICIPAL,C,COLLIN,N,NORTH TEXAS MWD LAKE/RESERVOIR SYSTEM,1800,1717,1483,1297,1178,1100
1607,80,LULING,MUNICIPAL,L,CALDWELL,Y,CARRIZO-WILCOX AQUIFER | CALDWELL,774,1598,1598,1599,1599,1600
1607,80,LULING,MUNICIPAL,L,GONZALES,Y,CARRIZO-WILCOX AQUIFER | CALDWELL,7,14,14,13,13,12
1609,314,LUMBERTON MUD,MUNICIPAL,I,HARDIN,N,GULF COAST AQUIFER SYSTEM | HARDIN,3329,4054,4727,4617,4508,4401
1610,6,LYFORD,MUNICIPAL,M,WILLACY,N,AMISTAD-FALCON LAKE/RESERVOIR SYSTEM,588,588,588,588,588,588
1611,214,LYTLE,MUNICIPAL,L,ATASCOSA,Y,EDWARDS-BFZ AQUIFER | MEDINA,342,339,339,340,340,340
1611,214,LYTLE,MUNICIPAL,L,BEXAR,Y,EDWARDS-BFZ AQUIFER | MEDINA,33,35,35,36,38,39
1611,214,LYTLE,MUNICIPAL,L,MEDINA,Y,EDWARDS-BFZ AQUIFER | MEDINA,79,80,80,78,76,75
1613,810,MABANK,MUNICIPAL,C,HENDERSON,Y,TRWD LAKE/RESERVOIR SYSTEM,584,564,512,482,463,452
1613,810,MABANK,MUNICIPAL,C,KAUFMAN,Y,TRWD LAKE/RESERVOIR SYSTEM,1065,943,885,808,752,711
1613,810,MABANK,MUNICIPAL,D,VAN ZANDT,Y,TRWD LAKE/RESERVOIR SYSTEM,55,55,56,57,57,58
1614,127,MACBEE SUD,MUNICIPAL,D,VAN ZANDT,Y,CARRIZO-WILCOX AQUIFER | VAN ZANDT,66,58,60,61,60,62
1614,279,MACBEE SUD,MUNICIPAL,C,KAUFMAN,Y,FORK LAKE/RESERVOIR,61,60,60,58,55,53
1614,279,MACBEE SUD,MUNICIPAL,D,HUNT,Y,FORK LAKE/RESERVOIR,71,59,50,41,34,29
1614,279,MACBEE SUD,MUNICIPAL,D,VAN ZANDT,Y,FORK LAKE/RESERVOIR,1874,1865,1852,1841,1829,1815
1615,854,MACEDONIA EYLAU MUD 1,MUNICIPAL,D,BOWIE,N,WRIGHT PATMAN LAKE/RESERVOIR,0,0,0,0,0,0
1616,235,MADERA VALLEY WSC,MUNICIPAL,F,REEVES,N,EDWARDS-TRINITY-PLATEAU AND PECOS VALLEY AQUIFERS | JEFF DAVIS,69,69,69,69,69,69
1616,1001,MADERA VALLEY WSC,MUNICIPAL,F,REEVES,N,EDWARDS-TRINITY-PLATEAU AND PECOS VALLEY AQUIFERS | REEVES,750,750,750,750,750,750
1617,723,MADISONVILLE,MUNICIPAL,H,MADISON,N,SPARTA AQUIFER | MADISON,701,814,865,863,861,860
1618,330,MAGNOLIA,MUNICIPAL,H,MONTGOMERY,N,GULF COAST AQUIFER SYSTEM | MONTGOMERY,671,596,523,473,443,416
1619,95,MALAKOFF,MUNICIPAL,C,HENDERSON,N,CARRIZO-WILCOX AQUIFER | HENDERSON,100,100,100,100,100,100
1619,810,MALAKOFF,MUNICIPAL,C,HENDERSON,N,TRWD LAKE/RESERVOIR SYSTEM,232,216,211,195,184,175
1620,79,MANOR,MUNICIPAL,K,TRAVIS,N,CARRIZO-WILCOX AQUIFER | BURLESON,498,996,1329,1810,1873,1873
1620,215,MANOR,MUNICIPAL,K,TRAVIS,N,EDWARDS-BFZ AQUIFER | TRAVIS,389,389,389,389,389,389
1620,587,MANOR,MUNICIPAL,K,TRAVIS,N,OTHER AQUIFER | TRAVIS,679,679,679,679,679,679
1620,805,MANOR,MUNICIPAL,K,TRAVIS,N,TRINITY AQUIFER | TRAVIS,547,547,547,547,547,547
1622,72,"MANUFACTURING, ANGELINA",MANUFACTURING,I,ANGELINA,N,CARRIZO-WILCOX AQUIFER | ANGELINA,807,832,858,885,913,941
1622,397,"MANUFACTURING, ANGELINA",MANUFACTURING,I,ANGELINA,N,KURTH LAKE/RESERVOIR,449,466,483,501,519,539
1622,511,"MANUFACTURING, ANGELINA",MANUFACTURING,I,ANGELINA,N,OTHER AQUIFER | ANGELINA,457,453,451,447,444,440
1622,855,"MANUFACTURING, ANGELINA",MANUFACTURING,I,ANGELINA,N,YEGUA-JACKSON AQUIFER | ANGELINA,1754,1754,1754,1754,1754,1754
1624,73,"MANUFACTURING, ATASCOSA",MANUFACTURING,L,ATASCOSA,N,CARRIZO-WILCOX AQUIFER | ATASCOSA,74,74,74,74,74,74
1625,297,"MANUFACTURING, AUSTIN",MANUFACTURING,H,AUSTIN,N,GULF COAST AQUIFER SYSTEM | AUSTIN,15,16,17,18,19,20
1627,74,"MANUFACTURING, BASTROP",MANUFACTURING,K,BASTROP,N,CARRIZO-WILCOX AQUIFER | BASTROP,500,500,500,500,500,500
1629,54,"MANUFACTURING, BELL",MANUFACTURING,G,BELL,N,BRAZOS RIVER AUTHORITY LITTLE RIVER LAKE/RESERVOIR SYSTEM,497,497,497,497,497,497
1629,755,"MANUFACTURING, BELL",MANUFACTURING,G,BELL,N,TRINITY AQUIFER | BELL,2,2,2,2,2,2
1630,76,"MANUFACTURING, BEXAR",MANUFACTURING,L,BEXAR,N,CARRIZO-WILCOX AQUIFER | BEXAR,17,17,17,17,17,17
1630,169,"MANUFACTURING, BEXAR",MANUFACTURING,L,BEXAR,N,DIRECT REUSE,4076,4076,4076,4076,4076,4076
1630,209,"MANUFACTURING, BEXAR",MANUFACTURING,L,BEXAR,N,EDWARDS-BFZ AQUIFER | BEXAR,8670,8670,8670,8670,8670,8670
1630,756,"MANUFACTURING, BEXAR",MANUFACTURING,L,BEXAR,N,TRINITY AQUIFER | BEXAR,29,29,29,29,29,29
1632,54,"MANUFACTURING, BOSQUE",MANUFACTURING,G,BOSQUE,N,BRAZOS RIVER AUTHORITY LITTLE RIVER LAKE/RESERVOIR SYSTEM,5,5,5,5,5,5
1632,758,"MANUFACTURING, BOSQUE",MANUFACTURING,G,BOSQUE,N,TRINITY AQUIFER | BOSQUE,241,241,241,241,241,241
1633,77,"MANUFACTURING, BOWIE",MANUFACTURING,D,BOWIE,N,CARRIZO-WILCOX AQUIFER | BOWIE,28,28,28,28,28,28
1633,667,"MANUFACTURING, BOWIE",MANUFACTURING,D,BOWIE,N,RED RUN-OF-RIVER,6,6,6,6,6,6
1633,854,"MANUFACTURING, BOWIE",MANUFACTURING,D,BOWIE,N,WRIGHT PATMAN LAKE/RESERVOIR,0,0,0,0,0,0
1634,55,"MANUFACTURING, BRAZORIA",MANUFACTURING,H,BRAZORIA,N,BRAZOS RIVER AUTHORITY MAIN STEM LAKE/RESERVOIR SYSTEM,21845,22008,22087,22150,22202,22243
1634,169,"MANUFACTURING, BRAZORIA",MANUFACTURING,H,BRAZORIA,N,DIRECT REUSE,3625,3625,3625,3625,3625,3625
1634,299,"MANUFACTURING, BRAZORIA",MANUFACTURING,H,BRAZORIA,N,GULF COAST AQUIFER SYSTEM | BRAZORIA,3804,3665,3548,3472,3406,3401
1634,410,"MANUFACTURING, BRAZORIA",MANUFACTURING,H,BRAZORIA,N,LIVINGSTON-WALLISVILLE LAKE/RESERVOIR SYSTEM,8,8,8,8,8,8
1634,655,"MANUFACTURING, BRAZORIA",MANUFACTURING,H,BRAZORIA,N,BRAZOS RUN-OF-RIVER,159441,158240,157041,155843,154644,153444
1634,656,"MANUFACTURING, BRAZORIA",MANUFACTURING,H,BRAZORIA,N,BRAZOS-COLORADO RUN-OF-RIVER,11730,11730,11730,11730,11730,11730
1634,673,"MANUFACTURING, BRAZORIA",MANUFACTURING,H,BRAZORIA,N,SAN JACINTO-BRAZOS RUN-OF-RIVER,15070,15070,15070,15070,15070,15070
1634,1076,"MANUFACTURING, BRAZORIA",MANUFACTURING,H,BRAZORIA,N,BRA SYSTEM OPERATIONS PERMIT SUPPLY,18612,18159,17696,17240,16293,14123
1635,78,"MANUFACTURING, BRAZOS",MANUFACTURING,G,BRAZOS,N,CARRIZO-WILCOX AQUIFER | BRAZOS,721,755,755,755,755,755
1635,712,"MANUFACTURING, BRAZOS",MANUFACTURING,G,BRAZOS,N,SPARTA AQUIFER | BRAZOS,1904,2103,2103,2103,2103,2103
1637,57,"MANUFACTURING, BROWN",MANUFACTURING,F,BROWN,N,BROWNWOOD LAKE/RESERVOIR,454,471,488,506,525,544
1638,713,"MANUFACTURING, BURLESON",MANUFACTURING,G,BURLESON,N,SPARTA AQUIFER | BURLESON,111,111,111,111,111,111
1639,368,"MANUFACTURING, BURNET",MANUFACTURING,K,BURNET,N,HIGHLAND LAKES LAKE/RESERVOIR SYSTEM,400,400,400,400,400,400
1639,521,"MANUFACTURING, BURNET",MANUFACTURING,K,BURNET,N,OTHER AQUIFER | BURNET,10,10,10,10,10,10
1639,760,"MANUFACTURING, BURNET",MANUFACTURING,K,BURNET,N,TRINITY AQUIFER | BURNET,17,17,17,17,17,17
1640,80,"MANUFACTURING, CALDWELL",MANUFACTURING,L,CALDWELL,N,CARRIZO-WILCOX AQUIFER | CALDWELL,5,5,5,5,5,5
1641,302,"MANUFACTURING, CALHOUN",MANUFACTURING,L,CALHOUN,N,GULF COAST AQUIFER SYSTEM | CALHOUN,200,200,200,200,200,200
1641,661,"MANUFACTURING, CALHOUN",MANUFACTURING,L,CALHOUN,N,GUADALUPE RUN-OF-RIVER,25720,25720,25720,25720,25720,25720
1641,742,"MANUFACTURING, CALHOUN",MANUFACTURING,L,CALHOUN,N,TEXANA LAKE/RESERVOIR,30800,30800,30800,30800,30800,30800
1642,6,"MANUFACTURING, CAMERON",MANUFACTURING,M,CAMERON,N,AMISTAD-FALCON LAKE/RESERVOIR SYSTEM,461,461,461,461,461,461
1642,303,"MANUFACTURING, CAMERON",MANUFACTURING,M,CAMERON,N,GULF COAST AQUIFER SYSTEM | CAMERON,518,518,518,518,518,518
1643,81,"MANUFACTURING, CAMP",MANUFACTURING,D,CAMP,N,CARRIZO-WILCOX AQUIFER | CAMP,2,2,2,2,2,2
1644,465,"MANUFACTURING, CARSON",MANUFACTURING,A,CARSON,N,OGALLALA AQUIFER | CARSON,1497,1552,1609,1669,1731,1795
1645,82,"MANUFACTURING, CASS",MANUFACTURING,D,CASS,N,CARRIZO-WILCOX AQUIFER | CASS,50,48,47,47,46,46
1645,854,"MANUFACTURING, CASS",MANUFACTURING,D,CASS,N,WRIGHT PATMAN LAKE/RESERVOIR,36152,37490,38877,40315,41807,43354
1646,466,"MANUFACTURING, CASTRO",MANUFACTURING,O,CASTRO,N,OGALLALA AND EDWARDS-TRINITY-HIGH PLAINS AQUIFERS | CASTRO,81,81,81,81,81,81
1647,304,"MANUFACTURING, CHAMBERS",MANUFACTURING,H,CHAMBERS,N,GULF COAST AQUIFER SYSTEM | CHAMBERS,2953,2953,2953,2953,2953,2953
1647,410,"MANUFACTURING, CHAMBERS",MANUFACTURING,H,CHAMBERS,N,LIVINGSTON-WALLISVILLE LAKE/RESERVOIR SYSTEM,41005,41005,41005,41005,41005,41005
1648,83,"MANUFACTURING, CHEROKEE",MANUFACTURING,I,CHEROKEE,N,CARRIZO-WILCOX AQUIFER | CHEROKEE,25,26,26,27,28,29
1648,391,"MANUFACTURING, CHEROKEE",MANUFACTURING,I,CHEROKEE,N,JACKSONVILLE LAKE/RESERVOIR,57,59,62,64,66,68
1649,155,"MANUFACTURING, COLEMAN",MANUFACTURING,F,COLEMAN,N,COLEMAN LAKE/RESERVOIR,0,0,0,0,0,0
1649,370,"MANUFACTURING, COLEMAN",MANUFACTURING,F,COLEMAN,N,HORDS CREEK LAKE/RESERVOIR,0,0,0,0,0,0
1650,390,"MANUFACTURING, COLLIN",MANUFACTURING,C,COLLIN,N,TRINITY INDIRECT REUSE,2769,2534,2298,2160,2127,2141
1650,738,"MANUFACTURING, COLLIN",MANUFACTURING,C,COLLIN,N,TAWAKONI LAKE/RESERVOIR,171,153,136,128,124,124
1650,833,"MANUFACTURING, COLLIN",MANUFACTURING,C,COLLIN,N,WOODBINE AQUIFER | COLLIN,345,358,371,385,399,414
1650,1068,"MANUFACTURING, COLLIN",MANUFACTURING,C,COLLIN,N,NORTH TEXAS MWD LAKE/RESERVOIR SYSTEM,4619,4005,3501,3176,2993,2896
1651,305,"MANUFACTURING, COLORADO",MANUFACTURING,K,COLORADO,N,GULF COAST AQUIFER SYSTEM | COLORADO,723,723,723,723,723,723
1652,64,"MANUFACTURING, COMAL",MANUFACTURING,L,COMAL,N,CANYON LAKE/RESERVOIR,4,4,4,4,4,4
1652,169,"MANUFACTURING, COMAL",MANUFACTURING,L,COMAL,N,DIRECT REUSE,784,784,784,784,784,784
1652,210,"MANUFACTURING, COMAL",MANUFACTURING,L,COMAL,N,EDWARDS-BFZ AQUIFER | COMAL,2168,2168,2168,2168,2168,2168
1652,661,"MANUFACTURING, COMAL",MANUFACTURING,L,COMAL,N,GUADALUPE RUN-OF-RIVER,100,100,100,100,100,100
1652,764,"MANUFACTURING, COMAL",MANUFACTURING,L,COMAL,N,TRINITY AQUIFER | COMAL,63,63,63,63,63,63
1653,54,"MANUFACTURING, COMANCHE",MANUFACTURING,G,COMANCHE,N,BRAZOS RIVER AUTHORITY LITTLE RIVER LAKE/RESERVOIR SYSTEM,20,20,20,20,20,21
1653,765,"MANUFACTURING, COMANCHE",MANUFACTURING,G,COMANCHE,N,TRINITY AQUIFER | COMANCHE,4,4,4,4,4,4
1654,374,"MANUFACTURING, COOKE",MANUFACTURING,C,COOKE,N,HUBERT H MOSS LAKE/RESERVOIR,135,140,145,151,157,158
1654,766,"MANUFACTURING, COOKE",MANUFACTURING,C,COOKE,N,TRINITY AQUIFER | COOKE,4,4,4,4,4,4
1655,54,"MANUFACTURING, CORYELL",MANUFACTURING,G,CORYELL,N,BRAZOS RIVER AUTHORITY LITTLE RIVER LAKE/RESERVOIR SYSTEM,5,5,5,5,5,5
1656,469,"MANUFACTURING, CROSBY",MANUFACTURING,O,CROSBY,N,OGALLALA AND EDWARDS-TRINITY-HIGH PLAINS AQUIFERS | CROSBY,1,1,1,1,1,1
1657,148,"MANUFACTURING, DALLAS",MANUFACTURING,C,DALLAS,N,CHAPMAN/COOPER LAKE/RESERVOIR NON-SYSTEM PORTION,3010,3121,3236,3356,3480,3609
1657,279,"MANUFACTURING, DALLAS",MANUFACTURING,C,DALLAS,N,FORK LAKE/RESERVOIR,1462,1489,1506,1537,1564,1601
1657,390,"MANUFACTURING, DALLAS",MANUFACTURING,C,DALLAS,N,TRINITY INDIRECT REUSE,2505,2638,2796,2806,2860,2960
1657,648,"MANUFACTURING, DALLAS",MANUFACTURING,C,DALLAS,N,RAY HUBBARD LAKE/RESERVOIR,1520,1477,1425,1391,1355,1326
1657,650,"MANUFACTURING, DALLAS",MANUFACTURING,C,DALLAS,N,RAY ROBERTS-LEWISVILLE-GRAPEVINE LAKE/RESERVOIR SYSTEM,3679,3439,3165,3146,3127,3135
1657,738,"MANUFACTURING, DALLAS",MANUFACTURING,C,DALLAS,N,TAWAKONI LAKE/RESERVOIR,6186,6058,5895,5795,5694,5624
1657,768,"MANUFACTURING, DALLAS",MANUFACTURING,C,DALLAS,N,TRINITY AQUIFER | DALLAS,100,100,100,100,100,100
1657,1068,"MANUFACTURING, DALLAS",MANUFACTURING,C,DALLAS,N,NORTH TEXAS MWD LAKE/RESERVOIR SYSTEM,1680,1456,1273,1155,1088,1052
1659,472,"MANUFACTURING, DEAF SMITH",MANUFACTURING,O,DEAF SMITH,N,OGALLALA AND EDWARDS-TRINITY-HIGH PLAINS AQUIFERS | DEAF SMITH,1796,1796,1796,1796,1796,1796
1660,148,"MANUFACTURING, DENTON",MANUFACTURING,C,DENTON,N,CHAPMAN/COOPER LAKE/RESERVOIR NON-SYSTEM PORTION,4,3,2,2,1,1
1660,279,"MANUFACTURING, DENTON",MANUFACTURING,C,DENTON,N,FORK LAKE/RESERVOIR,6,6,6,7,7,7
1660,390,"MANUFACTURING, DENTON",MANUFACTURING,C,DENTON,N,TRINITY INDIRECT REUSE,95,103,90,98,103,106
1660,405,"MANUFACTURING, DENTON",MANUFACTURING,C,DENTON,N,LEWISVILLE LAKE/RESERVOIR NON-SYSTEM PORTION,86,87,73,59,47,39
1660,646,"MANUFACTURING, DENTON",MANUFACTURING,C,DENTON,N,RALPH HALL LAKE/RESERVOIR,12,8,6,6,6,6
1660,648,"MANUFACTURING, DENTON",MANUFACTURING,C,DENTON,N,RAY HUBBARD LAKE/RESERVOIR,7,6,6,6,6,6
1660,649,"MANUFACTURING, DENTON",MANUFACTURING,C,DENTON,N,RAY ROBERTS LAKE/RESERVOIR NON-SYSTEM PORTION,309,317,270,225,184,156
1660,650,"MANUFACTURING, DENTON",MANUFACTURING,C,DENTON,N,RAY ROBERTS-LEWISVILLE-GRAPEVINE LAKE/RESERVOIR SYSTEM,28,26,24,20,20,21
1660,738,"MANUFACTURING, DENTON",MANUFACTURING,C,DENTON,N,TAWAKONI LAKE/RESERVOIR,28,27,26,25,24,24
1660,810,"MANUFACTURING, DENTON",MANUFACTURING,C,DENTON,N,TRWD LAKE/RESERVOIR SYSTEM,5,4,5,4,4,4
1660,1068,"MANUFACTURING, DENTON",MANUFACTURING,C,DENTON,N,NORTH TEXAS MWD LAKE/RESERVOIR SYSTEM,16,14,12,12,12,11
1661,306,"MANUFACTURING, DEWITT",MANUFACTURING,L,DEWITT,N,GULF COAST AQUIFER SYSTEM | DEWITT,380,380,380,380,380,380
1662,404,"MANUFACTURING, EASTLAND",MANUFACTURING,G,EASTLAND,N,LEON LAKE/RESERVOIR,32,28,28,28,28,28
1662,655,"MANUFACTURING, EASTLAND",MANUFACTURING,G,EASTLAND,N,BRAZOS RUN-OF-RIVER,830,664,498,332,166,0
1662,919,"MANUFACTURING, EASTLAND",MANUFACTURING,G,EASTLAND,N,EASTLAND LAKE/RESERVOIR,24,28,28,28,28,28
1663,145,"MANUFACTURING, ECTOR",MANUFACTURING,F,ECTOR,N,EDWARDS-TRINITY-PLATEAU AND PECOS VALLEY AQUIFERS | WARD,244,229,199,173,157,143
1663,158,"MANUFACTURING, ECTOR",MANUFACTURING,F,ECTOR,N,COLORADO RIVER MWD LAKE/RESERVOIR SYSTEM,87,78,70,66,61,57
1663,169,"MANUFACTURING, ECTOR",MANUFACTURING,F,ECTOR,N,DIRECT REUSE,12,11,10,10,9,9
1663,229,"MANUFACTURING, ECTOR",MANUFACTURING,F,ECTOR,N,"EDWARDS-TRINITY-PLATEAU, PECOS VALLEY, AND TRINITY AQUIFERS | ECTOR",154,234,318,388,448,505
1663,460,"MANUFACTURING, ECTOR",MANUFACTURING,F,ECTOR,N,OGALLALA AND EDWARDS-TRINITY-HIGH PLAINS AQUIFERS | ANDREWS,215,188,172,162,154,147
1663,492,"MANUFACTURING, ECTOR",MANUFACTURING,F,ECTOR,N,OGALLALA AND EDWARDS-TRINITY-HIGH PLAINS AQUIFERS | MARTIN,7,6,5,4,4,3
1664,12,"MANUFACTURING, ELLIS",MANUFACTURING,C,ELLIS,N,BARDWELL LAKE/RESERVOIR,1827,1623,1449,1321,1206,1101
1664,390,"MANUFACTURING, ELLIS",MANUFACTURING,C,ELLIS,N,TRINITY INDIRECT REUSE,514,579,655,720,776,742
1664,392,"MANUFACTURING, ELLIS",MANUFACTURING,C,ELLIS,N,JOE POOL LAKE/RESERVOIR,566,587,609,631,655,679
1664,772,"MANUFACTURING, ELLIS",MANUFACTURING,C,ELLIS,N,TRINITY AQUIFER | ELLIS,600,800,800,800,800,800
1664,810,"MANUFACTURING, ELLIS",MANUFACTURING,C,ELLIS,N,TRWD LAKE/RESERVOIR SYSTEM,124,388,560,647,710,811
1664,819,"MANUFACTURING, ELLIS",MANUFACTURING,C,ELLIS,N,WAXAHACHIE LAKE/RESERVOIR,507,417,347,295,252,216
1664,838,"MANUFACTURING, ELLIS",MANUFACTURING,C,ELLIS,N,WOODBINE AQUIFER | ELLIS,270,270,270,270,270,270
1665,375,"MANUFACTURING, EL PASO",MANUFACTURING,E,EL PASO,N,HUECO-MESILLA BOLSON AQUIFER | EL PASO,9493,9493,9493,9493,9493,9493
1665,668,"MANUFACTURING, EL PASO",MANUFACTURING,E,EL PASO,N,RIO GRANDE RUN-OF-RIVER,39,39,39,39,39,39
1666,54,"MANUFACTURING, ERATH",MANUFACTURING,G,ERATH,N,BRAZOS RIVER AUTHORITY LITTLE RIVER LAKE/RESERVOIR SYSTEM,5,7,8,9,10,12
1666,773,"MANUFACTURING, ERATH",MANUFACTURING,G,ERATH,N,TRINITY AQUIFER | ERATH,65,71,78,84,91,100
1666,1037,"MANUFACTURING, ERATH",MANUFACTURING,G,ERATH,N,STRAWN LAKE/RESERVOIR,1,1,1,1,2,2
1668,36,"MANUFACTURING, FANNIN",MANUFACTURING,C,FANNIN,N,BONHAM LAKE/RESERVOIR,5,5,5,5,5,5
1669,308,"MANUFACTURING, FAYETTE",MANUFACTURING,K,FAYETTE,N,GULF COAST AQUIFER SYSTEM | FAYETTE,478,478,478,478,478,478
1669,368,"MANUFACTURING, FAYETTE",MANUFACTURING,K,FAYETTE,N,HIGHLAND LAKES LAKE/RESERVOIR SYSTEM,70,70,70,70,70,70
1670,145,"MANUFACTURING, FISHER",MANUFACTURING,G,FISHER,N,EDWARDS-TRINITY-PLATEAU AND PECOS VALLEY AQUIFERS | WARD,4,4,4,4,4,4
1670,180,"MANUFACTURING, FISHER",MANUFACTURING,G,FISHER,N,DOCKUM AQUIFER | FISHER,79,79,79,79,79,79
1670,373,"MANUFACTURING, FISHER",MANUFACTURING,G,FISHER,N,HUBBARD CREEK LAKE/RESERVOIR,2,2,2,2,2,2
1670,694,"MANUFACTURING, FISHER",MANUFACTURING,G,FISHER,N,SEYMOUR AQUIFER | FISHER,154,154,154,154,154,154
1671,55,"MANUFACTURING, FORT BEND",MANUFACTURING,H,FORT BEND,N,BRAZOS RIVER AUTHORITY MAIN STEM LAKE/RESERVOIR SYSTEM,263,288,305,320,334,348
1671,309,"MANUFACTURING, FORT BEND",MANUFACTURING,H,FORT BEND,N,GULF COAST AQUIFER SYSTEM | FORT BEND,1671,1733,1798,1865,1933,2005
1671,655,"MANUFACTURING, FORT BEND",MANUFACTURING,H,FORT BEND,N,BRAZOS RUN-OF-RIVER,2109,2103,2097,2091,2085,2079
1671,1076,"MANUFACTURING, FORT BEND",MANUFACTURING,H,FORT BEND,N,BRA SYSTEM OPERATIONS PERMIT SUPPLY,340,313,286,260,233,206
1672,55,"MANUFACTURING, GALVESTON",MANUFACTURING,H,GALVESTON,N,BRAZOS RIVER AUTHORITY MAIN STEM LAKE/RESERVOIR SYSTEM,13700,11342,9269,9869,10428,10942
1672,310,"MANUFACTURING, GALVESTON",MANUFACTURING,H,GALVESTON,N,GULF COAST AQUIFER SYSTEM | GALVESTON,301,301,301,301,301,301
1672,655,"MANUFACTURING, GALVESTON",MANUFACTURING,H,GALVESTON,N,BRAZOS RUN-OF-RIVER,41352,41120,40887,40655,40420,40188
1672,1076,"MANUFACTURING, GALVESTON",MANUFACTURING,H,GALVESTON,N,BRA SYSTEM OPERATIONS PERMIT SUPPLY,10587,12606,14025,12719,11414,10109
1674,231,"MANUFACTURING, GILLESPIE",MANUFACTURING,K,GILLESPIE,N,"EDWARDS-TRINITY-PLATEAU, PECOS VALLEY, AND TRINITY AQUIFERS | GILLESPIE",288,288,288,288,288,288
1674,263,"MANUFACTURING, GILLESPIE",MANUFACTURING,K,GILLESPIE,N,ELLENBURGER-SAN SABA AQUIFER | GILLESPIE,33,33,33,33,33,33
1674,361,"MANUFACTURING, GILLESPIE",MANUFACTURING,K,GILLESPIE,N,HICKORY AQUIFER | GILLESPIE,11,11,11,11,11,11
1676,90,"MANUFACTURING, GONZALES",MANUFACTURING,L,GONZALES,N,CARRIZO-WILCOX AQUIFER | GONZALES,451,451,451,451,451,451
1676,622,"MANUFACTURING, GONZALES",MANUFACTURING,L,GONZALES,N,QUEEN CITY AQUIFER | GONZALES,534,534,534,534,534,534
1676,717,"MANUFACTURING, GONZALES",MANUFACTURING,L,GONZALES,N,SPARTA AQUIFER | GONZALES,1140,1140,1140,1140,1140,1140
1676,1057,"MANUFACTURING, GONZALES",MANUFACTURING,L,GONZALES,N,YEGUA-JACKSON AQUIFER | GONZALES,687,687,687,687,687,687
1677,480,"MANUFACTURING, GRAY",MANUFACTURING,A,GRAY,N,OGALLALA AQUIFER | GRAY,521,534,547,561,575,590
1678,390,"MANUFACTURING, GRAYSON",MANUFACTURING,C,GRAYSON,N,TRINITY INDIRECT REUSE,11,12,12,12,11,12
1678,647,"MANUFACTURING, GRAYSON",MANUFACTURING,C,GRAYSON,N,RANDELL LAKE/RESERVOIR,500,500,500,500,500,500
1678,667,"MANUFACTURING, GRAYSON",MANUFACTURING,C,GRAYSON,N,RED RUN-OF-RIVER,3,3,3,3,3,3
1678,738,"MANUFACTURING, GRAYSON",MANUFACTURING,C,GRAYSON,N,TAWAKONI LAKE/RESERVOIR,1,1,1,1,1,1
1678,744,"MANUFACTURING, GRAYSON",MANUFACTURING,C,GRAYSON,N,TEXOMA LAKE/RESERVOIR NON-SYSTEM PORTION,6968,8089,7836,7631,7403,7173
1678,840,"MANUFACTURING, GRAYSON",MANUFACTURING,C,GRAYSON,N,WOODBINE AQUIFER | GRAYSON,500,500,500,500,500,694
1678,1068,"MANUFACTURING, GRAYSON",MANUFACTURING,C,GRAYSON,N,NORTH TEXAS MWD LAKE/RESERVOIR SYSTEM,18,17,17,16,15,17
1679,91,"MANUFACTURING, GREGG",MANUFACTURING,D,GREGG,N,CARRIZO-WILCOX AQUIFER | GREGG,30,30,30,30,30,30
1679,412,"MANUFACTURING, GREGG",MANUFACTURING,D,GREGG,N,LOCAL SURFACE WATER SUPPLY,450,450,450,450,450,450
1679,669,"MANUFACTURING, GREGG",MANUFACTURING,D,GREGG,N,SABINE RUN-OF-RIVER,1092,1092,1092,1092,1092,1092
1680,78,"MANUFACTURING, GRIMES",MANUFACTURING,G,GRIMES,N,CARRIZO-WILCOX AQUIFER | BRAZOS,3,3,3,4,5,5
1680,313,"MANUFACTURING, GRIMES",MANUFACTURING,G,GRIMES,N,GULF COAST AQUIFER SYSTEM | GRIMES,366,366,366,390,435,435
1680,655,"MANUFACTURING, GRIMES",MANUFACTURING,G,GRIMES,N,BRAZOS RUN-OF-RIVER,100,100,100,100,100,100
1681,64,"MANUFACTURING, GUADALUPE",MANUFACTURING,L,GUADALUPE,N,CANYON LAKE/RESERVOIR,3860,3860,3860,3860,3860,3860
1681,93,"MANUFACTURING, GUADALUPE",MANUFACTURING,L,GUADALUPE,N,CARRIZO-WILCOX AQUIFER | GUADALUPE,110,110,110,110,110,110
1681,211,"MANUFACTURING, GUADALUPE",MANUFACTURING,L,GUADALUPE,N,EDWARDS-BFZ AQUIFER | GUADALUPE,201,201,201,201,201,201
1681,661,"MANUFACTURING, GUADALUPE",MANUFACTURING,L,GUADALUPE,N,GUADALUPE RUN-OF-RIVER,59,59,59,59,59,59
1682,481,"MANUFACTURING, HALE",MANUFACTURING,O,HALE,N,OGALLALA AND EDWARDS-TRINITY-HIGH PLAINS AQUIFERS | HALE,876,876,876,876,876,876
1683,54,"MANUFACTURING, HAMILTON",MANUFACTURING,G,HAMILTON,N,BRAZOS RIVER AUTHORITY LITTLE RIVER LAKE/RESERVOIR SYSTEM,1,1,1,1,1,1
1683,778,"MANUFACTURING, HAMILTON",MANUFACTURING,G,HAMILTON,N,TRINITY AQUIFER | HAMILTON,2,2,2,2,2,2
1684,482,"MANUFACTURING, HANSFORD",MANUFACTURING,A,HANSFORD,N,OGALLALA AQUIFER | HANSFORD,359,372,386,400,415,430
1685,293,"MANUFACTURING, HARDEMAN",MANUFACTURING,B,HARDEMAN,N,GREENBELT LAKE/RESERVOIR,33,33,33,33,33,33
1685,474,"MANUFACTURING, HARDEMAN",MANUFACTURING,B,HARDEMAN,N,OGALLALA AQUIFER | DONLEY,17,17,17,17,17,17
1685,697,"MANUFACTURING, HARDEMAN",MANUFACTURING,B,HARDEMAN,N,SEYMOUR AQUIFER | HARDEMAN,175,183,192,201,210,220
1686,314,"MANUFACTURING, HARDIN",MANUFACTURING,I,HARDIN,N,GULF COAST AQUIFER SYSTEM | HARDIN,243,243,243,243,243,243
1687,169,"MANUFACTURING, HARRIS",MANUFACTURING,H,HARRIS,N,DIRECT REUSE,10319,10319,10319,10319,10319,10319
1687,315,"MANUFACTURING, HARRIS",MANUFACTURING,H,HARRIS,N,GULF COAST AQUIFER SYSTEM | HARRIS,37754,39739,41929,43040,44192,45386
1687,372,"MANUFACTURING, HARRIS",MANUFACTURING,H,HARRIS,N,HOUSTON LAKE/RESERVOIR,41998,41073,40173,39273,38398,37523
1687,388,"MANUFACTURING, HARRIS",MANUFACTURING,H,HARRIS,N,SAN JACINTO INDIRECT REUSE,9978,10184,10409,10639,10855,11055
1687,410,"MANUFACTURING, HARRIS",MANUFACTURING,H,HARRIS,N,LIVINGSTON-WALLISVILLE LAKE/RESERVOIR SYSTEM,263867,263867,263867,263867,263867,263867
1687,672,"MANUFACTURING, HARRIS",MANUFACTURING,H,HARRIS,N,SAN JACINTO RUN-OF-RIVER,1022,1022,1022,1022,1022,1022
1687,675,"MANUFACTURING, HARRIS",MANUFACTURING,H,HARRIS,N,TRINITY RUN-OF-RIVER,58056,58056,58056,58056,58056,58056
1688,94,"MANUFACTURING, HARRISON",MANUFACTURING,D,HARRISON,N,CARRIZO-WILCOX AQUIFER | HARRISON,147,147,147,147,147,147
1688,150,"MANUFACTURING, HARRISON",MANUFACTURING,D,HARRISON,N,CHEROKEE LAKE/RESERVOIR,5004,5004,5004,5004,5004,5004
1688,279,"MANUFACTURING, HARRISON",MANUFACTURING,D,HARRISON,N,FORK LAKE/RESERVOIR,3135,3100,3066,3032,2998,2963
1688,457,"MANUFACTURING, HARRISON",MANUFACTURING,D,HARRISON,N,O' THE PINES LAKE/RESERVOIR,2400,2400,2400,2400,2400,2400
1688,660,"MANUFACTURING, HARRISON",MANUFACTURING,D,HARRISON,N,CYPRESS RUN-OF-RIVER,2353,2353,2353,2353,2353,2353
1688,669,"MANUFACTURING, HARRISON",MANUFACTURING,D,HARRISON,N,SABINE RUN-OF-RIVER,94382,94382,94382,94382,94382,94382
1690,212,"MANUFACTURING, HAYS",MANUFACTURING,K,HAYS,Y,EDWARDS-BFZ AQUIFER | HAYS,114,114,114,114,114,114
1690,212,"MANUFACTURING, HAYS",MANUFACTURING,L,HAYS,Y,EDWARDS-BFZ AQUIFER | HAYS,70,70,70,70,70,70
1691,484,"MANUFACTURING, HEMPHILL",MANUFACTURING,A,HEMPHILL,N,OGALLALA AQUIFER | HEMPHILL,2,2,2,2,2,2
1692,9,"MANUFACTURING, HENDERSON",MANUFACTURING,C,HENDERSON,N,ATHENS LAKE/RESERVOIR,20,20,17,14,12,11
1692,95,"MANUFACTURING, HENDERSON",MANUFACTURING,C,HENDERSON,N,CARRIZO-WILCOX AQUIFER | HENDERSON,400,400,400,400,400,400
1693,6,"MANUFACTURING, HIDALGO",MANUFACTURING,M,HIDALGO,N,AMISTAD-FALCON LAKE/RESERVOIR SYSTEM,2233,2233,2233,2233,2233,2233
1693,316,"MANUFACTURING, HIDALGO",MANUFACTURING,M,HIDALGO,N,GULF COAST AQUIFER SYSTEM | HIDALGO,2500,2500,2500,2500,2500,2500
1694,780,"MANUFACTURING, HILL",MANUFACTURING,G,HILL,N,TRINITY AQUIFER | HILL,50,55,60,65,70,70
1695,485,"MANUFACTURING, HOCKLEY",MANUFACTURING,O,HOCKLEY,N,OGALLALA AND EDWARDS-TRINITY-HIGH PLAINS AQUIFERS | HOCKLEY,1478,1478,1478,1478,1478,1478
1696,781,"MANUFACTURING, HOOD",MANUFACTURING,G,HOOD,N,TRINITY AQUIFER | HOOD,25,25,25,25,25,25
1697,148,"MANUFACTURING, HOPKINS",MANUFACTURING,D,HOPKINS,N,CHAPMAN/COOPER LAKE/RESERVOIR NON-SYSTEM PORTION,1561,1592,1611,1701,1802,1602
1697,735,"MANUFACTURING, HOPKINS",MANUFACTURING,D,HOPKINS,N,SULPHUR SPRINGS LAKE/RESERVOIR,269,323,376,425,473,473
1698,97,"MANUFACTURING, HOUSTON",MANUFACTURING,I,HOUSTON,N,CARRIZO-WILCOX AQUIFER | HOUSTON,4,4,4,4,4,4
1698,371,"MANUFACTURING, HOUSTON",MANUFACTURING,I,HOUSTON,N,HOUSTON COUNTY LAKE/RESERVOIR,201,208,216,224,232,241
1699,145,"MANUFACTURING, HOWARD",MANUFACTURING,F,HOWARD,N,EDWARDS-TRINITY-PLATEAU AND PECOS VALLEY AQUIFERS | WARD,1045,982,855,742,675,613
1699,158,"MANUFACTURING, HOWARD",MANUFACTURING,F,HOWARD,N,COLORADO RIVER MWD LAKE/RESERVOIR SYSTEM,374,335,300,281,263,246
1699,169,"MANUFACTURING, HOWARD",MANUFACTURING,F,HOWARD,N,DIRECT REUSE,52,48,44,42,41,39
1699,233,"MANUFACTURING, HOWARD",MANUFACTURING,F,HOWARD,N,EDWARDS-TRINITY-PLATEAU AQUIFER | HOWARD,110,110,110,110,110,110
1699,486,"MANUFACTURING, HOWARD",MANUFACTURING,F,HOWARD,N,OGALLALA AND EDWARDS-TRINITY-HIGH PLAINS AQUIFERS | HOWARD,2306,2451,2601,2757,2919,3087
1699,492,"MANUFACTURING, HOWARD",MANUFACTURING,F,HOWARD,N,OGALLALA AND EDWARDS-TRINITY-HIGH PLAINS AQUIFERS | MARTIN,29,24,20,18,16,15
1701,148,"MANUFACTURING, HUNT",MANUFACTURING,D,HUNT,N,CHAPMAN/COOPER LAKE/RESERVOIR NON-SYSTEM PORTION,50,50,50,50,50,50
1701,294,"MANUFACTURING, HUNT",MANUFACTURING,D,HUNT,N,GREENVILLE CITY LAKE/RESERVOIR,103,103,103,103,103,103
1701,390,"MANUFACTURING, HUNT",MANUFACTURING,D,HUNT,N,TRINITY INDIRECT REUSE,1,1,1,1,1,1
1701,443,"MANUFACTURING, HUNT",MANUFACTURING,D,HUNT,N,NACATOCH AQUIFER | HUNT,200,200,200,200,200,200
1701,738,"MANUFACTURING, HUNT",MANUFACTURING,D,HUNT,N,TAWAKONI LAKE/RESERVOIR,830,1011,1184,1303,1489,1489
1702,169,"MANUFACTURING, HUTCHINSON",MANUFACTURING,A,HUTCHINSON,N,DIRECT REUSE,1100,1100,1100,1100,1100,1100
1702,427,"MANUFACTURING, HUTCHINSON",MANUFACTURING,A,HUTCHINSON,N,MEREDITH LAKE/RESERVOIR,600,532,463,391,318,241
1702,487,"MANUFACTURING, HUTCHINSON",MANUFACTURING,A,HUTCHINSON,N,OGALLALA AQUIFER | HUTCHINSON,14860,15297,15658,16125,16592,15605
1702,501,"MANUFACTURING, HUTCHINSON",MANUFACTURING,A,HUTCHINSON,N,OGALLALA AQUIFER | ROBERTS,1669,1975,2383,2713,3071,3110
1702,657,"MANUFACTURING, HUTCHINSON",MANUFACTURING,A,HUTCHINSON,N,CANADIAN RUN-OF-RIVER,2,2,2,2,2,2
1704,317,"MANUFACTURING, JACKSON",MANUFACTURING,P,JACKSON,N,GULF COAST AQUIFER SYSTEM | JACKSON,644,644,644,644,644,644
1704,742,"MANUFACTURING, JACKSON",MANUFACTURING,P,JACKSON,N,TEXANA LAKE/RESERVOIR,11432,11432,11432,11432,11432,11432
1705,318,"MANUFACTURING, JASPER",MANUFACTURING,I,JASPER,N,GULF COAST AQUIFER SYSTEM | JASPER,46485,46485,46485,46485,46485,46485
1705,663,"MANUFACTURING, JASPER",MANUFACTURING,I,JASPER,N,NECHES RUN-OF-RIVER,557,557,557,557,557,557
1705,683,"MANUFACTURING, JASPER",MANUFACTURING,I,JASPER,N,SAM RAYBURN-STEINHAGEN LAKE/RESERVOIR SYSTEM,10171,10171,10171,10171,10171,10171
1706,314,"MANUFACTURING, JEFFERSON",MANUFACTURING,I,JEFFERSON,N,GULF COAST AQUIFER SYSTEM | HARDIN,20,20,20,20,20,20
1706,319,"MANUFACTURING, JEFFERSON",MANUFACTURING,I,JEFFERSON,N,GULF COAST AQUIFER SYSTEM | JEFFERSON,164,164,164,164,164,164
1706,663,"MANUFACTURING, JEFFERSON",MANUFACTURING,I,JEFFERSON,N,NECHES RUN-OF-RIVER,50836,51005,51168,51314,51477,51659
1706,669,"MANUFACTURING, JEFFERSON",MANUFACTURING,I,JEFFERSON,N,SABINE RUN-OF-RIVER,1120,1120,1120,1120,1120,1120
1706,683,"MANUFACTURING, JEFFERSON",MANUFACTURING,I,JEFFERSON,N,SAM RAYBURN-STEINHAGEN LAKE/RESERVOIR SYSTEM,117058,121065,121214,121576,121936,122296
1706,1174,"MANUFACTURING, JEFFERSON",MANUFACTURING,I,JEFFERSON,N,WATER RECYCLING,1153,1153,1153,1153,1153,1153
1707,53,"MANUFACTURING, JOHNSON",MANUFACTURING,G,JOHNSON,N,BRAZOS RIVER AUTHORITY AQUILLA LAKE/RESERVOIR SYSTEM,2721,3114,3465,3812,4194,4194
1707,784,"MANUFACTURING, JOHNSON",MANUFACTURING,G,JOHNSON,N,TRINITY AQUIFER | JOHNSON,194,194,194,194,194,194
1707,810,"MANUFACTURING, JOHNSON",MANUFACTURING,G,JOHNSON,N,TRWD LAKE/RESERVOIR SYSTEM,2,2,2,2,2,2
1708,322,"MANUFACTURING, KARNES",MANUFACTURING,L,KARNES,N,GULF COAST AQUIFER SYSTEM | KARNES,84,84,84,84,84,84
1709,390,"MANUFACTURING, KAUFMAN",MANUFACTURING,C,KAUFMAN,N,TRINITY INDIRECT REUSE,394,360,327,308,302,304
1709,738,"MANUFACTURING, KAUFMAN",MANUFACTURING,C,KAUFMAN,N,TAWAKONI LAKE/RESERVOIR,24,21,19,18,18,18
1709,1068,"MANUFACTURING, KAUFMAN",MANUFACTURING,C,KAUFMAN,N,NORTH TEXAS MWD LAKE/RESERVOIR SYSTEM,657,571,499,452,426,411
1710,237,"MANUFACTURING, KERR",MANUFACTURING,J,KERR,N,EDWARDS-TRINITY-PLATEAU AQUIFER | KERR,20,20,20,20,20,20
1710,661,"MANUFACTURING, KERR",MANUFACTURING,J,KERR,N,GUADALUPE RUN-OF-RIVER,77,77,77,77,77,77
1710,787,"MANUFACTURING, KERR",MANUFACTURING,J,KERR,N,TRINITY AQUIFER | KERR,0,0,0,0,0,0
1711,238,"MANUFACTURING, KIMBLE",MANUFACTURING,F,KIMBLE,N,"EDWARDS-TRINITY-PLATEAU, PECOS VALLEY, AND TRINITY AQUIFERS | KIMBLE",2,2,2,2,2,2
1711,658,"MANUFACTURING, KIMBLE",MANUFACTURING,F,KIMBLE,N,COLORADO RUN-OF-RIVER,13,13,13,13,13,13
1712,169,"MANUFACTURING, LAMAR",MANUFACTURING,D,LAMAR,N,DIRECT REUSE,12,12,12,12,12,12
1712,604,"MANUFACTURING, LAMAR",MANUFACTURING,D,LAMAR,N,PAT MAYSE LAKE/RESERVOIR,6240,6521,6738,6822,6874,6892
1713,488,"MANUFACTURING, LAMB",MANUFACTURING,O,LAMB,N,OGALLALA AND EDWARDS-TRINITY-HIGH PLAINS AQUIFERS | LAMB,477,477,477,477,477,477
1714,54,"MANUFACTURING, LAMPASAS",MANUFACTURING,G,LAMPASAS,N,BRAZOS RIVER AUTHORITY LITTLE RIVER LAKE/RESERVOIR SYSTEM,137,151,165,178,195,213
1714,655,"MANUFACTURING, LAMPASAS",MANUFACTURING,G,LAMPASAS,N,BRAZOS RUN-OF-RIVER,38,29,19,10,0,0
1715,325,"MANUFACTURING, LAVACA",MANUFACTURING,P,LAVACA,N,GULF COAST AQUIFER SYSTEM | LAVACA,634,634,634,634,634,634
1716,101,"MANUFACTURING, LEE",MANUFACTURING,G,LEE,N,CARRIZO-WILCOX AQUIFER | LEE,14,15,16,17,18,18
1717,102,"MANUFACTURING, LEON",MANUFACTURING,H,LEON,N,CARRIZO-WILCOX AQUIFER | LEON,882,882,882,882,882,882
1717,169,"MANUFACTURING, LEON",MANUFACTURING,H,LEON,N,DIRECT REUSE,58,58,58,58,58,58
1718,326,"MANUFACTURING, LIBERTY",MANUFACTURING,H,LIBERTY,N,GULF COAST AQUIFER SYSTEM | LIBERTY,239,248,257,267,277,287
1719,103,"MANUFACTURING, LIMESTONE",MANUFACTURING,G,LIMESTONE,N,CARRIZO-WILCOX AQUIFER | LIMESTONE,7,7,8,10,11,11
1719,428,"MANUFACTURING, LIMESTONE",MANUFACTURING,G,LIMESTONE,N,MEXIA LAKE/RESERVOIR,19,19,19,19,19,19
1720,169,"MANUFACTURING, LIPSCOMB",MANUFACTURING,A,LIPSCOMB,N,DIRECT REUSE,300,300,300,300,300,300
1720,489,"MANUFACTURING, LIPSCOMB",MANUFACTURING,A,LIPSCOMB,N,OGALLALA AQUIFER | LIPSCOMB,151,158,161,161,163,162
1720,496,"MANUFACTURING, LIPSCOMB",MANUFACTURING,A,LIPSCOMB,N,OGALLALA AQUIFER | OCHILTREE,169,165,160,153,148,139
1721,163,"MANUFACTURING, LIVE OAK",MANUFACTURING,N,LIVE OAK,N,CORPUS CHRISTI-CHOKE CANYON LAKE/RESERVOIR SYSTEM,395,447,501,558,616,677
1721,327,"MANUFACTURING, LIVE OAK",MANUFACTURING,N,LIVE OAK,N,GULF COAST AQUIFER SYSTEM | LIVE OAK,2054,2054,2054,2054,2054,2054
1721,665,"MANUFACTURING, LIVE OAK",MANUFACTURING,N,LIVE OAK,N,NUECES RUN-OF-RIVER,394,447,502,558,617,678
1722,362,"MANUFACTURING, LLANO",MANUFACTURING,K,LLANO,N,HICKORY AQUIFER | LLANO,4,4,4,4,4,4
1723,490,"MANUFACTURING, LUBBOCK",MANUFACTURING,O,LUBBOCK,N,OGALLALA AND EDWARDS-TRINITY-HIGH PLAINS AQUIFERS | LUBBOCK,1407,1407,1407,1407,1407,1407
1725,48,"MANUFACTURING, MCLENNAN",MANUFACTURING,G,MCLENNAN,N,BRAZOS RIVER ALLUVIUM AQUIFER | MCLENNAN,783,783,783,783,783,783
1725,54,"MANUFACTURING, MCLENNAN",MANUFACTURING,G,MCLENNAN,N,BRAZOS RIVER AUTHORITY LITTLE RIVER LAKE/RESERVOIR SYSTEM,4,4,4,4,4,4
1725,791,"MANUFACTURING, MCLENNAN",MANUFACTURING,G,MCLENNAN,N,TRINITY AQUIFER | MCLENNAN,959,959,959,959,959,959
1725,818,"MANUFACTURING, MCLENNAN",MANUFACTURING,G,MCLENNAN,N,WACO LAKE/RESERVOIR,2888,3249,3618,3948,4403,4403
1729,328,"MANUFACTURING, MATAGORDA",MANUFACTURING,K,MATAGORDA,N,GULF COAST AQUIFER SYSTEM | MATAGORDA,1576,1576,1576,1576,1576,1576
1729,658,"MANUFACTURING, MATAGORDA",MANUFACTURING,K,MATAGORDA,N,COLORADO RUN-OF-RIVER,33802,33802,33802,33802,33802,33802
1730,6,"MANUFACTURING, MAVERICK",MANUFACTURING,M,MAVERICK,N,AMISTAD-FALCON LAKE/RESERVOIR SYSTEM,106,106,106,106,106,106
1730,107,"MANUFACTURING, MAVERICK",MANUFACTURING,M,MAVERICK,N,CARRIZO-WILCOX AQUIFER | MAVERICK,3,3,3,3,3,3
1731,109,"MANUFACTURING, MEDINA",MANUFACTURING,L,MEDINA,N,CARRIZO-WILCOX AQUIFER | MEDINA,2,2,2,2,2,2
1731,214,"MANUFACTURING, MEDINA",MANUFACTURING,L,MEDINA,N,EDWARDS-BFZ AQUIFER | MEDINA,1567,1567,1567,1567,1567,1567
1731,958,"MANUFACTURING, MEDINA",MANUFACTURING,L,MEDINA,N,LEONA GRAVEL AQUIFER | MEDINA,15,15,15,15,15,15
1732,158,"MANUFACTURING, MIDLAND",MANUFACTURING,F,MIDLAND,N,COLORADO RIVER MWD LAKE/RESERVOIR SYSTEM,72,72,72,72,72,72
1732,169,"MANUFACTURING, MIDLAND",MANUFACTURING,F,MIDLAND,N,DIRECT REUSE,6727,6727,6727,6727,6727,6727
1732,244,"MANUFACTURING, MIDLAND",MANUFACTURING,F,MIDLAND,N,"EDWARDS-TRINITY-PLATEAU, PECOS VALLEY, AND TRINITY AQUIFERS | MIDLAND",668,907,1155,1412,1679,1956
1732,493,"MANUFACTURING, MIDLAND",MANUFACTURING,F,MIDLAND,N,OGALLALA AQUIFER | MIDLAND,18,18,18,18,18,18
1734,794,"MANUFACTURING, MILLS",MANUFACTURING,K,MILLS,N,TRINITY AQUIFER | MILLS,2,2,2,2,2,2
1736,330,"MANUFACTURING, MONTGOMERY",MANUFACTURING,H,MONTGOMERY,N,GULF COAST AQUIFER SYSTEM | MONTGOMERY,1196,999,861,777,726,680
1737,494,"MANUFACTURING, MOORE",MANUFACTURING,A,MOORE,N,OGALLALA AQUIFER | MOORE,9847,9556,9296,9068,8859,8668
1737,1174,"MANUFACTURING, MOORE",MANUFACTURING,A,MOORE,N,WATER RECYCLING,500,500,500,500,500,500
1738,169,"MANUFACTURING, MORRIS",MANUFACTURING,D,MORRIS,N,DIRECT REUSE,66660,61344,62600,71474,65248,65248
1738,273,"MANUFACTURING, MORRIS",MANUFACTURING,D,MORRIS,N,ELLISON CREEK LAKE/RESERVOIR,13037,13037,13037,13037,13037,13037
1738,457,"MANUFACTURING, MORRIS",MANUFACTURING,D,MORRIS,N,O' THE PINES LAKE/RESERVOIR,32400,32400,32400,32400,32400,32400
1738,635,"MANUFACTURING, MORRIS",MANUFACTURING,D,MORRIS,N,QUEEN CITY AQUIFER | MORRIS,3163,3163,3163,3163,3163,3163
1740,112,"MANUFACTURING, NACOGDOCHES",MANUFACTURING,I,NACOGDOCHES,N,CARRIZO-WILCOX AQUIFER | NACOGDOCHES,902,951,1004,1061,1120,1184
1740,451,"MANUFACTURING, NACOGDOCHES",MANUFACTURING,I,NACOGDOCHES,N,NACOGDOCHES LAKE/RESERVOIR,1990,2048,2106,2164,2224,2284
1740,683,"MANUFACTURING, NACOGDOCHES",MANUFACTURING,I,NACOGDOCHES,N,SAM RAYBURN-STEINHAGEN LAKE/RESERVOIR SYSTEM,10000,10000,10000,10000,10000,10000
1741,453,"MANUFACTURING, NAVARRO",MANUFACTURING,C,NAVARRO,N,NAVARRO MILLS LAKE/RESERVOIR,1357,1373,1337,1310,1277,1247
1741,652,"MANUFACTURING, NAVARRO",MANUFACTURING,C,NAVARRO,N,CORSICANA RICHLAND CHAMBERS-HALBERT LAKE/RESERVOIR SYSTEM,272,275,268,262,256,249
1741,810,"MANUFACTURING, NAVARRO",MANUFACTURING,C,NAVARRO,N,TRWD LAKE/RESERVOIR SYSTEM,4,4,5,5,5,5
1742,331,"MANUFACTURING, NEWTON",MANUFACTURING,I,NEWTON,N,GULF COAST AQUIFER SYSTEM | NEWTON,394,394,394,394,394,394
1742,669,"MANUFACTURING, NEWTON",MANUFACTURING,I,NEWTON,N,SABINE RUN-OF-RIVER,5746,5973,6209,6453,6706,6969
1743,190,"MANUFACTURING, NOLAN",MANUFACTURING,G,NOLAN,N,DOCKUM AQUIFER | NOLAN,365,363,361,361,361,361
1743,245,"MANUFACTURING, NOLAN",MANUFACTURING,G,NOLAN,N,"EDWARDS-TRINITY-PLATEAU, PECOS VALLEY, AND TRINITY AQUIFERS | NOLAN",132,132,132,132,132,132
1744,163,"MANUFACTURING, NUECES",MANUFACTURING,N,NUECES,N,CORPUS CHRISTI-CHOKE CANYON LAKE/RESERVOIR SYSTEM,5499,4434,3629,2943,2219,2240
1744,169,"MANUFACTURING, NUECES",MANUFACTURING,N,NUECES,N,DIRECT REUSE,1128,1128,1128,1128,1128,1128
1744,332,"MANUFACTURING, NUECES",MANUFACTURING,N,NUECES,N,GULF COAST AQUIFER SYSTEM | NUECES,3240,3240,3240,3240,3240,3240
1744,658,"MANUFACTURING, NUECES",MANUFACTURING,N,NUECES,N,COLORADO RUN-OF-RIVER,3412,2470,1535,848,125,0
1744,742,"MANUFACTURING, NUECES",MANUFACTURING,N,NUECES,N,TEXANA LAKE/RESERVOIR,3412,2212,1536,848,125,0
1745,333,"MANUFACTURING, ORANGE",MANUFACTURING,I,ORANGE,N,GULF COAST AQUIFER SYSTEM | ORANGE,5865,5865,5865,5865,5865,5865
1745,669,"MANUFACTURING, ORANGE",MANUFACTURING,I,ORANGE,N,SABINE RUN-OF-RIVER,78364,78364,78364,78364,78364,78364
1745,748,"MANUFACTURING, ORANGE",MANUFACTURING,I,ORANGE,N,TOLEDO BEND LAKE/RESERVOIR,29148,29148,29148,31560,35844,40287
1746,602,"MANUFACTURING, PALO PINTO",MANUFACTURING,G,PALO PINTO,N,PALO PINTO LAKE/RESERVOIR,10,10,10,10,10,10
1747,114,"MANUFACTURING, PANOLA",MANUFACTURING,I,PANOLA,N,CARRIZO-WILCOX AQUIFER | PANOLA,128,137,147,156,166,177
1747,437,"MANUFACTURING, PANOLA",MANUFACTURING,I,PANOLA,N,MURVAUL LAKE/RESERVOIR,1056,1095,1135,1178,1222,1267
1747,669,"MANUFACTURING, PANOLA",MANUFACTURING,I,PANOLA,N,SABINE RUN-OF-RIVER,114,114,114,114,114,114
1748,602,"MANUFACTURING, PARKER",MANUFACTURING,C,PARKER,N,PALO PINTO LAKE/RESERVOIR,25,25,25,25,25,25
1748,798,"MANUFACTURING, PARKER",MANUFACTURING,C,PARKER,N,TRINITY AQUIFER | PARKER,30,30,30,30,30,30
1748,810,"MANUFACTURING, PARKER",MANUFACTURING,C,PARKER,N,TRWD LAKE/RESERVOIR SYSTEM,25,25,26,24,25,25
1749,498,"MANUFACTURING, PARMER",MANUFACTURING,O,PARMER,N,OGALLALA AND EDWARDS-TRINITY-HIGH PLAINS AQUIFERS | PARMER,2619,2619,2619,2619,2619,2619
1750,246,"MANUFACTURING, PECOS",MANUFACTURING,F,PECOS,N,"EDWARDS-TRINITY-PLATEAU, PECOS VALLEY, AND TRINITY AQUIFERS | PECOS",243,252,261,271,281,291
1751,334,"MANUFACTURING, POLK",MANUFACTURING,H,POLK,Y,GULF COAST AQUIFER SYSTEM | POLK,16,16,16,16,16,16
1751,334,"MANUFACTURING, POLK",MANUFACTURING,I,POLK,Y,GULF COAST AQUIFER SYSTEM | POLK,401,416,431,447,463,480
1752,169,"MANUFACTURING, POTTER",MANUFACTURING,A,POTTER,N,DIRECT REUSE,1600,1600,1600,1600,1600,1600
1752,193,"MANUFACTURING, POTTER",MANUFACTURING,A,POTTER,N,DOCKUM AQUIFER | POTTER,108,107,107,108,108,106
1752,427,"MANUFACTURING, POTTER",MANUFACTURING,A,POTTER,N,MEREDITH LAKE/RESERVOIR,845,725,647,544,438,332
1752,465,"MANUFACTURING, POTTER",MANUFACTURING,A,POTTER,N,OGALLALA AQUIFER | CARSON,2840,2780,2710,2685,2691,2664
1752,472,"MANUFACTURING, POTTER",MANUFACTURING,A,POTTER,N,OGALLALA AND EDWARDS-TRINITY-HIGH PLAINS AQUIFERS | DEAF SMITH,17,8,8,0,0,0
1752,499,"MANUFACTURING, POTTER",MANUFACTURING,A,POTTER,N,OGALLALA AQUIFER | POTTER,802,758,710,665,636,610
1752,500,"MANUFACTURING, POTTER",MANUFACTURING,A,POTTER,N,OGALLALA AQUIFER | RANDALL,128,94,78,68,40,39
1752,501,"MANUFACTURING, POTTER",MANUFACTURING,A,POTTER,N,OGALLALA AQUIFER | ROBERTS,4734,4296,4033,3607,3580,3564
1753,738,"MANUFACTURING, RAINS",MANUFACTURING,D,RAINS,N,TAWAKONI LAKE/RESERVOIR,12,12,12,12,12,12
1754,193,"MANUFACTURING, RANDALL",MANUFACTURING,A,RANDALL,N,DOCKUM AQUIFER | POTTER,13,13,13,13,13,13
1754,427,"MANUFACTURING, RANDALL",MANUFACTURING,A,RANDALL,N,MEREDITH LAKE/RESERVOIR,104,89,79,66,53,40
1754,465,"MANUFACTURING, RANDALL",MANUFACTURING,A,RANDALL,N,OGALLALA AQUIFER | CARSON,350,340,330,325,324,319
1754,472,"MANUFACTURING, RANDALL",MANUFACTURING,A,RANDALL,N,OGALLALA AND EDWARDS-TRINITY-HIGH PLAINS AQUIFERS | DEAF SMITH,2,1,1,0,0,0
1754,499,"MANUFACTURING, RANDALL",MANUFACTURING,A,RANDALL,N,OGALLALA AQUIFER | POTTER,57,51,45,39,35,32
1754,500,"MANUFACTURING, RANDALL",MANUFACTURING,A,RANDALL,N,OGALLALA AQUIFER | RANDALL,21,17,14,13,10,10
1754,501,"MANUFACTURING, RANDALL",MANUFACTURING,A,RANDALL,N,OGALLALA AQUIFER | ROBERTS,582,526,491,437,431,427
1755,32,"MANUFACTURING, RED RIVER",MANUFACTURING,D,RED RIVER,N,BLOSSOM AQUIFER | RED RIVER,1,1,1,1,1,1
1755,401,"MANUFACTURING, RED RIVER",MANUFACTURING,D,RED RIVER,N,LANGFORD LAKE/RESERVOIR,7,0,0,0,0,0
1755,674,"MANUFACTURING, RED RIVER",MANUFACTURING,D,RED RIVER,N,SULPHUR RUN-OF-RIVER,5046,5046,5046,5046,5046,5046
1756,1001,"MANUFACTURING, REEVES",MANUFACTURING,F,REEVES,N,EDWARDS-TRINITY-PLATEAU AND PECOS VALLEY AQUIFERS | REEVES,45,47,49,51,53,55
1757,117,"MANUFACTURING, ROBERTSON",MANUFACTURING,G,ROBERTSON,N,CARRIZO-WILCOX AQUIFER | ROBERTSON,4617,4617,4617,4617,4617,4617
1758,390,"MANUFACTURING, ROCKWALL",MANUFACTURING,C,ROCKWALL,N,TRINITY INDIRECT REUSE,149,136,124,117,115,115
1758,738,"MANUFACTURING, ROCKWALL",MANUFACTURING,C,ROCKWALL,N,TAWAKONI LAKE/RESERVOIR,9,8,7,7,7,7
1758,1068,"MANUFACTURING, ROCKWALL",MANUFACTURING,C,ROCKWALL,N,NORTH TEXAS MWD LAKE/RESERVOIR SYSTEM,248,215,188,170,160,155
1759,507,"MANUFACTURING, RUNNELS",MANUFACTURING,F,RUNNELS,N,OH IVIE LAKE/RESERVOIR NON-SYSTEM PORTION,4,4,4,4,4,4
1760,118,"MANUFACTURING, RUSK",MANUFACTURING,I,RUSK,N,CARRIZO-WILCOX AQUIFER | RUSK,244,244,244,244,244,244
1760,663,"MANUFACTURING, RUSK",MANUFACTURING,I,RUSK,N,NECHES RUN-OF-RIVER,1,1,1,1,1,1
1761,169,"MANUFACTURING, SABINE",MANUFACTURING,I,SABINE,N,DIRECT REUSE,20,20,20,20,20,20
1761,576,"MANUFACTURING, SABINE",MANUFACTURING,I,SABINE,N,OTHER AQUIFER | SABINE,336,336,336,336,336,336
1761,663,"MANUFACTURING, SABINE",MANUFACTURING,I,SABINE,N,NECHES RUN-OF-RIVER,162,162,162,162,162,162
1761,865,"MANUFACTURING, SABINE",MANUFACTURING,I,SABINE,N,YEGUA-JACKSON AQUIFER | SABINE,45,45,45,45,45,45
1762,120,"MANUFACTURING, SAN AUGUSTINE",MANUFACTURING,I,SAN AUGUSTINE,N,CARRIZO-WILCOX AQUIFER | SAN AUGUSTINE,8,8,8,8,8,8
1763,337,"MANUFACTURING, SAN JACINTO",MANUFACTURING,H,SAN JACINTO,N,GULF COAST AQUIFER SYSTEM | SAN JACINTO,9,9,9,9,9,9
1764,163,"MANUFACTURING, SAN PATRICIO",MANUFACTURING,N,SAN PATRICIO,N,CORPUS CHRISTI-CHOKE CANYON LAKE/RESERVOIR SYSTEM,49409,49215,49139,49178,49219,49171
1764,338,"MANUFACTURING, SAN PATRICIO",MANUFACTURING,N,SAN PATRICIO,N,GULF COAST AQUIFER SYSTEM | SAN PATRICIO,110,110,110,110,110,110
1764,742,"MANUFACTURING, SAN PATRICIO",MANUFACTURING,N,SAN PATRICIO,N,TEXANA LAKE/RESERVOIR,17978,17782,17706,17749,17787,17740
1765,423,"MANUFACTURING, SAN SABA",MANUFACTURING,K,SAN SABA,N,MARBLE FALLS AQUIFER | SAN SABA,24,24,24,24,24,24
1766,121,"MANUFACTURING, SHELBY",MANUFACTURING,I,SHELBY,N,CARRIZO-WILCOX AQUIFER | SHELBY,218,247,247,247,247,247
1766,147,"MANUFACTURING, SHELBY",MANUFACTURING,I,SHELBY,N,CENTER LAKE/RESERVOIR,88,81,76,73,72,71
1766,169,"MANUFACTURING, SHELBY",MANUFACTURING,I,SHELBY,N,DIRECT REUSE,80,80,80,80,80,80
1766,607,"MANUFACTURING, SHELBY",MANUFACTURING,I,SHELBY,N,PINKSTON LAKE/RESERVOIR,633,587,544,526,513,508
1767,122,"MANUFACTURING, SMITH",MANUFACTURING,D,SMITH,Y,CARRIZO-WILCOX AQUIFER | SMITH,7,8,2,2,2,2
1767,122,"MANUFACTURING, SMITH",MANUFACTURING,I,SMITH,Y,CARRIZO-WILCOX AQUIFER | SMITH,888,687,616,565,257,236
1767,580,"MANUFACTURING, SMITH",MANUFACTURING,I,SMITH,Y,OTHER AQUIFER | SMITH,389,389,389,389,389,389
1767,600,"MANUFACTURING, SMITH",MANUFACTURING,D,SMITH,Y,PALESTINE LAKE/RESERVOIR,6,6,6,7,7,7
1767,600,"MANUFACTURING, SMITH",MANUFACTURING,I,SMITH,Y,PALESTINE LAKE/RESERVOIR,961,996,1032,1070,1109,1151
1767,639,"MANUFACTURING, SMITH",MANUFACTURING,I,SMITH,Y,QUEEN CITY AQUIFER | SMITH,100,100,100,100,100,100
1767,815,"MANUFACTURING, SMITH",MANUFACTURING,D,SMITH,Y,TYLER LAKE/RESERVOIR,6,6,6,5,7,6
1767,815,"MANUFACTURING, SMITH",MANUFACTURING,I,SMITH,Y,TYLER LAKE/RESERVOIR,841,870,899,930,959,992
1768,802,"MANUFACTURING, SOMERVELL",MANUFACTURING,G,SOMERVELL,N,TRINITY AQUIFER | SOMERVELL,5,5,5,5,5,5
1769,373,"MANUFACTURING, STEPHENS",MANUFACTURING,G,STEPHENS,N,HUBBARD CREEK LAKE/RESERVOIR,8,8,8,8,8,8
1770,279,"MANUFACTURING, TARRANT",MANUFACTURING,C,TARRANT,N,FORK LAKE/RESERVOIR,1,1,1,1,1,1
1770,390,"MANUFACTURING, TARRANT",MANUFACTURING,C,TARRANT,N,TRINITY INDIRECT REUSE,1,1,2,2,2,2
1770,648,"MANUFACTURING, TARRANT",MANUFACTURING,C,TARRANT,N,RAY HUBBARD LAKE/RESERVOIR,1,1,1,1,1,1
1770,650,"MANUFACTURING, TARRANT",MANUFACTURING,C,TARRANT,N,RAY ROBERTS-LEWISVILLE-GRAPEVINE LAKE/RESERVOIR SYSTEM,4,4,3,2,2,3
1770,738,"MANUFACTURING, TARRANT",MANUFACTURING,C,TARRANT,N,TAWAKONI LAKE/RESERVOIR,6,5,5,5,5,4
1770,803,"MANUFACTURING, TARRANT",MANUFACTURING,C,TARRANT,N,TRINITY AQUIFER | TARRANT,256,256,256,256,256,256
1770,810,"MANUFACTURING, TARRANT",MANUFACTURING,C,TARRANT,N,TRWD LAKE/RESERVOIR SYSTEM,10413,9518,9173,8676,8343,8128
1771,507,"MANUFACTURING, TAYLOR",MANUFACTURING,G,TAYLOR,N,OH IVIE LAKE/RESERVOIR NON-SYSTEM PORTION,671,671,0,0,0,0
1772,504,"MANUFACTURING, TERRY",MANUFACTURING,O,TERRY,N,OGALLALA AND EDWARDS-TRINITY-HIGH PLAINS AQUIFERS | TERRY,35,35,35,35,35,35
1773,33,"MANUFACTURING, TITUS",MANUFACTURING,D,TITUS,N,BOB SANDLIN LAKE/RESERVOIR,2795,2859,2922,2933,3067,3101
1773,123,"MANUFACTURING, TITUS",MANUFACTURING,D,TITUS,N,CARRIZO-WILCOX AQUIFER | TITUS,2027,2150,2140,1881,1751,1751
1773,169,"MANUFACTURING, TITUS",MANUFACTURING,D,TITUS,N,DIRECT REUSE,160,160,160,160,160,160
1773,737,"MANUFACTURING, TITUS",MANUFACTURING,D,TITUS,N,TANKERSLEY LAKE/RESERVOIR,550,550,550,550,550,550
1774,364,"MANUFACTURING, TOM GREEN",MANUFACTURING,F,TOM GREEN,N,HICKORY AQUIFER | MCCULLOCH,209,247,241,237,232,227
1774,408,"MANUFACTURING, TOM GREEN",MANUFACTURING,F,TOM GREEN,N,LIPAN AQUIFER | TOM GREEN,473,470,511,550,593,636
1774,507,"MANUFACTURING, TOM GREEN",MANUFACTURING,F,TOM GREEN,N,OH IVIE LAKE/RESERVOIR NON-SYSTEM PORTION,99,93,88,84,80,76
1774,658,"MANUFACTURING, TOM GREEN",MANUFACTURING,F,TOM GREEN,N,COLORADO RUN-OF-RIVER,10,10,10,10,9,9
1775,215,"MANUFACTURING, TRAVIS",MANUFACTURING,K,TRAVIS,N,EDWARDS-BFZ AQUIFER | TRAVIS,279,279,279,279,279,279
1775,368,"MANUFACTURING, TRAVIS",MANUFACTURING,K,TRAVIS,N,HIGHLAND LAKES LAKE/RESERVOIR SYSTEM,276,276,276,276,276,276
1775,658,"MANUFACTURING, TRAVIS",MANUFACTURING,K,TRAVIS,N,COLORADO RUN-OF-RIVER,19363,22470,25599,28752,29429,30131
1777,125,"MANUFACTURING, UPSHUR",MANUFACTURING,D,UPSHUR,N,CARRIZO-WILCOX AQUIFER | UPSHUR,6,6,6,6,6,6
1779,127,"MANUFACTURING, VAN ZANDT",MANUFACTURING,D,VAN ZANDT,N,CARRIZO-WILCOX AQUIFER | VAN ZANDT,158,158,164,166,156,160
1779,669,"MANUFACTURING, VAN ZANDT",MANUFACTURING,D,VAN ZANDT,N,SABINE RUN-OF-RIVER,54,54,54,54,54,54
1780,342,"MANUFACTURING, VICTORIA",MANUFACTURING,L,VICTORIA,N,GULF COAST AQUIFER SYSTEM | VICTORIA,470,470,470,470,470,470
1780,661,"MANUFACTURING, VICTORIA",MANUFACTURING,L,VICTORIA,N,GUADALUPE RUN-OF-RIVER,2,2,2,2,2,2
1781,343,"MANUFACTURING, WALKER",MANUFACTURING,H,WALKER,N,GULF COAST AQUIFER SYSTEM | WALKER,190,196,204,211,219,227
1781,675,"MANUFACTURING, WALKER",MANUFACTURING,H,WALKER,N,TRINITY RUN-OF-RIVER,337,337,337,337,337,337
1781,870,"MANUFACTURING, WALKER",MANUFACTURING,H,WALKER,N,YEGUA-JACKSON AQUIFER | WALKER,87,91,94,98,101,105
1782,169,"MANUFACTURING, WALLER",MANUFACTURING,H,WALLER,N,DIRECT REUSE,16,16,16,16,16,16
1782,344,"MANUFACTURING, WALLER",MANUFACTURING,H,WALLER,N,GULF COAST AQUIFER SYSTEM | WALLER,158,164,170,176,183,190
1784,55,"MANUFACTURING, WASHINGTON",MANUFACTURING,G,WASHINGTON,N,BRAZOS RIVER AUTHORITY MAIN STEM LAKE/RESERVOIR SYSTEM,208,208,208,208,208,208
1784,345,"MANUFACTURING, WASHINGTON",MANUFACTURING,G,WASHINGTON,N,GULF COAST AQUIFER SYSTEM | WASHINGTON,369,369,369,369,369,369
1785,6,"MANUFACTURING, WEBB",MANUFACTURING,M,WEBB,N,AMISTAD-FALCON LAKE/RESERVOIR SYSTEM,103,103,103,103,103,103
1785,129,"MANUFACTURING, WEBB",MANUFACTURING,M,WEBB,N,CARRIZO-WILCOX AQUIFER | WEBB,44,44,44,44,44,44
1786,347,"MANUFACTURING, WHARTON",MANUFACTURING,K,WHARTON,Y,GULF COAST AQUIFER SYSTEM | WHARTON,94,94,94,94,94,94
1786,347,"MANUFACTURING, WHARTON",MANUFACTURING,P,WHARTON,Y,GULF COAST AQUIFER SYSTEM | WHARTON,38,38,38,38,38,38
1787,169,"MANUFACTURING, WICHITA",MANUFACTURING,B,WICHITA,N,DIRECT REUSE,190,190,190,190,190,190
1787,386,"MANUFACTURING, WICHITA",MANUFACTURING,B,WICHITA,N,RED INDIRECT REUSE,215,236,241,247,256,262
1787,705,"MANUFACTURING, WICHITA",MANUFACTURING,B,WICHITA,N,SEYMOUR AQUIFER | WICHITA,129,129,129,129,129,129
1787,830,"MANUFACTURING, WICHITA",MANUFACTURING,B,WICHITA,N,LITTLE WICHITA RIVER LAKE/RESERVOIR SYSTEM,430,401,383,367,348,329
1788,706,"MANUFACTURING, WILBARGER",MANUFACTURING,B,WILBARGER,N,SEYMOUR AQUIFER | WILBARGER,1110,1151,1194,1238,1284,1332
1790,54,"MANUFACTURING, WILLIAMSON",MANUFACTURING,G,WILLIAMSON,Y,BRAZOS RIVER AUTHORITY LITTLE RIVER LAKE/RESERVOIR SYSTEM,595,595,594,593,592,591
1790,54,"MANUFACTURING, WILLIAMSON",MANUFACTURING,K,WILLIAMSON,Y,BRAZOS RIVER AUTHORITY LITTLE RIVER LAKE/RESERVOIR SYSTEM,0,0,1,2,3,4
1790,110,"MANUFACTURING, WILLIAMSON",MANUFACTURING,G,WILLIAMSON,Y,CARRIZO-WILCOX AQUIFER | MILAM,12500,12500,12500,12500,12500,12500
1790,217,"MANUFACTURING, WILLIAMSON",MANUFACTURING,G,WILLIAMSON,Y,EDWARDS-BFZ AQUIFER | WILLIAMSON,123,116,114,114,114,114
1790,368,"MANUFACTURING, WILLIAMSON",MANUFACTURING,G,WILLIAMSON,Y,HIGHLAND LAKES LAKE/RESERVOIR SYSTEM,373,373,373,373,373,373
1790,658,"MANUFACTURING, WILLIAMSON",MANUFACTURING,K,WILLIAMSON,Y,COLORADO RUN-OF-RIVER,14,15,16,17,18,19
1790,807,"MANUFACTURING, WILLIAMSON",MANUFACTURING,K,WILLIAMSON,Y,TRINITY AQUIFER | WILLIAMSON,15,15,15,15,15,15
1791,130,"MANUFACTURING, WILSON",MANUFACTURING,L,WILSON,N,CARRIZO-WILCOX AQUIFER | WILSON,57,57,57,57,57,57
1792,808,"MANUFACTURING, WISE",MANUFACTURING,C,WISE,N,TRINITY AQUIFER | WISE,204,213,223,233,243,254
1792,810,"MANUFACTURING, WISE",MANUFACTURING,C,WISE,N,TRWD LAKE/RESERVOIR SYSTEM,43,38,35,32,30,28
1793,131,"MANUFACTURING, WOOD",MANUFACTURING,D,WOOD,N,CARRIZO-WILCOX AQUIFER | WOOD,1502,1502,1502,1502,1502,1502
1794,290,"MANUFACTURING, YOUNG",MANUFACTURING,G,YOUNG,N,GRAHAM/EDDLEMAN LAKE/RESERVOIR,2,2,2,2,2,2
1794,509,"MANUFACTURING, YOUNG",MANUFACTURING,G,YOUNG,N,OLNEY-COOPER LAKE/RESERVOIR SYSTEM,25,25,25,25,25,25
1794,1074,"MANUFACTURING, YOUNG",MANUFACTURING,G,YOUNG,N,CROSS TIMBERS AQUIFER | YOUNG,62,67,70,77,85,85
1795,132,"MANUFACTURING, ZAVALA",MANUFACTURING,L,ZAVALA,N,CARRIZO-WILCOX AQUIFER | ZAVALA,0,0,0,0,0,0
1796,299,MANVEL,MUNICIPAL,H,BRAZORIA,N,GULF COAST AQUIFER SYSTEM | BRAZORIA,786,794,784,776,773,771
1797,79,MANVILLE WSC,MUNICIPAL,G,WILLIAMSON,Y,CARRIZO-WILCOX AQUIFER | BURLESON,1218,1255,1266,1282,1297,1313
1797,79,MANVILLE WSC,MUNICIPAL,K,TRAVIS,Y,CARRIZO-WILCOX AQUIFER | BURLESON,0,612,601,585,570,554
1797,101,MANVILLE WSC,MUNICIPAL,G,WILLIAMSON,Y,CARRIZO-WILCOX AQUIFER | LEE,30,0,0,0,0,0
1797,101,MANVILLE WSC,MUNICIPAL,K,TRAVIS,Y,CARRIZO-WILCOX AQUIFER | LEE,3932,4263,5107,5946,6896,7973
1798,169,MARBLE FALLS,MUNICIPAL,K,BURNET,N,DIRECT REUSE,977,977,977,977,977,977
1798,262,MARBLE FALLS,MUNICIPAL,K,BURNET,N,ELLENBURGER-SAN SABA AQUIFER | BURNET,330,330,330,330,330,330
1798,368,MARBLE FALLS,MUNICIPAL,K,BURNET,N,HIGHLAND LAKES LAKE/RESERVOIR SYSTEM,3000,3000,3000,3000,3000,3000
1799,380,MARFA,MUNICIPAL,E,PRESIDIO,N,IGNEOUS AQUIFER | PRESIDIO,2097,2097,2097,2097,2097,2097
1800,64,MARION,MUNICIPAL,L,GUADALUPE,N,CANYON LAKE/RESERVOIR,100,100,100,100,100,100
1800,90,MARION,MUNICIPAL,L,GUADALUPE,N,CARRIZO-WILCOX AQUIFER | GONZALES,200,200,200,200,200,200
1800,169,MARION,MUNICIPAL,L,GUADALUPE,N,DIRECT REUSE,23,45,45,45,45,45
1800,211,MARION,MUNICIPAL,L,GUADALUPE,N,EDWARDS-BFZ AQUIFER | GUADALUPE,78,78,78,78,78,78
1801,55,MARLIN,MUNICIPAL,G,FALLS,N,BRAZOS RIVER AUTHORITY MAIN STEM LAKE/RESERVOIR SYSTEM,600,650,700,750,800,800
1801,655,MARLIN,MUNICIPAL,G,FALLS,N,BRAZOS RUN-OF-RIVER,0,0,0,0,0,0
1801,1139,MARLIN,MUNICIPAL,G,FALLS,N,NEW MARLIN CITY LAKE/RESERVOIR,1760,1748,1736,1724,1712,1700
1802,791,MART,MUNICIPAL,G,MCLENNAN,N,TRINITY AQUIFER | MCLENNAN,192,192,192,192,192,192
1802,1175,MART,MUNICIPAL,G,MCLENNAN,N,NEW LAKE MART LAKE/RESERVOIR,0,0,0,0,0,0
1803,96,MARTIN SPRINGS WSC,MUNICIPAL,D,HOPKINS,N,CARRIZO-WILCOX AQUIFER | HOPKINS,444,443,445,446,446,446
1803,148,MARTIN SPRINGS WSC,MUNICIPAL,D,HOPKINS,N,CHAPMAN/COOPER LAKE/RESERVOIR NON-SYSTEM PORTION,223,223,223,223,223,223
1804,64,MARTINDALE WSC,MUNICIPAL,L,CALDWELL,Y,CANYON LAKE/RESERVOIR,163,161,157,154,152,149
1804,64,MARTINDALE WSC,MUNICIPAL,L,GUADALUPE,Y,CANYON LAKE/RESERVOIR,25,27,31,34,36,39
1804,661,MARTINDALE WSC,MUNICIPAL,L,CALDWELL,Y,GUADALUPE RUN-OF-RIVER,226,221,216,212,208,205
1804,661,MARTINDALE WSC,MUNICIPAL,L,GUADALUPE,Y,GUADALUPE RUN-OF-RIVER,32,37,42,46,50,53
1804,1119,MARTINDALE WSC,MUNICIPAL,L,CALDWELL,Y,SAN MARCOS RIVER ALLUVIUM AQUIFER | CALDWELL,31,31,31,31,31,31
1806,363,MASON,MUNICIPAL,F,MASON,N,HICKORY AQUIFER | MASON,709,748,786,790,794,798
1807,315,MASON CREEK UD,MUNICIPAL,H,HARRIS,N,GULF COAST AQUIFER SYSTEM | HARRIS,1400,1123,1123,1123,1129,1134
1808,564,MATADOR,MUNICIPAL,O,MOTLEY,N,OTHER AQUIFER | MOTLEY,192,192,192,192,192,192
1808,702,MATADOR,MUNICIPAL,O,MOTLEY,N,SEYMOUR AQUIFER | MOTLEY,582,582,582,582,582,582
1809,163,MATHIS,MUNICIPAL,N,SAN PATRICIO,N,CORPUS CHRISTI-CHOKE CANYON LAKE/RESERVOIR SYSTEM,234,209,200,208,217,225
1809,742,MATHIS,MUNICIPAL,N,SAN PATRICIO,N,TEXANA LAKE/RESERVOIR,235,210,200,209,217,226
1810,854,MAUD,MUNICIPAL,D,BOWIE,N,WRIGHT PATMAN LAKE/RESERVOIR,0,0,0,0,0,0
1811,333,MAURICEVILLE SUD,MUNICIPAL,I,JASPER,Y,GULF COAST AQUIFER SYSTEM | ORANGE,10,10,10,10,9,9
1811,333,MAURICEVILLE SUD,MUNICIPAL,I,NEWTON,Y,GULF COAST AQUIFER SYSTEM | ORANGE,31,31,30,27,23,20
1811,333,MAURICEVILLE SUD,MUNICIPAL,I,ORANGE,Y,GULF COAST AQUIFER SYSTEM | ORANGE,725,767,791,798,795,789
1812,64,MAXWELL SUD,MUNICIPAL,L,CALDWELL,Y,CANYON LAKE/RESERVOIR,416,355,302,254,221,198
1812,64,MAXWELL SUD,MUNICIPAL,L,HAYS,Y,CANYON LAKE/RESERVOIR,472,533,586,634,667,690
1812,80,MAXWELL SUD,MUNICIPAL,L,CALDWELL,Y,CARRIZO-WILCOX AQUIFER | CALDWELL,352,300,255,215,187,167
1812,80,MAXWELL SUD,MUNICIPAL,L,HAYS,Y,CARRIZO-WILCOX AQUIFER | CALDWELL,398,450,495,535,563,583
1812,90,MAXWELL SUD,MUNICIPAL,L,CALDWELL,Y,CARRIZO-WILCOX AQUIFER | GONZALES,352,300,255,215,187,167
1812,90,MAXWELL SUD,MUNICIPAL,L,HAYS,Y,CARRIZO-WILCOX AQUIFER | GONZALES,398,450,495,535,563,583
1812,210,MAXWELL SUD,MUNICIPAL,L,CALDWELL,Y,EDWARDS-BFZ AQUIFER | COMAL,110,94,80,67,59,52
1812,210,MAXWELL SUD,MUNICIPAL,L,HAYS,Y,EDWARDS-BFZ AQUIFER | COMAL,125,141,155,168,176,183
1812,661,MAXWELL SUD,MUNICIPAL,L,CALDWELL,Y,GUADALUPE RUN-OF-RIVER,371,319,273,231,203,182
1812,661,MAXWELL SUD,MUNICIPAL,L,HAYS,Y,GUADALUPE RUN-OF-RIVER,413,465,511,553,581,602
1814,246,MCCAMEY,MUNICIPAL,F,UPTON,N,"EDWARDS-TRINITY-PLATEAU, PECOS VALLEY, AND TRINITY AQUIFERS | PECOS",685,709,731,764,803,850
1815,73,MCCOY WSC,MUNICIPAL,L,ATASCOSA,Y,CARRIZO-WILCOX AQUIFER | ATASCOSA,927,924,921,919,918,917
1815,73,MCCOY WSC,MUNICIPAL,L,WILSON,Y,CARRIZO-WILCOX AQUIFER | ATASCOSA,48,51,54,56,57,58
1815,611,MCCOY WSC,MUNICIPAL,L,ATASCOSA,Y,QUEEN CITY AQUIFER | ATASCOSA,89,90,90,91,92,92
1815,611,MCCOY WSC,MUNICIPAL,L,WILSON,Y,QUEEN CITY AQUIFER | ATASCOSA,5,5,6,6,6,6
1815,611,MCCOY WSC,MUNICIPAL,N,LIVE OAK,Y,QUEEN CITY AQUIFER | ATASCOSA,6,5,4,3,2,2
1816,54,MCGREGOR,MUNICIPAL,G,MCLENNAN,N,BRAZOS RIVER AUTHORITY LITTLE RIVER LAKE/RESERVOIR SYSTEM,2349,2330,2309,2287,2265,2265
1817,390,MCKINNEY,MUNICIPAL,C,COLLIN,N,TRINITY INDIRECT REUSE,16351,17038,19054,21745,20651,20035
1817,738,MCKINNEY,MUNICIPAL,C,COLLIN,N,TAWAKONI LAKE/RESERVOIR,1009,1022,1134,1284,1210,1164
1817,1068,MCKINNEY,MUNICIPAL,C,COLLIN,N,NORTH TEXAS MWD LAKE/RESERVOIR SYSTEM,27258,26920,29047,31950,29029,27087
1818,480,MCLEAN MUNICIPAL WATER SUPPLY,MUNICIPAL,A,GRAY,N,OGALLALA AQUIFER | GRAY,170,168,162,156,149,143
1821,381,MEADOWLAKES,MUNICIPAL,K,BURNET,N,COLORADO INDIRECT REUSE,98,98,98,98,98,98
1821,658,MEADOWLAKES,MUNICIPAL,K,BURNET,N,COLORADO RUN-OF-RIVER,152,152,152,152,152,152
1823,319,MEEKER MWD,MUNICIPAL,I,JEFFERSON,N,GULF COAST AQUIFER SYSTEM | JEFFERSON,381,383,381,377,372,368
1823,663,MEEKER MWD,MUNICIPAL,I,JEFFERSON,N,NECHES RUN-OF-RIVER,4,4,4,4,4,4
1824,390,MELISSA,MUNICIPAL,C,COLLIN,N,TRINITY INDIRECT REUSE,2963,3769,4359,4868,5050,4924
1824,738,MELISSA,MUNICIPAL,C,COLLIN,N,TAWAKONI LAKE/RESERVOIR,183,227,260,287,296,286
1824,833,MELISSA,MUNICIPAL,C,COLLIN,N,WOODBINE AQUIFER | COLLIN,175,175,175,175,175,175
1824,1068,MELISSA,MUNICIPAL,C,COLLIN,N,NORTH TEXAS MWD LAKE/RESERVOIR SYSTEM,4939,5958,6648,7150,7097,6656
1825,293,MEMPHIS,MUNICIPAL,A,HALL,N,GREENBELT LAKE/RESERVOIR,25,24,24,24,24,25
1825,474,MEMPHIS,MUNICIPAL,A,HALL,N,OGALLALA AQUIFER | DONLEY,271,256,237,220,203,185
1826,658,MENARD,MUNICIPAL,F,MENARD,N,COLORADO RUN-OF-RIVER,213,213,213,213,213,213
1827,6,MERCEDES,MUNICIPAL,M,HIDALGO,N,AMISTAD-FALCON LAKE/RESERVOIR SYSTEM,2267,2267,2267,2267,2267,2267
1827,316,MERCEDES,MUNICIPAL,M,HIDALGO,N,GULF COAST AQUIFER SYSTEM | HIDALGO,626,626,626,626,626,626
1829,758,MERIDIAN,MUNICIPAL,G,BOSQUE,N,TRINITY AQUIFER | BOSQUE,375,375,375,375,375,375
1829,895,MERIDIAN,MUNICIPAL,G,BOSQUE,N,CLIFTON LAKE/RESERVOIR,112,105,88,70,53,53
1830,55,MERKEL,MUNICIPAL,G,TAYLOR,N,BRAZOS RIVER AUTHORITY MAIN STEM LAKE/RESERVOIR SYSTEM,0,0,167,293,276,259
1830,507,MERKEL,MUNICIPAL,G,TAYLOR,N,OH IVIE LAKE/RESERVOIR NON-SYSTEM PORTION,329,318,143,0,0,0
1831,234,MERTZON,MUNICIPAL,F,IRION,N,"EDWARDS-TRINITY-PLATEAU, PECOS VALLEY, AND TRINITY AQUIFERS | IRION",78,75,75,74,73,72
1832,390,MESQUITE,MUNICIPAL,C,DALLAS,N,TRINITY INDIRECT REUSE,8054,7369,7144,7299,7800,8286
1832,738,MESQUITE,MUNICIPAL,C,DALLAS,N,TAWAKONI LAKE/RESERVOIR,497,442,425,431,457,481
1832,1068,MESQUITE,MUNICIPAL,C,DALLAS,N,NORTH TEXAS MWD LAKE/RESERVOIR SYSTEM,13425,11643,10891,10724,10965,11202
1833,103,MEXIA,MUNICIPAL,G,LIMESTONE,N,CARRIZO-WILCOX AQUIFER | LIMESTONE,39,55,70,71,64,67
1834,501,MIAMI,MUNICIPAL,A,ROBERTS,N,OGALLALA AQUIFER | ROBERTS,200,180,162,146,131,118
1835,145,MIDLAND,MUNICIPAL,F,MIDLAND,N,EDWARDS-TRINITY-PLATEAU AND PECOS VALLEY AQUIFERS | WARD,7801,7332,6382,5537,5038,4575
1835,158,MIDLAND,MUNICIPAL,F,MIDLAND,N,COLORADO RIVER MWD LAKE/RESERVOIR SYSTEM,2719,2433,2165,2025,1890,1763
1835,169,MIDLAND,MUNICIPAL,F,MIDLAND,N,DIRECT REUSE,390,359,327,315,303,291
1835,460,MIDLAND,MUNICIPAL,F,MIDLAND,N,OGALLALA AND EDWARDS-TRINITY-HIGH PLAINS AQUIFERS | ANDREWS,1087,948,870,818,777,741
1835,492,MIDLAND,MUNICIPAL,F,MIDLAND,N,OGALLALA AND EDWARDS-TRINITY-HIGH PLAINS AQUIFERS | MARTIN,3703,3283,2964,2756,2612,2506
1835,507,MIDLAND,MUNICIPAL,F,MIDLAND,N,OH IVIE LAKE/RESERVOIR NON-SYSTEM PORTION,4721,4588,4456,4324,4191,4059
1835,1002,MIDLAND,MUNICIPAL,F,MIDLAND,N,EDWARDS-TRINITY-PLATEAU AND PECOS VALLEY AQUIFERS | WINKLER,16815,16815,16815,16815,16815,16815
1836,110,MILANO WSC,MUNICIPAL,G,BURLESON,Y,CARRIZO-WILCOX AQUIFER | MILAM,340,345,354,363,372,382
1836,110,MILANO WSC,MUNICIPAL,G,MILAM,Y,CARRIZO-WILCOX AQUIFER | MILAM,384,379,370,361,352,342
1837,364,MILES,MUNICIPAL,F,RUNNELS,N,HICKORY AQUIFER | MCCULLOCH,56,66,64,58,58,57
1837,407,MILES,MUNICIPAL,F,RUNNELS,N,LIPAN AQUIFER | RUNNELS,19,17,19,19,19,19
1837,507,MILES,MUNICIPAL,F,RUNNELS,N,OH IVIE LAKE/RESERVOIR NON-SYSTEM PORTION,26,24,23,23,21,20
1837,658,MILES,MUNICIPAL,F,RUNNELS,N,COLORADO RUN-OF-RIVER,3,2,2,5,4,4
1839,6,MILITARY HIGHWAY WSC,MUNICIPAL,M,CAMERON,Y,AMISTAD-FALCON LAKE/RESERVOIR SYSTEM,402,402,402,402,402,402
1839,6,MILITARY HIGHWAY WSC,MUNICIPAL,M,HIDALGO,Y,AMISTAD-FALCON LAKE/RESERVOIR SYSTEM,333,333,333,333,333,333
1839,303,MILITARY HIGHWAY WSC,MUNICIPAL,M,CAMERON,Y,GULF COAST AQUIFER SYSTEM | CAMERON,1273,1273,1273,1273,1273,1273
1839,303,MILITARY HIGHWAY WSC,MUNICIPAL,M,HIDALGO,Y,GULF COAST AQUIFER SYSTEM | CAMERON,1054,1054,1054,1054,1054,1054
1839,316,MILITARY HIGHWAY WSC,MUNICIPAL,M,CAMERON,Y,GULF COAST AQUIFER SYSTEM | HIDALGO,2450,2450,2450,2450,2450,2450
1839,316,MILITARY HIGHWAY WSC,MUNICIPAL,M,HIDALGO,Y,GULF COAST AQUIFER SYSTEM | HIDALGO,2030,2030,2030,2030,2030,2030
1840,364,MILLERSVIEW-DOOLE WSC,MUNICIPAL,F,CONCHO,Y,HICKORY AQUIFER | MCCULLOCH,60,76,79,71,63,56
1840,364,MILLERSVIEW-DOOLE WSC,MUNICIPAL,F,MCCULLOCH,Y,HICKORY AQUIFER | MCCULLOCH,16,20,22,19,18,17
1840,364,MILLERSVIEW-DOOLE WSC,MUNICIPAL,F,RUNNELS,Y,HICKORY AQUIFER | MCCULLOCH,46,58,59,53,46,41
1840,364,MILLERSVIEW-DOOLE WSC,MUNICIPAL,F,TOM GREEN,Y,HICKORY AQUIFER | MCCULLOCH,291,427,516,533,549,562
1840,507,MILLERSVIEW-DOOLE WSC,MUNICIPAL,F,CONCHO,Y,OH IVIE LAKE/RESERVOIR NON-SYSTEM PORTION,87,73,57,46,37,31
1840,507,MILLERSVIEW-DOOLE WSC,MUNICIPAL,F,MCCULLOCH,Y,OH IVIE LAKE/RESERVOIR NON-SYSTEM PORTION,24,20,16,12,11,9
1840,507,MILLERSVIEW-DOOLE WSC,MUNICIPAL,F,RUNNELS,Y,OH IVIE LAKE/RESERVOIR NON-SYSTEM PORTION,67,55,43,34,28,23
1840,507,MILLERSVIEW-DOOLE WSC,MUNICIPAL,F,TOM GREEN,Y,OH IVIE LAKE/RESERVOIR NON-SYSTEM PORTION,422,409,374,344,326,307
1842,131,MINEOLA,MUNICIPAL,D,WOOD,N,CARRIZO-WILCOX AQUIFER | WOOD,1743,1743,1743,1743,1743,1743
1843,602,MINERAL WELLS,MUNICIPAL,C,PARKER,Y,PALO PINTO LAKE/RESERVOIR,265,252,239,225,210,188
1843,602,MINERAL WELLS,MUNICIPAL,G,PALO PINTO,Y,PALO PINTO LAKE/RESERVOIR,2489,2367,2244,2123,1972,1767
1844,510,"MINING, ANDERSON",MINING,I,ANDERSON,N,OTHER AQUIFER | ANDERSON,34,34,34,34,34,34
1845,169,"MINING, ANDREWS",MINING,F,ANDREWS,N,DIRECT REUSE,1469,1320,1416,1695,2066,2394
1845,1174,"MINING, ANDREWS",MINING,F,ANDREWS,N,WATER RECYCLING,741,741,680,556,392,231
1846,511,"MINING, ANGELINA",MINING,I,ANGELINA,N,OTHER AQUIFER | ANGELINA,0,0,0,0,0,0
1846,709,"MINING, ANGELINA",MINING,I,ANGELINA,N,SPARTA AQUIFER | ANGELINA,291,291,291,291,291,291
1846,855,"MINING, ANGELINA",MINING,I,ANGELINA,N,YEGUA-JACKSON AQUIFER | ANGELINA,116,116,116,116,116,116
1849,73,"MINING, ATASCOSA",MINING,L,ATASCOSA,N,CARRIZO-WILCOX AQUIFER | ATASCOSA,4739,4739,4739,4739,4739,4739
1850,297,"MINING, AUSTIN",MINING,H,AUSTIN,N,GULF COAST AQUIFER SYSTEM | AUSTIN,35,35,35,35,35,35
1852,74,"MINING, BASTROP",MINING,K,BASTROP,N,CARRIZO-WILCOX AQUIFER | BASTROP,500,500,567,694,852,1050
1853,1091,"MINING, BAYLOR",MINING,B,BAYLOR,N,CROSS TIMBERS AQUIFER | BAYLOR,10,10,10,10,10,10
1854,298,"MINING, BEE",MINING,N,BEE,N,GULF COAST AQUIFER SYSTEM | BEE,135,135,135,135,135,0
1854,1174,"MINING, BEE",MINING,N,BEE,N,WATER RECYCLING,79,79,79,79,79,0
1855,655,"MINING, BELL",MINING,G,BELL,N,BRAZOS RUN-OF-RIVER,0,0,0,0,0,0
1855,755,"MINING, BELL",MINING,G,BELL,N,TRINITY AQUIFER | BELL,1165,1165,1165,1165,1165,1165
1856,76,"MINING, BEXAR",MINING,L,BEXAR,N,CARRIZO-WILCOX AQUIFER | BEXAR,400,400,400,400,400,400
1856,209,"MINING, BEXAR",MINING,L,BEXAR,N,EDWARDS-BFZ AQUIFER | BEXAR,4342,4342,4342,4342,4342,4342
1856,756,"MINING, BEXAR",MINING,L,BEXAR,N,TRINITY AQUIFER | BEXAR,6535,6535,6535,6535,6535,6535
1857,261,"MINING, BLANCO",MINING,K,BLANCO,N,ELLENBURGER-SAN SABA AQUIFER | BLANCO,10,10,10,10,10,10
1858,515,"MINING, BORDEN",MINING,F,BORDEN,N,OTHER AQUIFER | BORDEN,2249,2249,2249,2084,1470,926
1858,1174,"MINING, BORDEN",MINING,F,BORDEN,N,WATER RECYCLING,596,596,546,447,315,199
1859,758,"MINING, BOSQUE",MINING,G,BOSQUE,N,TRINITY AQUIFER | BOSQUE,1166,1166,1166,1166,1166,1166
1861,299,"MINING, BRAZORIA",MINING,H,BRAZORIA,N,GULF COAST AQUIFER SYSTEM | BRAZORIA,176,169,166,165,164,164
1862,78,"MINING, BRAZOS",MINING,G,BRAZOS,N,CARRIZO-WILCOX AQUIFER | BRAZOS,0,0,0,0,0,0
1862,856,"MINING, BRAZOS",MINING,G,BRAZOS,N,YEGUA-JACKSON AQUIFER | BRAZOS,1640,1640,1640,1640,1640,1640
1864,301,"MINING, BROOKS",MINING,N,BROOKS,N,GULF COAST AQUIFER SYSTEM | BROOKS,16,16,16,16,16,16
1865,57,"MINING, BROWN",MINING,F,BROWN,N,BROWNWOOD LAKE/RESERVOIR,560,560,560,560,560,560
1866,857,"MINING, BURLESON",MINING,G,BURLESON,N,YEGUA-JACKSON AQUIFER | BURLESON,2018,2018,2018,2018,2018,2018
1867,262,"MINING, BURNET",MINING,K,BURNET,N,ELLENBURGER-SAN SABA AQUIFER | BURNET,1075,1075,1075,1075,1075,1075
1867,412,"MINING, BURNET",MINING,K,BURNET,N,LOCAL SURFACE WATER SUPPLY,143,143,143,143,143,143
1867,521,"MINING, BURNET",MINING,K,BURNET,N,OTHER AQUIFER | BURNET,194,194,194,194,194,194
1868,80,"MINING, CALDWELL",MINING,L,CALDWELL,N,CARRIZO-WILCOX AQUIFER | CALDWELL,112,112,112,112,112,112
1868,615,"MINING, CALDWELL",MINING,L,CALDWELL,N,QUEEN CITY AQUIFER | CALDWELL,240,240,240,240,240,240
1870,762,"MINING, CALLAHAN",MINING,G,CALLAHAN,N,TRINITY AQUIFER | CALLAHAN,80,80,80,80,80,80
1873,465,"MINING, CARSON",MINING,A,CARSON,N,OGALLALA AQUIFER | CARSON,3,3,3,3,3,3
1874,82,"MINING, CASS",MINING,D,CASS,N,CARRIZO-WILCOX AQUIFER | CASS,33,33,20,20,20,20
1874,617,"MINING, CASS",MINING,D,CASS,N,QUEEN CITY AQUIFER | CASS,806,829,851,884,906,932
1875,304,"MINING, CHAMBERS",MINING,H,CHAMBERS,N,GULF COAST AQUIFER SYSTEM | CHAMBERS,1,1,1,1,1,1
1876,412,"MINING, CHEROKEE",MINING,I,CHEROKEE,N,LOCAL SURFACE WATER SUPPLY,58,58,58,58,58,58
1876,984,"MINING, CHEROKEE",MINING,I,CHEROKEE,N,OTHER AQUIFER | CHEROKEE,129,129,129,129,129,129
1878,667,"MINING, CLAY",MINING,B,CLAY,N,RED RUN-OF-RIVER,1,1,1,1,1,1
1878,1092,"MINING, CLAY",MINING,B,CLAY,N,CROSS TIMBERS AQUIFER | CLAY,3,3,3,3,3,3
1879,467,"MINING, COCHRAN",MINING,O,COCHRAN,N,OGALLALA AND EDWARDS-TRINITY-HIGH PLAINS AQUIFERS | COCHRAN,166,166,166,166,166,166
1880,224,"MINING, COKE",MINING,F,COKE,N,"EDWARDS-TRINITY-PLATEAU, PECOS VALLEY, AND TRINITY AQUIFERS | COKE",106,106,106,106,106,106
1883,305,"MINING, COLORADO",MINING,K,COLORADO,N,GULF COAST AQUIFER SYSTEM | COLORADO,3398,3398,3398,3398,3398,3398
1884,210,"MINING, COMAL",MINING,L,COMAL,N,EDWARDS-BFZ AQUIFER | COMAL,2561,2561,2561,2561,2561,2561
1884,764,"MINING, COMAL",MINING,L,COMAL,N,TRINITY AQUIFER | COMAL,6485,6485,6485,6485,6485,6485
1885,765,"MINING, COMANCHE",MINING,G,COMANCHE,N,TRINITY AQUIFER | COMANCHE,211,212,211,212,211,211
1886,766,"MINING, COOKE",MINING,C,COOKE,N,TRINITY AQUIFER | COOKE,12,12,12,13,13,13
1887,767,"MINING, CORYELL",MINING,G,CORYELL,N,TRINITY AQUIFER | CORYELL,195,195,195,195,195,195
1888,19,"MINING, COTTLE",MINING,B,COTTLE,N,BLAINE AQUIFER | COTTLE,6,6,6,6,6,6
1889,999,"MINING, CRANE",MINING,F,CRANE,N,EDWARDS-TRINITY-PLATEAU AND PECOS VALLEY AQUIFERS | CRANE,2962,3170,3288,3233,3174,3110
1889,1174,"MINING, CRANE",MINING,F,CRANE,N,WATER RECYCLING,109,109,109,108,5,5
1890,227,"MINING, CROCKETT",MINING,F,CROCKETT,N,"EDWARDS-TRINITY-PLATEAU, PECOS VALLEY, AND TRINITY AQUIFERS | CROCKETT",3771,3850,3932,3990,3199,2015
1891,469,"MINING, CROSBY",MINING,O,CROSBY,N,OGALLALA AND EDWARDS-TRINITY-HIGH PLAINS AQUIFERS | CROSBY,613,613,613,613,613,613
1892,66,"MINING, CULBERSON",MINING,E,CULBERSON,N,CAPITAN REEF COMPLEX AQUIFER | CULBERSON,1263,1263,1263,1263,1263,1263
1892,823,"MINING, CULBERSON",MINING,E,CULBERSON,N,WEST TEXAS BOLSONS AQUIFER | CULBERSON,2045,2045,2045,2045,2045,2045
1893,768,"MINING, DALLAS",MINING,C,DALLAS,N,TRINITY AQUIFER | DALLAS,15,15,15,15,15,15
1893,835,"MINING, DALLAS",MINING,C,DALLAS,N,WOODBINE AQUIFER | DALLAS,17,17,17,17,17,17
1894,471,"MINING, DAWSON",MINING,O,DAWSON,N,OGALLALA AND EDWARDS-TRINITY-HIGH PLAINS AQUIFERS | DAWSON,6146,6146,6146,6146,6146,6146
1895,412,"MINING, DENTON",MINING,C,DENTON,N,LOCAL SURFACE WATER SUPPLY,764,764,764,764,764,764
1895,770,"MINING, DENTON",MINING,C,DENTON,N,TRINITY AQUIFER | DENTON,50,50,50,50,50,50
1896,306,"MINING, DEWITT",MINING,L,DEWITT,N,GULF COAST AQUIFER SYSTEM | DEWITT,2671,2671,2671,2671,2671,2671
1898,84,"MINING, DIMMIT",MINING,L,DIMMIT,N,CARRIZO-WILCOX AQUIFER | DIMMIT,695,695,695,695,695,695
1900,307,"MINING, DUVAL",MINING,N,DUVAL,N,GULF COAST AQUIFER SYSTEM | DUVAL,6,6,6,6,7,7
1901,655,"MINING, EASTLAND",MINING,G,EASTLAND,N,BRAZOS RUN-OF-RIVER,0,0,0,0,0,0
1901,771,"MINING, EASTLAND",MINING,G,EASTLAND,N,TRINITY AQUIFER | EASTLAND,8,9,8,8,8,8
1902,169,"MINING, ECTOR",MINING,F,ECTOR,N,DIRECT REUSE,1334,1483,1387,1108,737,409
1902,179,"MINING, ECTOR",MINING,F,ECTOR,N,DOCKUM AQUIFER | ECTOR,100,100,100,100,100,98
1902,460,"MINING, ECTOR",MINING,F,ECTOR,N,OGALLALA AND EDWARDS-TRINITY-HIGH PLAINS AQUIFERS | ANDREWS,264,115,70,66,63,60
1902,1174,"MINING, ECTOR",MINING,F,ECTOR,N,WATER RECYCLING,363,363,332,272,191,120
1903,230,"MINING, EDWARDS",MINING,J,EDWARDS,N,"EDWARDS-TRINITY-PLATEAU, PECOS VALLEY, AND TRINITY AQUIFERS | EDWARDS",4,4,4,4,4,4
1905,375,"MINING, EL PASO",MINING,E,EL PASO,N,HUECO-MESILLA BOLSON AQUIFER | EL PASO,871,891,910,929,946,962
1905,538,"MINING, EL PASO",MINING,E,EL PASO,N,OTHER AQUIFER | EL PASO,1477,1477,1477,1477,1477,1477
1906,44,"MINING, FALLS",MINING,G,FALLS,N,BRAZOS RIVER ALLUVIUM AQUIFER | FALLS,98,98,98,98,98,98
1906,774,"MINING, FALLS",MINING,G,FALLS,N,TRINITY AQUIFER | FALLS,0,0,0,0,0,0
1907,412,"MINING, FANNIN",MINING,C,FANNIN,N,LOCAL SURFACE WATER SUPPLY,1800,2100,2373,2373,2373,2373
1907,667,"MINING, FANNIN",MINING,C,FANNIN,N,RED RUN-OF-RIVER,75,75,75,75,75,75
1908,308,"MINING, FAYETTE",MINING,K,FAYETTE,N,GULF COAST AQUIFER SYSTEM | FAYETTE,347,347,347,347,347,347
1908,858,"MINING, FAYETTE",MINING,K,FAYETTE,N,YEGUA-JACKSON AQUIFER | FAYETTE,587,587,587,587,587,587
1909,20,"MINING, FISHER",MINING,G,FISHER,N,BLAINE AQUIFER | FISHER,216,216,216,216,216,216
1909,655,"MINING, FISHER",MINING,G,FISHER,N,BRAZOS RUN-OF-RIVER,0,0,0,0,0,0
1911,309,"MINING, FORT BEND",MINING,H,FORT BEND,N,GULF COAST AQUIFER SYSTEM | FORT BEND,13,15,17,19,20,22
1911,655,"MINING, FORT BEND",MINING,H,FORT BEND,N,BRAZOS RUN-OF-RIVER,378,378,378,378,378,378
1913,88,"MINING, FREESTONE",MINING,C,FREESTONE,N,CARRIZO-WILCOX AQUIFER | FREESTONE,168,168,168,168,168,168
1913,412,"MINING, FREESTONE",MINING,C,FREESTONE,N,LOCAL SURFACE WATER SUPPLY,32,32,32,32,32,32
1914,89,"MINING, FRIO",MINING,L,FRIO,N,CARRIZO-WILCOX AQUIFER | FRIO,984,984,984,984,984,984
1914,621,"MINING, FRIO",MINING,L,FRIO,N,QUEEN CITY AQUIFER | FRIO,984,984,984,984,984,984
1915,477,"MINING, GAINES",MINING,O,GAINES,N,OGALLALA AND EDWARDS-TRINITY-HIGH PLAINS AQUIFERS | GAINES,2100,2100,2100,2100,2100,2100
1917,478,"MINING, GARZA",MINING,O,GARZA,N,OGALLALA AND EDWARDS-TRINITY-HIGH PLAINS AQUIFERS | GARZA,19,19,19,19,19,19
1918,231,"MINING, GILLESPIE",MINING,K,GILLESPIE,N,"EDWARDS-TRINITY-PLATEAU, PECOS VALLEY, AND TRINITY AQUIFERS | GILLESPIE",25,25,25,25,25,25
1919,232,"MINING, GLASSCOCK",MINING,F,GLASSCOCK,N,"EDWARDS-TRINITY-PLATEAU, PECOS VALLEY, AND TRINITY AQUIFERS | GLASSCOCK",11409,11409,10459,8558,6038,3803
1919,1174,"MINING, GLASSCOCK",MINING,F,GLASSCOCK,N,WATER RECYCLING,2445,2445,2241,1833,1293,815
1920,311,"MINING, GOLIAD",MINING,L,GOLIAD,N,GULF COAST AQUIFER SYSTEM | GOLIAD,14,14,14,14,14,14
1921,90,"MINING, GONZALES",MINING,L,GONZALES,N,CARRIZO-WILCOX AQUIFER | GONZALES,1796,1796,1796,1796,1796,1796
1921,717,"MINING, GONZALES",MINING,L,GONZALES,N,SPARTA AQUIFER | GONZALES,109,109,109,109,109,109
1921,1057,"MINING, GONZALES",MINING,L,GONZALES,N,YEGUA-JACKSON AQUIFER | GONZALES,1056,1056,1056,1056,1056,1056
1923,777,"MINING, GRAYSON",MINING,C,GRAYSON,N,TRINITY AQUIFER | GRAYSON,295,295,295,295,295,295
1924,91,"MINING, GREGG",MINING,D,GREGG,N,CARRIZO-WILCOX AQUIFER | GREGG,411,407,320,233,171,171
1924,669,"MINING, GREGG",MINING,D,GREGG,N,SABINE RUN-OF-RIVER,3,3,3,3,3,3
1925,46,"MINING, GRIMES",MINING,G,GRIMES,N,BRAZOS RIVER ALLUVIUM AQUIFER | GRIMES,104,104,104,104,103,103
1925,92,"MINING, GRIMES",MINING,G,GRIMES,N,CARRIZO-WILCOX AQUIFER | GRIMES,1,1,1,1,1,1
1925,313,"MINING, GRIMES",MINING,G,GRIMES,N,GULF COAST AQUIFER SYSTEM | GRIMES,31,31,31,31,31,31
1926,93,"MINING, GUADALUPE",MINING,L,GUADALUPE,N,CARRIZO-WILCOX AQUIFER | GUADALUPE,342,342,342,342,342,342
1927,481,"MINING, HALE",MINING,O,HALE,N,OGALLALA AND EDWARDS-TRINITY-HIGH PLAINS AQUIFERS | HALE,1,1,1,1,1,1
1929,482,"MINING, HANSFORD",MINING,A,HANSFORD,N,OGALLALA AQUIFER | HANSFORD,93,93,93,93,93,93
1930,23,"MINING, HARDEMAN",MINING,B,HARDEMAN,N,BLAINE AQUIFER | HARDEMAN,5,5,5,5,5,5
1931,314,"MINING, HARDIN",MINING,I,HARDIN,N,GULF COAST AQUIFER SYSTEM | HARDIN,13,13,13,13,13,13
1932,315,"MINING, HARRIS",MINING,H,HARRIS,N,GULF COAST AQUIFER SYSTEM | HARRIS,301,304,307,310,313,316
1933,94,"MINING, HARRISON",MINING,D,HARRISON,N,CARRIZO-WILCOX AQUIFER | HARRISON,338,356,374,389,408,408
1933,660,"MINING, HARRISON",MINING,D,HARRISON,N,CYPRESS RUN-OF-RIVER,66,66,66,66,66,66
1933,669,"MINING, HARRISON",MINING,D,HARRISON,N,SABINE RUN-OF-RIVER,435,435,435,435,435,435
1934,698,"MINING, HASKELL",MINING,G,HASKELL,N,SEYMOUR AQUIFER | HASKELL,0,0,0,0,0,0
1935,212,"MINING, HAYS",MINING,K,HAYS,Y,EDWARDS-BFZ AQUIFER | HAYS,798,798,798,798,798,798
1935,779,"MINING, HAYS",MINING,K,HAYS,Y,TRINITY AQUIFER | HAYS,9,9,9,9,9,9
1935,779,"MINING, HAYS",MINING,L,HAYS,Y,TRINITY AQUIFER | HAYS,71,71,71,71,71,71
1936,95,"MINING, HENDERSON",MINING,C,HENDERSON,Y,CARRIZO-WILCOX AQUIFER | HENDERSON,15,16,17,19,22,26
1936,95,"MINING, HENDERSON",MINING,I,HENDERSON,Y,CARRIZO-WILCOX AQUIFER | HENDERSON,38,46,56,83,88,33
1936,545,"MINING, HENDERSON",MINING,I,HENDERSON,Y,OTHER AQUIFER | HENDERSON,120,120,120,120,120,120
1937,6,"MINING, HIDALGO",MINING,M,HIDALGO,N,AMISTAD-FALCON LAKE/RESERVOIR SYSTEM,1083,1082,1081,1078,1074,1069
1937,316,"MINING, HIDALGO",MINING,M,HIDALGO,N,GULF COAST AQUIFER SYSTEM | HIDALGO,470,470,470,470,470,470
1938,47,"MINING, HILL",MINING,G,HILL,N,BRAZOS RIVER ALLUVIUM AQUIFER | HILL,241,241,241,241,241,241
1938,780,"MINING, HILL",MINING,G,HILL,N,TRINITY AQUIFER | HILL,2,2,2,2,2,2
1938,841,"MINING, HILL",MINING,G,HILL,N,WOODBINE AQUIFER | HILL,76,76,76,76,76,76
1939,485,"MINING, HOCKLEY",MINING,O,HOCKLEY,N,OGALLALA AND EDWARDS-TRINITY-HIGH PLAINS AQUIFERS | HOCKLEY,69,69,69,69,69,69
1940,781,"MINING, HOOD",MINING,G,HOOD,N,TRINITY AQUIFER | HOOD,1401,1401,1401,1401,1401,1401
1941,442,"MINING, HOPKINS",MINING,D,HOPKINS,N,NACATOCH AQUIFER | HOPKINS,192,193,193,195,195,195
1941,735,"MINING, HOPKINS",MINING,D,HOPKINS,N,SULPHUR SPRINGS LAKE/RESERVOIR,68,74,81,88,96,96
1942,548,"MINING, HOUSTON",MINING,I,HOUSTON,N,OTHER AQUIFER | HOUSTON,302,302,302,302,302,302
1943,184,"MINING, HOWARD",MINING,F,HOWARD,N,DOCKUM AQUIFER | HOWARD,2406,3392,3166,1877,0,0
1943,486,"MINING, HOWARD",MINING,F,HOWARD,N,OGALLALA AND EDWARDS-TRINITY-HIGH PLAINS AQUIFERS | HOWARD,7756,6770,6149,5744,5377,3387
1943,1174,"MINING, HOWARD",MINING,F,HOWARD,N,WATER RECYCLING,2178,2178,1997,1634,1153,726
1944,376,"MINING, HUDSPETH",MINING,E,HUDSPETH,N,HUECO-MESILLA BOLSON AQUIFER | HUDSPETH,56,56,56,56,56,56
1944,549,"MINING, HUDSPETH",MINING,E,HUDSPETH,N,OTHER AQUIFER | HUDSPETH,5,5,5,5,5,5
1944,824,"MINING, HUDSPETH",MINING,E,HUDSPETH,N,WEST TEXAS BOLSONS AQUIFER | HUDSPETH,0,0,0,0,0,0
1946,487,"MINING, HUTCHINSON",MINING,A,HUTCHINSON,N,OGALLALA AQUIFER | HUTCHINSON,67,67,67,67,67,67
1947,234,"MINING, IRION",MINING,F,IRION,N,"EDWARDS-TRINITY-PLATEAU, PECOS VALLEY, AND TRINITY AQUIFERS | IRION",2602,2611,2614,2620,2626,2634
1947,910,"MINING, IRION",MINING,F,IRION,N,DOCKUM AQUIFER | IRION,150,150,150,150,150,150
1947,961,"MINING, IRION",MINING,F,IRION,N,LIPAN AQUIFER | IRION,13,13,13,13,13,13
1947,1174,"MINING, IRION",MINING,F,IRION,N,WATER RECYCLING,1882,1882,1725,1411,996,627
1948,1071,"MINING, JACK",MINING,C,JACK,N,CROSS TIMBERS AQUIFER | JACK,35,35,35,35,35,35
1950,318,"MINING, JASPER",MINING,I,JASPER,N,GULF COAST AQUIFER SYSTEM | JASPER,28,28,28,28,28,28
1951,319,"MINING, JEFFERSON",MINING,I,JEFFERSON,N,GULF COAST AQUIFER SYSTEM | JEFFERSON,288,288,288,288,288,288
1951,412,"MINING, JEFFERSON",MINING,I,JEFFERSON,N,LOCAL SURFACE WATER SUPPLY,109,109,109,109,109,109
1951,664,"MINING, JEFFERSON",MINING,I,JEFFERSON,N,NECHES-TRINITY RUN-OF-RIVER,34,34,34,34,34,34
1952,320,"MINING, JIM HOGG",MINING,M,JIM HOGG,N,GULF COAST AQUIFER SYSTEM | JIM HOGG,9,9,9,9,9,9
1954,55,"MINING, JOHNSON",MINING,G,JOHNSON,N,BRAZOS RIVER AUTHORITY MAIN STEM LAKE/RESERVOIR SYSTEM,20,20,20,20,20,20
1954,784,"MINING, JOHNSON",MINING,G,JOHNSON,N,TRINITY AQUIFER | JOHNSON,1399,1403,1399,1403,1399,1399
1954,843,"MINING, JOHNSON",MINING,G,JOHNSON,N,WOODBINE AQUIFER | JOHNSON,24,24,24,24,24,24
1955,655,"MINING, JONES",MINING,G,JONES,N,BRAZOS RUN-OF-RIVER,0,0,0,0,0,0
1955,699,"MINING, JONES",MINING,G,JONES,N,SEYMOUR AQUIFER | JONES,79,79,79,79,79,79
1956,99,"MINING, KARNES",MINING,L,KARNES,N,CARRIZO-WILCOX AQUIFER | KARNES,0,0,0,0,0,0
1956,169,"MINING, KARNES",MINING,L,KARNES,N,DIRECT REUSE,30,30,30,30,30,30
1956,322,"MINING, KARNES",MINING,L,KARNES,N,GULF COAST AQUIFER SYSTEM | KARNES,38,38,38,38,38,38
1956,1058,"MINING, KARNES",MINING,L,KARNES,N,YEGUA-JACKSON AQUIFER | KARNES,411,411,411,411,411,411
1957,412,"MINING, KAUFMAN",MINING,C,KAUFMAN,N,LOCAL SURFACE WATER SUPPLY,1162,1162,1162,1162,1162,1162
1957,444,"MINING, KAUFMAN",MINING,C,KAUFMAN,N,NACATOCH AQUIFER | KAUFMAN,590,590,590,590,590,590
1959,323,"MINING, KENEDY",MINING,N,KENEDY,N,GULF COAST AQUIFER SYSTEM | KENEDY,2,2,2,2,2,2
1959,1174,"MINING, KENEDY",MINING,N,KENEDY,N,WATER RECYCLING,1,1,1,1,1,1
1960,700,"MINING, KENT",MINING,G,KENT,N,SEYMOUR AQUIFER | KENT,721,721,721,721,721,721
1961,237,"MINING, KERR",MINING,J,KERR,N,EDWARDS-TRINITY-PLATEAU AQUIFER | KERR,0,0,0,0,0,0
1961,661,"MINING, KERR",MINING,J,KERR,N,GUADALUPE RUN-OF-RIVER,72,72,72,72,72,72
1961,787,"MINING, KERR",MINING,J,KERR,N,TRINITY AQUIFER | KERR,54,54,54,54,54,54
1962,238,"MINING, KIMBLE",MINING,F,KIMBLE,N,"EDWARDS-TRINITY-PLATEAU, PECOS VALLEY, AND TRINITY AQUIFERS | KIMBLE",1,1,1,1,1,1
1962,658,"MINING, KIMBLE",MINING,F,KIMBLE,N,COLORADO RUN-OF-RIVER,0,0,0,0,0,0
1963,324,"MINING, KLEBERG",MINING,N,KLEBERG,N,GULF COAST AQUIFER SYSTEM | KLEBERG,9,9,9,9,9,9
1963,1174,"MINING, KLEBERG",MINING,N,KLEBERG,N,WATER RECYCLING,1,1,1,1,1,1
1967,54,"MINING, LAMPASAS",MINING,G,LAMPASAS,N,BRAZOS RIVER AUTHORITY LITTLE RIVER LAKE/RESERVOIR SYSTEM,25,25,25,25,25,25
1967,265,"MINING, LAMPASAS",MINING,G,LAMPASAS,N,ELLENBURGER-SAN SABA AQUIFER | LAMPASAS,59,59,59,59,59,59
1968,325,"MINING, LAVACA",MINING,P,LAVACA,N,GULF COAST AQUIFER SYSTEM | LAVACA,2665,2665,2665,2665,2665,2665
1969,101,"MINING, LEE",MINING,G,LEE,N,CARRIZO-WILCOX AQUIFER | LEE,3011,3115,3221,3324,3324,3324
1970,102,"MINING, LEON",MINING,H,LEON,N,CARRIZO-WILCOX AQUIFER | LEON,337,337,337,337,337,337
1971,326,"MINING, LIBERTY",MINING,H,LIBERTY,N,GULF COAST AQUIFER SYSTEM | LIBERTY,108,108,108,108,108,108
1972,103,"MINING, LIMESTONE",MINING,G,LIMESTONE,N,CARRIZO-WILCOX AQUIFER | LIMESTONE,490,551,618,685,757,757
1972,790,"MINING, LIMESTONE",MINING,G,LIMESTONE,N,TRINITY AQUIFER | LIMESTONE,0,0,0,0,0,0
1973,489,"MINING, LIPSCOMB",MINING,A,LIPSCOMB,N,OGALLALA AQUIFER | LIPSCOMB,1018,1018,1018,1018,1018,1018
1974,327,"MINING, LIVE OAK",MINING,N,LIVE OAK,N,GULF COAST AQUIFER SYSTEM | LIVE OAK,674,674,674,674,674,674
1974,1174,"MINING, LIVE OAK",MINING,N,LIVE OAK,N,WATER RECYCLING,590,590,590,590,590,590
1975,412,"MINING, LLANO",MINING,K,LLANO,N,LOCAL SURFACE WATER SUPPLY,275,275,275,275,275,275
1976,141,"MINING, LOVING",MINING,F,LOVING,N,EDWARDS-TRINITY-PLATEAU AND PECOS VALLEY AQUIFERS | LOVING,2530,2530,2529,2528,2528,2527
1976,186,"MINING, LOVING",MINING,F,LOVING,N,DOCKUM AQUIFER | LOVING,429,430,431,432,433,434
1976,1018,"MINING, LOVING",MINING,F,LOVING,N,RUSTLER AQUIFER | LOVING,200,200,200,200,200,200
1976,1174,"MINING, LOVING",MINING,F,LOVING,N,WATER RECYCLING,2118,2118,2118,2118,2118,2118
1977,490,"MINING, LUBBOCK",MINING,O,LUBBOCK,N,OGALLALA AND EDWARDS-TRINITY-HIGH PLAINS AQUIFERS | LUBBOCK,20,20,20,20,20,20
1978,491,"MINING, LYNN",MINING,O,LYNN,N,OGALLALA AND EDWARDS-TRINITY-HIGH PLAINS AQUIFERS | LYNN,15,15,15,15,15,15
1979,364,"MINING, MCCULLOCH",MINING,F,MCCULLOCH,N,HICKORY AQUIFER | MCCULLOCH,673,675,682,684,685,685
1980,48,"MINING, MCLENNAN",MINING,G,MCLENNAN,N,BRAZOS RIVER ALLUVIUM AQUIFER | MCLENNAN,735,735,735,735,735,735
1980,791,"MINING, MCLENNAN",MINING,G,MCLENNAN,N,TRINITY AQUIFER | MCLENNAN,3,3,3,3,3,3
1981,108,"MINING, MCMULLEN",MINING,N,MCMULLEN,N,CARRIZO-WILCOX AQUIFER | MCMULLEN,2681,2681,2681,2681,2681,0
1981,1174,"MINING, MCMULLEN",MINING,N,MCMULLEN,N,WATER RECYCLING,1857,1857,1857,1857,1857,1857
1982,1061,"MINING, MADISON",MINING,H,MADISON,N,YEGUA-JACKSON AQUIFER | MADISON,265,265,265,265,265,265
1983,106,"MINING, MARION",MINING,D,MARION,N,CARRIZO-WILCOX AQUIFER | MARION,119,122,124,126,128,128
1984,169,"MINING, MARTIN",MINING,F,MARTIN,N,DIRECT REUSE,2803,2803,2803,2803,2803,2803
1984,492,"MINING, MARTIN",MINING,F,MARTIN,N,OGALLALA AND EDWARDS-TRINITY-HIGH PLAINS AQUIFERS | MARTIN,10715,9531,7928,5971,3643,1492
1984,1174,"MINING, MARTIN",MINING,F,MARTIN,N,WATER RECYCLING,2928,2928,2684,2196,1549,976
1985,363,"MINING, MASON",MINING,F,MASON,N,HICKORY AQUIFER | MASON,176,176,176,176,176,176
1986,328,"MINING, MATAGORDA",MINING,K,MATAGORDA,N,GULF COAST AQUIFER SYSTEM | MATAGORDA,1,1,1,1,1,1
1987,6,"MINING, MAVERICK",MINING,M,MAVERICK,N,AMISTAD-FALCON LAKE/RESERVOIR SYSTEM,1230,1229,1228,1226,1223,1219
1987,107,"MINING, MAVERICK",MINING,M,MAVERICK,N,CARRIZO-WILCOX AQUIFER | MAVERICK,64,64,64,64,0,0
1988,214,"MINING, MEDINA",MINING,L,MEDINA,N,EDWARDS-BFZ AQUIFER | MEDINA,178,178,178,178,178,178
1988,792,"MINING, MEDINA",MINING,L,MEDINA,N,TRINITY AQUIFER | MEDINA,369,369,369,369,369,369
1988,958,"MINING, MEDINA",MINING,L,MEDINA,N,LEONA GRAVEL AQUIFER | MEDINA,735,735,735,735,735,735
1989,169,"MINING, MIDLAND",MINING,F,MIDLAND,N,DIRECT REUSE,2803,2803,2803,2803,2803,2803
1989,244,"MINING, MIDLAND",MINING,F,MIDLAND,N,"EDWARDS-TRINITY-PLATEAU, PECOS VALLEY, AND TRINITY AQUIFERS | MIDLAND",9305,9306,8297,6279,3605,1234
1989,1174,"MINING, MIDLAND",MINING,F,MIDLAND,N,WATER RECYCLING,2595,2595,2379,1946,1373,864
1990,110,"MINING, MILAM",MINING,G,MILAM,N,CARRIZO-WILCOX AQUIFER | MILAM,64,61,68,71,71,71
1990,793,"MINING, MILAM",MINING,G,MILAM,N,TRINITY AQUIFER | MILAM,0,0,0,0,0,0
1991,188,"MINING, MITCHELL",MINING,F,MITCHELL,N,DOCKUM AQUIFER | MITCHELL,317,316,290,238,169,107
1992,169,"MINING, MONTAGUE",MINING,B,MONTAGUE,N,DIRECT REUSE,3,3,3,3,3,3
1992,1095,"MINING, MONTAGUE",MINING,B,MONTAGUE,N,CROSS TIMBERS AQUIFER | MONTAGUE,31,31,31,31,31,31
1993,330,"MINING, MONTGOMERY",MINING,H,MONTGOMERY,N,GULF COAST AQUIFER SYSTEM | MONTGOMERY,31,29,29,29,32,34
1994,494,"MINING, MOORE",MINING,A,MOORE,N,OGALLALA AQUIFER | MOORE,33,33,33,33,33,33
1997,412,"MINING, NACOGDOCHES",MINING,I,NACOGDOCHES,N,LOCAL SURFACE WATER SUPPLY,1,1,1,1,1,1
1997,565,"MINING, NACOGDOCHES",MINING,I,NACOGDOCHES,N,OTHER AQUIFER | NACOGDOCHES,974,974,974,974,974,974
1998,113,"MINING, NAVARRO",MINING,C,NAVARRO,N,CARRIZO-WILCOX AQUIFER | NAVARRO,6,6,6,6,6,6
1998,412,"MINING, NAVARRO",MINING,C,NAVARRO,N,LOCAL SURFACE WATER SUPPLY,800,1000,1200,1568,1568,1568
1998,446,"MINING, NAVARRO",MINING,C,NAVARRO,N,NACATOCH AQUIFER | NAVARRO,970,970,970,970,970,970
1999,331,"MINING, NEWTON",MINING,I,NEWTON,N,GULF COAST AQUIFER SYSTEM | NEWTON,96,96,96,96,96,96
1999,412,"MINING, NEWTON",MINING,I,NEWTON,N,LOCAL SURFACE WATER SUPPLY,78,78,78,78,78,78
2000,245,"MINING, NOLAN",MINING,G,NOLAN,N,"EDWARDS-TRINITY-PLATEAU, PECOS VALLEY, AND TRINITY AQUIFERS | NOLAN",66,66,66,66,65,65
2001,332,"MINING, NUECES",MINING,N,NUECES,N,GULF COAST AQUIFER SYSTEM | NUECES,708,737,765,792,792,792
2002,496,"MINING, OCHILTREE",MINING,A,OCHILTREE,N,OGALLALA AQUIFER | OCHILTREE,797,797,797,797,797,797
2003,497,"MINING, OLDHAM",MINING,A,OLDHAM,N,OGALLALA AQUIFER | OLDHAM,416,416,416,416,416,416
2004,333,"MINING, ORANGE",MINING,I,ORANGE,N,GULF COAST AQUIFER SYSTEM | ORANGE,101,101,101,101,101,101
2004,412,"MINING, ORANGE",MINING,I,ORANGE,N,LOCAL SURFACE WATER SUPPLY,161,161,161,161,161,161
2005,602,"MINING, PALO PINTO",MINING,G,PALO PINTO,N,PALO PINTO LAKE/RESERVOIR,1,1,1,1,1,1
2006,114,"MINING, PANOLA",MINING,I,PANOLA,N,CARRIZO-WILCOX AQUIFER | PANOLA,1189,1240,1288,1332,1370,1406
2006,437,"MINING, PANOLA",MINING,I,PANOLA,N,MURVAUL LAKE/RESERVOIR,1368,1386,1386,1386,1368,1368
2006,669,"MINING, PANOLA",MINING,I,PANOLA,N,SABINE RUN-OF-RIVER,168,168,168,168,168,168
2006,748,"MINING, PANOLA",MINING,I,PANOLA,N,TOLEDO BEND LAKE/RESERVOIR,3756,3756,3756,3756,3756,3756
2007,55,"MINING, PARKER",MINING,C,PARKER,N,BRAZOS RIVER AUTHORITY MAIN STEM LAKE/RESERVOIR SYSTEM,1000,987,940,895,865,868
2007,412,"MINING, PARKER",MINING,C,PARKER,N,LOCAL SURFACE WATER SUPPLY,20,20,20,20,20,20
2007,798,"MINING, PARKER",MINING,C,PARKER,N,TRINITY AQUIFER | PARKER,200,300,400,500,500,500
2007,1076,"MINING, PARKER",MINING,C,PARKER,N,BRA SYSTEM OPERATIONS PERMIT SUPPLY,387,387,387,387,375,332
2008,246,"MINING, PECOS",MINING,F,PECOS,N,"EDWARDS-TRINITY-PLATEAU, PECOS VALLEY, AND TRINITY AQUIFERS | PECOS",13301,13301,13301,13301,13301,13301
2008,1174,"MINING, PECOS",MINING,F,PECOS,N,WATER RECYCLING,2851,2851,2851,2851,2851,2851
2009,334,"MINING, POLK",MINING,I,POLK,Y,GULF COAST AQUIFER SYSTEM | POLK,103,83,83,83,83,83
2009,412,"MINING, POLK",MINING,I,POLK,Y,LOCAL SURFACE WATER SUPPLY,1,1,1,1,1,1
2010,499,"MINING, POTTER",MINING,A,POTTER,N,OGALLALA AQUIFER | POTTER,763,812,861,914,969,1027
2013,169,"MINING, REAGAN",MINING,F,REAGAN,N,DIRECT REUSE,2803,2803,2803,2803,2803,2803
2013,247,"MINING, REAGAN",MINING,F,REAGAN,N,"EDWARDS-TRINITY-PLATEAU, PECOS VALLEY, AND TRINITY AQUIFERS | REAGAN",13521,13521,12161,9440,5836,2639
2013,1174,"MINING, REAGAN",MINING,F,REAGAN,N,WATER RECYCLING,3499,3499,3207,2624,1851,1166
2015,1001,"MINING, REEVES",MINING,F,REEVES,N,EDWARDS-TRINITY-PLATEAU AND PECOS VALLEY AQUIFERS | REEVES,28811,28811,28811,28811,28811,28811
2015,1174,"MINING, REEVES",MINING,F,REEVES,N,WATER RECYCLING,6175,6175,6175,6175,6175,6175
2017,501,"MINING, ROBERTS",MINING,A,ROBERTS,N,OGALLALA AQUIFER | ROBERTS,684,684,684,684,684,684
2018,117,"MINING, ROBERTSON",MINING,G,ROBERTSON,N,CARRIZO-WILCOX AQUIFER | ROBERTSON,15687,15687,15687,15687,15687,15687
2021,118,"MINING, RUSK",MINING,I,RUSK,N,CARRIZO-WILCOX AQUIFER | RUSK,2083,2092,2101,2110,2110,2095
2021,412,"MINING, RUSK",MINING,I,RUSK,N,LOCAL SURFACE WATER SUPPLY,1258,1258,1258,1258,1258,1258
2021,991,"MINING, RUSK",MINING,I,RUSK,N,OTHER AQUIFER | RUSK,458,458,458,458,458,458
2022,337,"MINING, SAN JACINTO",MINING,H,SAN JACINTO,N,GULF COAST AQUIFER SYSTEM | SAN JACINTO,31,31,31,31,31,31
2023,338,"MINING, SAN PATRICIO",MINING,N,SAN PATRICIO,N,GULF COAST AQUIFER SYSTEM | SAN PATRICIO,88,90,92,93,94,94
2025,250,"MINING, SCHLEICHER",MINING,F,SCHLEICHER,N,"EDWARDS-TRINITY-PLATEAU, PECOS VALLEY, AND TRINITY AQUIFERS | SCHLEICHER",3529,3529,3235,2647,1867,1176
2026,197,"MINING, SCURRY",MINING,F,SCURRY,N,DOCKUM AQUIFER | SCURRY,252,252,231,189,133,102
2026,1174,"MINING, SCURRY",MINING,F,SCURRY,N,WATER RECYCLING,54,54,50,41,29,18
2028,502,"MINING, SHERMAN",MINING,A,SHERMAN,N,OGALLALA AQUIFER | SHERMAN,7,7,7,7,7,7
2029,580,"MINING, SMITH",MINING,I,SMITH,N,OTHER AQUIFER | SMITH,113,113,113,113,113,113
2030,802,"MINING, SOMERVELL",MINING,G,SOMERVELL,N,TRINITY AQUIFER | SOMERVELL,442,442,442,442,442,442
2030,1076,"MINING, SOMERVELL",MINING,G,SOMERVELL,N,BRA SYSTEM OPERATIONS PERMIT SUPPLY,54,54,54,54,52,46
2031,6,"MINING, STARR",MINING,M,STARR,N,AMISTAD-FALCON LAKE/RESERVOIR SYSTEM,169,169,169,169,168,167
2031,339,"MINING, STARR",MINING,M,STARR,N,GULF COAST AQUIFER SYSTEM | STARR,57,57,57,57,57,57
2032,55,"MINING, STEPHENS",MINING,G,STEPHENS,N,BRAZOS RIVER AUTHORITY MAIN STEM LAKE/RESERVOIR SYSTEM,507,504,500,497,494,490
2032,1097,"MINING, STEPHENS",MINING,G,STEPHENS,N,CROSS TIMBERS AQUIFER | STEPHENS,589,589,589,589,589,589
2033,251,"MINING, STERLING",MINING,F,STERLING,N,"EDWARDS-TRINITY-PLATEAU, PECOS VALLEY, AND TRINITY AQUIFERS | STERLING",1002,857,669,423,154,0
2033,1174,"MINING, STERLING",MINING,F,STERLING,N,WATER RECYCLING,508,508,466,381,269,169
2034,27,"MINING, STONEWALL",MINING,G,STONEWALL,N,BLAINE AQUIFER | STONEWALL,194,194,194,194,194,194
2035,252,"MINING, SUTTON",MINING,F,SUTTON,N,"EDWARDS-TRINITY-PLATEAU, PECOS VALLEY, AND TRINITY AQUIFERS | SUTTON",27,27,27,27,27,27
2036,412,"MINING, TARRANT",MINING,C,TARRANT,N,LOCAL SURFACE WATER SUPPLY,400,100,100,100,100,100
2036,803,"MINING, TARRANT",MINING,C,TARRANT,N,TRINITY AQUIFER | TARRANT,100,50,50,50,50,50
2036,810,"MINING, TARRANT",MINING,C,TARRANT,N,TRWD LAKE/RESERVOIR SYSTEM,90,80,74,67,62,59
2037,253,"MINING, TAYLOR",MINING,G,TAYLOR,N,"EDWARDS-TRINITY-PLATEAU, PECOS VALLEY, AND TRINITY AQUIFERS | TAYLOR",134,134,134,134,134,134
2038,254,"MINING, TERRELL",MINING,E,TERRELL,N,"EDWARDS-TRINITY-PLATEAU, PECOS VALLEY, AND TRINITY AQUIFERS | TERRELL",141,141,141,141,141,141
2039,504,"MINING, TERRY",MINING,O,TERRY,N,OGALLALA AND EDWARDS-TRINITY-HIGH PLAINS AQUIFERS | TERRY,101,101,101,101,101,101
2040,1073,"MINING, THROCKMORTON",MINING,G,THROCKMORTON,N,CROSS TIMBERS AQUIFER | THROCKMORTON,104,104,104,104,104,104
2042,364,"MINING, TOM GREEN",MINING,F,TOM GREEN,N,HICKORY AQUIFER | MCCULLOCH,6,7,7,6,6,5
2042,408,"MINING, TOM GREEN",MINING,F,TOM GREEN,N,LIPAN AQUIFER | TOM GREEN,808,808,741,606,426,266
2042,434,"MINING, TOM GREEN",MINING,F,TOM GREEN,N,MOUNTAIN CREEK LAKE/RESERVOIR | COLORADO,0,0,0,0,0,0
2042,507,"MINING, TOM GREEN",MINING,F,TOM GREEN,N,OH IVIE LAKE/RESERVOIR NON-SYSTEM PORTION,3,3,2,2,2,2
2042,658,"MINING, TOM GREEN",MINING,F,TOM GREEN,N,COLORADO RUN-OF-RIVER,0,0,0,0,0,0
2042,1174,"MINING, TOM GREEN",MINING,F,TOM GREEN,N,WATER RECYCLING,174,174,160,130,92,58
2043,805,"MINING, TRAVIS",MINING,K,TRAVIS,N,TRINITY AQUIFER | TRAVIS,1237,1237,1237,1237,1237,1237
2044,868,"MINING, TRINITY",MINING,H,TRINITY,Y,YEGUA-JACKSON AQUIFER | TRINITY,9,9,9,9,9,9
2044,868,"MINING, TRINITY",MINING,I,TRINITY,Y,YEGUA-JACKSON AQUIFER | TRINITY,9,9,9,9,9,9
2045,640,"MINING, UPSHUR",MINING,D,UPSHUR,N,QUEEN CITY AQUIFER | UPSHUR,153,163,129,95,70,70
2045,669,"MINING, UPSHUR",MINING,D,UPSHUR,N,SABINE RUN-OF-RIVER,105,105,105,105,105,105
2046,169,"MINING, UPTON",MINING,F,UPTON,N,DIRECT REUSE,2801,2801,2801,2801,2801,2801
2046,256,"MINING, UPTON",MINING,F,UPTON,N,"EDWARDS-TRINITY-PLATEAU, PECOS VALLEY, AND TRINITY AQUIFERS | UPTON",11368,11368,10217,7916,4867,2163
2046,1174,"MINING, UPTON",MINING,F,UPTON,N,WATER RECYCLING,1682,1682,1512,1171,720,320
2047,216,"MINING, UVALDE",MINING,L,UVALDE,N,EDWARDS-BFZ AQUIFER | UVALDE,30,30,30,30,30,30
2047,959,"MINING, UVALDE",MINING,L,UVALDE,N,LEONA GRAVEL AQUIFER | UVALDE,1565,1565,1565,1565,1565,1565
2048,258,"MINING, VAL VERDE",MINING,J,VAL VERDE,N,"EDWARDS-TRINITY-PLATEAU, PECOS VALLEY, AND TRINITY AQUIFERS | VAL VERDE",99,99,99,99,99,99
2049,127,"MINING, VAN ZANDT",MINING,D,VAN ZANDT,N,CARRIZO-WILCOX AQUIFER | VAN ZANDT,1006,1020,1068,1099,1051,1089
2049,412,"MINING, VAN ZANDT",MINING,D,VAN ZANDT,N,LOCAL SURFACE WATER SUPPLY,847,847,847,847,847,847
2049,1075,"MINING, VAN ZANDT",MINING,D,VAN ZANDT,N,RHINES LAKE/RESERVOIR,1170,1170,1170,1170,1170,1170
2050,342,"MINING, VICTORIA",MINING,L,VICTORIA,N,GULF COAST AQUIFER SYSTEM | VICTORIA,52,52,52,52,52,52
2051,343,"MINING, WALKER",MINING,H,WALKER,N,GULF COAST AQUIFER SYSTEM | WALKER,73,73,73,73,73,73
2052,344,"MINING, WALLER",MINING,H,WALLER,N,GULF COAST AQUIFER SYSTEM | WALLER,109,127,145,166,188,211
2053,145,"MINING, WARD",MINING,F,WARD,N,EDWARDS-TRINITY-PLATEAU AND PECOS VALLEY AQUIFERS | WARD,5617,5612,5595,5576,5547,5505
2053,1174,"MINING, WARD",MINING,F,WARD,N,WATER RECYCLING,1159,1159,1159,1159,1159,1159
2054,345,"MINING, WASHINGTON",MINING,G,WASHINGTON,N,GULF COAST AQUIFER SYSTEM | WASHINGTON,78,78,78,78,78,78
2055,6,"MINING, WEBB",MINING,M,WEBB,N,AMISTAD-FALCON LAKE/RESERVOIR SYSTEM,4137,4134,4131,4123,4110,4094
2055,129,"MINING, WEBB",MINING,M,WEBB,N,CARRIZO-WILCOX AQUIFER | WEBB,92,92,92,92,92,92
2055,346,"MINING, WEBB",MINING,M,WEBB,N,GULF COAST AQUIFER SYSTEM | WEBB,225,250,275,294,321,321
2056,347,"MINING, WHARTON",MINING,K,WHARTON,N,GULF COAST AQUIFER SYSTEM | WHARTON,27,27,27,27,27,27
2057,505,"MINING, WHEELER",MINING,A,WHEELER,N,OGALLALA AQUIFER | WHEELER,4156,4156,4157,4157,4158,4158
2058,705,"MINING, WICHITA",MINING,B,WICHITA,N,SEYMOUR AQUIFER | WICHITA,45,45,45,45,45,45
2059,594,"MINING, WILBARGER",MINING,B,WILBARGER,N,OTHER AQUIFER | WILBARGER,21,21,21,21,21,21
2059,667,"MINING, WILBARGER",MINING,B,WILBARGER,N,RED RUN-OF-RIVER,11,11,11,11,11,11
2060,348,"MINING, WILLACY",MINING,M,WILLACY,N,GULF COAST AQUIFER SYSTEM | WILLACY,2,2,2,2,2,2
2061,54,"MINING, WILLIAMSON",MINING,G,WILLIAMSON,Y,BRAZOS RIVER AUTHORITY LITTLE RIVER LAKE/RESERVOIR SYSTEM,6,6,6,6,6,6
2061,217,"MINING, WILLIAMSON",MINING,K,WILLIAMSON,Y,EDWARDS-BFZ AQUIFER | WILLIAMSON,749,749,749,749,749,749
2062,130,"MINING, WILSON",MINING,L,WILSON,N,CARRIZO-WILCOX AQUIFER | WILSON,5641,5641,5641,5641,5641,5641
2063,203,"MINING, WINKLER",MINING,F,WINKLER,N,DOCKUM AQUIFER | WINKLER,3588,3260,2951,2677,2379,2087
2063,1002,"MINING, WINKLER",MINING,F,WINKLER,N,EDWARDS-TRINITY-PLATEAU AND PECOS VALLEY AQUIFERS | WINKLER,7592,8583,9599,10451,11251,11957
2063,1174,"MINING, WINKLER",MINING,F,WINKLER,N,WATER RECYCLING,1868,1868,1868,1868,1868,1868
2064,675,"MINING, WISE",MINING,C,WISE,N,TRINITY RUN-OF-RIVER,39,39,39,39,39,39
2064,808,"MINING, WISE",MINING,C,WISE,N,TRINITY AQUIFER | WISE,2155,2155,2155,2155,2155,2155
2064,810,"MINING, WISE",MINING,C,WISE,N,TRWD LAKE/RESERVOIR SYSTEM,767,669,1028,1320,1788,2500
2065,644,"MINING, WOOD",MINING,D,WOOD,N,QUEEN CITY AQUIFER | WOOD,309,313,317,321,324,328
2066,506,"MINING, YOAKUM",MINING,O,YOAKUM,N,OGALLALA AND EDWARDS-TRINITY-HIGH PLAINS AQUIFERS | YOAKUM,746,746,746,746,746,746
2067,1025,"MINING, YOUNG",MINING,G,YOUNG,N,SEYMOUR AQUIFER | YOUNG,9,9,9,9,9,9
2067,1074,"MINING, YOUNG",MINING,G,YOUNG,N,CROSS TIMBERS AQUIFER | YOUNG,1,1,1,1,1,1
2068,6,"MINING, ZAPATA",MINING,M,ZAPATA,N,AMISTAD-FALCON LAKE/RESERVOIR SYSTEM,6,6,6,6,6,6
2068,873,"MINING, ZAPATA",MINING,M,ZAPATA,N,YEGUA-JACKSON AQUIFER | ZAPATA,2,2,2,2,2,2
2069,132,"MINING, ZAVALA",MINING,L,ZAVALA,N,CARRIZO-WILCOX AQUIFER | ZAVALA,1268,1268,1268,1268,1268,1268
2070,6,MISSION,MUNICIPAL,M,HIDALGO,N,AMISTAD-FALCON LAKE/RESERVOIR SYSTEM,18400,18400,18399,18398,18397,18395
2072,54,MOFFAT WSC,MUNICIPAL,G,BELL,N,BRAZOS RIVER AUTHORITY LITTLE RIVER LAKE/RESERVOIR SYSTEM,737,733,730,726,722,722
2072,755,MOFFAT WSC,MUNICIPAL,G,BELL,N,TRINITY AQUIFER | BELL,361,361,361,361,361,361
2073,145,MONAHANS,MUNICIPAL,F,WARD,N,EDWARDS-TRINITY-PLATEAU AND PECOS VALLEY AQUIFERS | WARD,2249,2540,2848,3118,3413,3733
2073,1002,MONAHANS,MUNICIPAL,F,WARD,N,EDWARDS-TRINITY-PLATEAU AND PECOS VALLEY AQUIFERS | WINKLER,562,635,712,780,853,933
2074,304,MONT BELVIEU,MUNICIPAL,H,CHAMBERS,N,GULF COAST AQUIFER SYSTEM | CHAMBERS,3911,4210,4275,4618,4993,5405
2075,330,MONTGOMERY COUNTY MUD 18,MUNICIPAL,H,MONTGOMERY,N,GULF COAST AQUIFER SYSTEM | MONTGOMERY,2027,2015,1976,1960,1963,1967
2076,330,MONTGOMERY COUNTY MUD 19,MUNICIPAL,H,MONTGOMERY,N,GULF COAST AQUIFER SYSTEM | MONTGOMERY,691,585,508,462,432,407
2077,330,MONTGOMERY COUNTY MUD 8,MUNICIPAL,H,MONTGOMERY,N,GULF COAST AQUIFER SYSTEM | MONTGOMERY,1227,1176,1139,1122,1121,1119
2078,330,MONTGOMERY COUNTY MUD 9,MUNICIPAL,H,MONTGOMERY,N,GULF COAST AQUIFER SYSTEM | MONTGOMERY,1703,1473,1312,1213,1154,1101
2079,330,MONTGOMERY COUNTY UD 2,MUNICIPAL,H,MONTGOMERY,N,GULF COAST AQUIFER SYSTEM | MONTGOMERY,391,326,281,254,237,222
2080,330,MONTGOMERY COUNTY UD 3,MUNICIPAL,H,MONTGOMERY,N,GULF COAST AQUIFER SYSTEM | MONTGOMERY,849,849,849,849,849,849
2081,330,MONTGOMERY COUNTY UD 4,MUNICIPAL,H,MONTGOMERY,N,GULF COAST AQUIFER SYSTEM | MONTGOMERY,1269,1125,1031,979,956,935
2082,330,MONTGOMERY COUNTY WCID 1,MUNICIPAL,H,MONTGOMERY,N,GULF COAST AQUIFER SYSTEM | MONTGOMERY,442,410,363,329,314,300
2083,54,MOODY,MUNICIPAL,G,MCLENNAN,N,BRAZOS RIVER AUTHORITY LITTLE RIVER LAKE/RESERVOIR SYSTEM,386,383,381,378,375,375
2083,791,MOODY,MUNICIPAL,G,MCLENNAN,N,TRINITY AQUIFER | MCLENNAN,211,211,211,211,211,211
2085,467,MORTON PWS,MUNICIPAL,O,COCHRAN,N,OGALLALA AND EDWARDS-TRINITY-HIGH PLAINS AQUIFERS | COCHRAN,598,598,598,598,598,598
2086,325,MOULTON,MUNICIPAL,P,LAVACA,N,GULF COAST AQUIFER SYSTEM | LAVACA,156,156,156,156,156,156
2088,166,MOUNT VERNON,MUNICIPAL,D,FRANKLIN,N,CYPRESS SPRINGS LAKE/RESERVOIR,2538,2426,2315,2204,2093,1982
2088,674,MOUNT VERNON,MUNICIPAL,D,FRANKLIN,N,SULPHUR RUN-OF-RIVER,46,46,46,46,46,46
2090,392,MOUNTAIN PEAK SUD,MUNICIPAL,C,ELLIS,Y,JOE POOL LAKE/RESERVOIR,1121,1121,1121,1121,1121,1121
2090,772,MOUNTAIN PEAK SUD,MUNICIPAL,C,ELLIS,Y,TRINITY AQUIFER | ELLIS,1200,1200,1200,1200,1200,1200
2090,784,MOUNTAIN PEAK SUD,MUNICIPAL,C,ELLIS,Y,TRINITY AQUIFER | JOHNSON,1,1,1,1,1,1
2090,784,MOUNTAIN PEAK SUD,MUNICIPAL,G,JOHNSON,Y,TRINITY AQUIFER | JOHNSON,1091,1084,1091,1084,1092,1092
2092,766,MUENSTER,MUNICIPAL,C,COOKE,N,TRINITY AQUIFER | COOKE,357,355,355,355,355,355
2093,462,MULESHOE,MUNICIPAL,O,BAILEY,N,OGALLALA AND EDWARDS-TRINITY-HIGH PLAINS AQUIFERS | BAILEY,3056,3056,3056,3056,3056,3056
2094,430,MUNDAY,MUNICIPAL,G,KNOX,N,MILLERS CREEK LAKE/RESERVOIR,9,7,4,2,0,0
2095,95,MURCHISON,MUNICIPAL,I,HENDERSON,N,CARRIZO-WILCOX AQUIFER | HENDERSON,110,108,114,115,116,118
2096,390,MURPHY,MUNICIPAL,C,COLLIN,N,TRINITY INDIRECT REUSE,1617,1452,1400,1409,1481,1537
2096,738,MURPHY,MUNICIPAL,C,COLLIN,N,TAWAKONI LAKE/RESERVOIR,100,87,83,83,87,89
2096,1068,MURPHY,MUNICIPAL,C,COLLIN,N,NORTH TEXAS MWD LAKE/RESERVOIR SYSTEM,2695,2293,2136,2069,2080,2079
2099,111,NAPLES,MUNICIPAL,D,MORRIS,N,CARRIZO-WILCOX AQUIFER | MORRIS,225,225,225,225,225,225
2100,854,NASH,MUNICIPAL,D,BOWIE,N,WRIGHT PATMAN LAKE/RESERVOIR,0,0,0,0,0,0
2101,315,NASSAU BAY,MUNICIPAL,H,HARRIS,N,GULF COAST AQUIFER SYSTEM | HARRIS,139,140,141,141,142,141
2101,410,NASSAU BAY,MUNICIPAL,H,HARRIS,N,LIVINGSTON-WALLISVILLE LAKE/RESERVOIR SYSTEM,2184,2184,2184,2184,2184,2184
2102,214,NATALIA,MUNICIPAL,L,MEDINA,N,EDWARDS-BFZ AQUIFER | MEDINA,186,186,186,186,186,186
2103,453,NAVARRO MILLS WSC,MUNICIPAL,C,NAVARRO,Y,NAVARRO MILLS LAKE/RESERVOIR,238,249,246,246,241,240
2103,453,NAVARRO MILLS WSC,MUNICIPAL,G,HILL,Y,NAVARRO MILLS LAKE/RESERVOIR,2,2,2,1,1,1
2103,652,NAVARRO MILLS WSC,MUNICIPAL,C,NAVARRO,Y,CORSICANA RICHLAND CHAMBERS-HALBERT LAKE/RESERVOIR SYSTEM,48,50,50,49,49,48
2103,848,NAVARRO MILLS WSC,MUNICIPAL,C,NAVARRO,Y,WOODBINE AQUIFER | NAVARRO,20,20,20,20,20,20
2104,313,NAVASOTA,MUNICIPAL,G,GRIMES,N,GULF COAST AQUIFER SYSTEM | GRIMES,1982,1982,1982,1958,1913,1913
2105,683,NEDERLAND,MUNICIPAL,I,JEFFERSON,N,SAM RAYBURN-STEINHAGEN LAKE/RESERVOIR SYSTEM,2422,2433,2427,2397,2368,2340
2106,309,NEEDVILLE,MUNICIPAL,H,FORT BEND,N,GULF COAST AQUIFER SYSTEM | FORT BEND,329,529,617,636,642,644
2107,390,NEVADA SUD,MUNICIPAL,C,COLLIN,Y,TRINITY INDIRECT REUSE,180,200,260,497,844,1099
2107,390,NEVADA SUD,MUNICIPAL,C,ROCKWALL,Y,TRINITY INDIRECT REUSE,7,8,10,21,35,46
2107,738,NEVADA SUD,MUNICIPAL,C,COLLIN,Y,TAWAKONI LAKE/RESERVOIR,12,12,15,30,49,64
2107,738,NEVADA SUD,MUNICIPAL,C,ROCKWALL,Y,TAWAKONI LAKE/RESERVOIR,0,0,1,1,2,3
2107,1068,NEVADA SUD,MUNICIPAL,C,COLLIN,Y,NORTH TEXAS MWD LAKE/RESERVOIR SYSTEM,300,317,396,731,1186,1486
2107,1068,NEVADA SUD,MUNICIPAL,C,ROCKWALL,Y,NORTH TEXAS MWD LAKE/RESERVOIR SYSTEM,12,13,16,30,49,62
2108,674,NEW BOSTON,MUNICIPAL,D,BOWIE,N,SULPHUR RUN-OF-RIVER,75,75,75,75,75,75
2108,854,NEW BOSTON,MUNICIPAL,D,BOWIE,N,WRIGHT PATMAN LAKE/RESERVOIR,0,0,0,0,0,0
2109,64,NEW BRAUNFELS,MUNICIPAL,L,COMAL,Y,CANYON LAKE/RESERVOIR,6214,6191,6252,6359,6430,6481
2109,64,NEW BRAUNFELS,MUNICIPAL,L,GUADALUPE,Y,CANYON LAKE/RESERVOIR,2186,2209,2148,2041,1970,1919
2109,80,NEW BRAUNFELS,MUNICIPAL,L,COMAL,Y,CARRIZO-WILCOX AQUIFER | CALDWELL,846,842,851,865,875,882
2109,80,NEW BRAUNFELS,MUNICIPAL,L,GUADALUPE,Y,CARRIZO-WILCOX AQUIFER | CALDWELL,297,301,292,278,268,261
2109,90,NEW BRAUNFELS,MUNICIPAL,L,COMAL,Y,CARRIZO-WILCOX AQUIFER | GONZALES,5073,5054,5104,5191,5249,5290
2109,90,NEW BRAUNFELS,MUNICIPAL,L,GUADALUPE,Y,CARRIZO-WILCOX AQUIFER | GONZALES,1784,1803,1753,1666,1608,1567
2109,169,NEW BRAUNFELS,MUNICIPAL,L,COMAL,Y,DIRECT REUSE,48,48,48,49,50,50
2109,169,NEW BRAUNFELS,MUNICIPAL,L,GUADALUPE,Y,DIRECT REUSE,17,17,17,16,15,15
2109,210,NEW BRAUNFELS,MUNICIPAL,L,COMAL,Y,EDWARDS-BFZ AQUIFER | COMAL,3175,3163,3194,3248,3285,3311
2109,210,NEW BRAUNFELS,MUNICIPAL,L,GUADALUPE,Y,EDWARDS-BFZ AQUIFER | COMAL,1116,1128,1097,1043,1006,980
2109,661,NEW BRAUNFELS,MUNICIPAL,L,COMAL,Y,GUADALUPE RUN-OF-RIVER,4036,4022,4061,4129,4177,4210
2109,661,NEW BRAUNFELS,MUNICIPAL,L,GUADALUPE,Y,GUADALUPE RUN-OF-RIVER,1420,1434,1395,1327,1279,1246
2109,764,NEW BRAUNFELS,MUNICIPAL,L,COMAL,Y,TRINITY AQUIFER | COMAL,3169,3157,3189,3243,3279,3305
2109,764,NEW BRAUNFELS,MUNICIPAL,L,GUADALUPE,Y,TRINITY AQUIFER | COMAL,1115,1127,1095,1041,1005,979
2110,330,NEW CANEY MUD,MUNICIPAL,H,MONTGOMERY,N,GULF COAST AQUIFER SYSTEM | MONTGOMERY,1772,1828,1791,1786,1805,1753
2112,490,NEW DEAL,MUNICIPAL,O,LUBBOCK,N,OGALLALA AND EDWARDS-TRINITY-HIGH PLAINS AQUIFERS | LUBBOCK,333,333,333,333,333,333
2112,501,NEW DEAL,MUNICIPAL,O,LUBBOCK,N,OGALLALA AQUIFER | ROBERTS,50,50,50,50,50,50
2115,118,NEW LONDON,MUNICIPAL,I,RUSK,N,CARRIZO-WILCOX AQUIFER | RUSK,282,273,260,244,229,214
2116,83,NEW SUMMERFIELD,MUNICIPAL,I,CHEROKEE,N,CARRIZO-WILCOX AQUIFER | CHEROKEE,113,111,109,106,104,101
2117,343,NEW WAVERLY,MUNICIPAL,H,WALKER,N,GULF COAST AQUIFER SYSTEM | WALKER,141,125,111,96,83,72
2118,808,NEWARK,MUNICIPAL,C,WISE,N,TRINITY AQUIFER | WISE,125,125,125,125,125,125
2120,331,NEWTON,MUNICIPAL,I,NEWTON,N,GULF COAST AQUIFER SYSTEM | NEWTON,343,311,278,247,217,189
2123,90,NIXON,MUNICIPAL,L,GONZALES,N,CARRIZO-WILCOX AQUIFER | GONZALES,866,866,866,866,866,866
2124,276,NOCONA,MUNICIPAL,B,MONTAGUE,N,FARMERS CREEK/NOCONA LAKE/RESERVOIR,1080,1080,1080,1080,1080,1080
2128,102,NORMANGEE,MUNICIPAL,H,LEON,Y,CARRIZO-WILCOX AQUIFER | LEON,61,45,34,25,18,14
2128,102,NORMANGEE,MUNICIPAL,H,MADISON,Y,CARRIZO-WILCOX AQUIFER | LEON,12,12,12,12,12,12
2129,658,NORTH AUSTIN MUD 1,MUNICIPAL,K,TRAVIS,Y,COLORADO RUN-OF-RIVER,96,0,0,0,0,0
2129,658,NORTH AUSTIN MUD 1,MUNICIPAL,K,WILLIAMSON,Y,COLORADO RUN-OF-RIVER,889,0,0,0,0,0
2130,315,NORTH BELT UD,MUNICIPAL,H,HARRIS,N,GULF COAST AQUIFER SYSTEM | HARRIS,781,625,650,661,662,665
2131,791,NORTH BOSQUE WSC,MUNICIPAL,G,MCLENNAN,N,TRINITY AQUIFER | MCLENNAN,759,759,759,759,759,759
2132,83,NORTH CHEROKEE WSC,MUNICIPAL,I,CHEROKEE,N,CARRIZO-WILCOX AQUIFER | CHEROKEE,142,140,137,134,131,128
2132,391,NORTH CHEROKEE WSC,MUNICIPAL,I,CHEROKEE,N,JACKSONVILLE LAKE/RESERVOIR,330,325,319,312,305,297
2133,390,NORTH COLLIN SUD,MUNICIPAL,C,COLLIN,N,TRINITY INDIRECT REUSE,361,359,383,417,462,522
2133,738,NORTH COLLIN SUD,MUNICIPAL,C,COLLIN,N,TAWAKONI LAKE/RESERVOIR,22,22,23,25,27,30
2133,1068,NORTH COLLIN SUD,MUNICIPAL,C,COLLIN,N,NORTH TEXAS MWD LAKE/RESERVOIR SYSTEM,603,567,584,613,650,707
2134,169,NORTH GREEN MUD,MUNICIPAL,H,HARRIS,N,DIRECT REUSE,45,45,45,45,45,45
2134,315,NORTH GREEN MUD,MUNICIPAL,H,HARRIS,N,GULF COAST AQUIFER SYSTEM | HARRIS,536,431,434,436,438,439
2135,314,NORTH HARDIN WSC,MUNICIPAL,I,HARDIN,N,GULF COAST AQUIFER SYSTEM | HARDIN,539,553,568,583,598,614
2136,148,NORTH HOPKINS WSC,MUNICIPAL,D,HOPKINS,N,CHAPMAN/COOPER LAKE/RESERVOIR NON-SYSTEM PORTION,921,921,921,921,921,921
2140,148,NORTHLAKE,MUNICIPAL,C,DENTON,N,CHAPMAN/COOPER LAKE/RESERVOIR NON-SYSTEM PORTION,385,282,245,258,263,262
2140,390,NORTHLAKE,MUNICIPAL,C,DENTON,N,TRINITY INDIRECT REUSE,116,113,123,129,132,131
2140,646,NORTHLAKE,MUNICIPAL,C,DENTON,N,RALPH HALL LAKE/RESERVOIR,1385,1035,923,992,1038,1060
2140,650,NORTHLAKE,MUNICIPAL,C,DENTON,N,RAY ROBERTS-LEWISVILLE-GRAPEVINE LAKE/RESERVOIR SYSTEM,1524,1293,1282,1355,1391,1386
2140,810,NORTHLAKE,MUNICIPAL,C,DENTON,N,TRWD LAKE/RESERVOIR SYSTEM,1475,1441,1666,1788,1908,1968
2140,837,NORTHLAKE,MUNICIPAL,C,DENTON,N,WOODBINE AQUIFER | DENTON,95,95,95,95,95,95
2144,427,ODONNELL,MUNICIPAL,O,DAWSON,Y,MEREDITH LAKE/RESERVOIR,2,1,1,1,1,0
2144,427,ODONNELL,MUNICIPAL,O,LYNN,Y,MEREDITH LAKE/RESERVOIR,10,8,7,5,4,3
2144,471,ODONNELL,MUNICIPAL,O,DAWSON,Y,OGALLALA AND EDWARDS-TRINITY-HIGH PLAINS AQUIFERS | DAWSON,17,17,17,17,17,17
2144,471,ODONNELL,MUNICIPAL,O,LYNN,Y,OGALLALA AND EDWARDS-TRINITY-HIGH PLAINS AQUIFERS | DAWSON,98,98,98,98,98,98
2144,501,ODONNELL,MUNICIPAL,O,DAWSON,Y,OGALLALA AQUIFER | ROBERTS,10,8,7,6,6,5
2144,501,ODONNELL,MUNICIPAL,O,LYNN,Y,OGALLALA AQUIFER | ROBERTS,59,48,41,35,33,31
2146,130,OAK HILLS WSC,MUNICIPAL,L,BEXAR,Y,CARRIZO-WILCOX AQUIFER | WILSON,7,9,12,17,24,33
2146,130,OAK HILLS WSC,MUNICIPAL,L,WILSON,Y,CARRIZO-WILCOX AQUIFER | WILSON,446,444,441,436,429,420
2149,160,OAK RIDGE NORTH,MUNICIPAL,H,MONTGOMERY,N,CONROE LAKE/RESERVOIR,184,184,184,184,184,184
2149,330,OAK RIDGE NORTH,MUNICIPAL,H,MONTGOMERY,N,GULF COAST AQUIFER SYSTEM | MONTGOMERY,356,377,353,369,342,320
2151,163,ODEM,MUNICIPAL,N,SAN PATRICIO,N,CORPUS CHRISTI-CHOKE CANYON LAKE/RESERVOIR SYSTEM,216,211,210,213,215,218
2151,742,ODEM,MUNICIPAL,N,SAN PATRICIO,N,TEXANA LAKE/RESERVOIR,216,212,211,213,216,219
2153,6,OLMITO WSC,MUNICIPAL,M,CAMERON,N,AMISTAD-FALCON LAKE/RESERVOIR SYSTEM,1665,1665,1665,1665,1665,1665
2155,169,OLNEY,MUNICIPAL,B,YOUNG,N,DIRECT REUSE,5,5,5,5,5,5
2155,509,OLNEY,MUNICIPAL,B,YOUNG,N,OLNEY-COOPER LAKE/RESERVOIR SYSTEM,77,65,53,41,29,17
2155,830,OLNEY,MUNICIPAL,B,YOUNG,N,LITTLE WICHITA RIVER LAKE/RESERVOIR SYSTEM,1014,895,843,796,751,705
2156,488,OLTON,MUNICIPAL,O,LAMB,N,OGALLALA AND EDWARDS-TRINITY-HIGH PLAINS AQUIFERS | LAMB,1352,1352,1352,1352,1352,1352
2157,111,OMAHA,MUNICIPAL,D,MORRIS,N,CARRIZO-WILCOX AQUIFER | MORRIS,290,290,290,290,290,290
2158,334,ONALASKA WSC,MUNICIPAL,H,POLK,N,GULF COAST AQUIFER SYSTEM | POLK,359,388,403,420,438,458
2160,333,ORANGE,MUNICIPAL,I,ORANGE,N,GULF COAST AQUIFER SYSTEM | ORANGE,3522,3582,3598,3561,3525,3489
2161,321,ORANGE GROVE,MUNICIPAL,N,JIM WELLS,N,GULF COAST AQUIFER SYSTEM | JIM WELLS,364,354,347,341,337,336
2163,125,ORE CITY,MUNICIPAL,D,MARION,Y,CARRIZO-WILCOX AQUIFER | UPSHUR,16,19,25,29,33,37
2163,125,ORE CITY,MUNICIPAL,D,UPSHUR,Y,CARRIZO-WILCOX AQUIFER | UPSHUR,198,195,189,185,181,177
2163,457,ORE CITY,MUNICIPAL,D,UPSHUR,Y,O' THE PINES LAKE/RESERVOIR,1504,1504,1504,1504,1504,1504
2164,118,OVERTON,MUNICIPAL,D,SMITH,Y,CARRIZO-WILCOX AQUIFER | RUSK,30,32,34,35,36,37
2164,118,OVERTON,MUNICIPAL,I,RUSK,Y,CARRIZO-WILCOX AQUIFER | RUSK,446,432,411,387,364,341
2164,118,OVERTON,MUNICIPAL,I,SMITH,Y,CARRIZO-WILCOX AQUIFER | RUSK,7,7,8,8,8,8
2165,279,OVILLA,MUNICIPAL,C,DALLAS,Y,FORK LAKE/RESERVOIR,10,11,12,12,13,14
2165,279,OVILLA,MUNICIPAL,C,ELLIS,Y,FORK LAKE/RESERVOIR,111,138,165,194,224,258
2165,390,OVILLA,MUNICIPAL,C,DALLAS,Y,TRINITY INDIRECT REUSE,11,13,15,16,18,19
2165,390,OVILLA,MUNICIPAL,C,ELLIS,Y,TRINITY INDIRECT REUSE,113,158,215,255,298,351
2165,648,OVILLA,MUNICIPAL,C,DALLAS,Y,RAY HUBBARD LAKE/RESERVOIR,11,11,11,11,11,12
2165,648,OVILLA,MUNICIPAL,C,ELLIS,Y,RAY HUBBARD LAKE/RESERVOIR,114,136,157,176,194,213
2165,650,OVILLA,MUNICIPAL,C,DALLAS,Y,RAY ROBERTS-LEWISVILLE-GRAPEVINE LAKE/RESERVOIR SYSTEM,26,25,24,25,26,28
2165,650,OVILLA,MUNICIPAL,C,ELLIS,Y,RAY ROBERTS-LEWISVILLE-GRAPEVINE LAKE/RESERVOIR SYSTEM,277,319,348,397,449,503
2165,738,OVILLA,MUNICIPAL,C,DALLAS,Y,TAWAKONI LAKE/RESERVOIR,43,44,45,46,48,50
2165,738,OVILLA,MUNICIPAL,C,ELLIS,Y,TAWAKONI LAKE/RESERVOIR,463,555,642,725,808,897
2166,299,OYSTER CREEK,MUNICIPAL,H,BRAZORIA,N,GULF COAST AQUIFER SYSTEM | BRAZORIA,72,68,66,57,47,37
2166,655,OYSTER CREEK,MUNICIPAL,H,BRAZORIA,N,BRAZOS RUN-OF-RIVER,184,184,184,184,184,184
2167,19,PADUCAH,MUNICIPAL,B,COTTLE,N,BLAINE AQUIFER | COTTLE,298,254,253,249,245,240
2168,328,PALACIOS,MUNICIPAL,K,MATAGORDA,N,GULF COAST AQUIFER SYSTEM | MATAGORDA,486,486,486,486,486,486
2169,71,PALESTINE,MUNICIPAL,I,ANDERSON,N,CARRIZO-WILCOX AQUIFER | ANDERSON,756,756,756,756,756,756
2169,600,PALESTINE,MUNICIPAL,I,ANDERSON,N,PALESTINE LAKE/RESERVOIR,5888,5888,5888,5888,5888,5888
2170,6,PALM VALLEY,MUNICIPAL,M,CAMERON,N,AMISTAD-FALCON LAKE/RESERVOIR SYSTEM,266,266,266,266,266,266
2172,392,PALMER,MUNICIPAL,C,ELLIS,N,JOE POOL LAKE/RESERVOIR,96,100,103,106,105,107
2172,810,PALMER,MUNICIPAL,C,ELLIS,N,TRWD LAKE/RESERVOIR SYSTEM,162,177,202,218,239,261
2175,427,PAMPA MUNICIPAL WATER SYSTEM,MUNICIPAL,A,GRAY,N,MEREDITH LAKE/RESERVOIR,271,213,175,156,135,101
2175,480,PAMPA MUNICIPAL WATER SYSTEM,MUNICIPAL,A,GRAY,N,OGALLALA AQUIFER | GRAY,1724,1431,1135,903,713,713
2175,501,PAMPA MUNICIPAL WATER SYSTEM,MUNICIPAL,A,GRAY,N,OGALLALA AQUIFER | ROBERTS,1521,1265,1093,1035,1100,1088
2176,465,PANHANDLE MUNICIPAL WATER SYSTEM,MUNICIPAL,A,CARSON,N,OGALLALA AQUIFER | CARSON,503,503,509,511,517,527
2177,169,PANORAMA VILLAGE,MUNICIPAL,H,MONTGOMERY,N,DIRECT REUSE,43,43,43,43,43,43
2177,330,PANORAMA VILLAGE,MUNICIPAL,H,MONTGOMERY,N,GULF COAST AQUIFER SYSTEM | MONTGOMERY,618,615,608,605,608,610
2178,803,PANTEGO,MUNICIPAL,C,TARRANT,N,TRINITY AQUIFER | TARRANT,673,671,671,671,671,671
2179,390,PARKER,MUNICIPAL,C,COLLIN,N,TRINITY INDIRECT REUSE,975,1097,1323,1395,1325,1285
2179,738,PARKER,MUNICIPAL,C,COLLIN,N,TAWAKONI LAKE/RESERVOIR,60,66,79,82,78,75
2179,1068,PARKER,MUNICIPAL,C,COLLIN,N,NORTH TEXAS MWD LAKE/RESERVOIR SYSTEM,1625,1733,2016,2049,1861,1737
2180,53,PARKER WSC,MUNICIPAL,G,HILL,Y,BRAZOS RIVER AUTHORITY AQUILLA LAKE/RESERVOIR SYSTEM,26,22,19,17,16,16
2180,53,PARKER WSC,MUNICIPAL,G,JOHNSON,Y,BRAZOS RIVER AUTHORITY AQUILLA LAKE/RESERVOIR SYSTEM,310,314,317,319,320,320
2180,784,PARKER WSC,MUNICIPAL,G,HILL,Y,TRINITY AQUIFER | JOHNSON,21,22,25,27,29,30
2180,784,PARKER WSC,MUNICIPAL,G,JOHNSON,Y,TRINITY AQUIFER | JOHNSON,253,252,249,247,245,244
2181,315,PARKWAY MUD,MUNICIPAL,H,HARRIS,N,GULF COAST AQUIFER SYSTEM | HARRIS,107,109,109,109,108,108
2181,410,PARKWAY MUD,MUNICIPAL,H,HARRIS,N,LIVINGSTON-WALLISVILLE LAKE/RESERVOIR SYSTEM,430,435,436,436,433,433
2184,299,PEARLAND,MUNICIPAL,H,BRAZORIA,Y,GULF COAST AQUIFER SYSTEM | BRAZORIA,7289,8790,9446,10112,10638,10935
2184,315,PEARLAND,MUNICIPAL,H,HARRIS,Y,GULF COAST AQUIFER SYSTEM | HARRIS,272,279,283,286,290,295
2184,410,PEARLAND,MUNICIPAL,H,BRAZORIA,Y,LIVINGSTON-WALLISVILLE LAKE/RESERVOIR SYSTEM,15985,15948,15983,16039,16073,16084
2184,410,PEARLAND,MUNICIPAL,H,FORT BEND,Y,LIVINGSTON-WALLISVILLE LAKE/RESERVOIR SYSTEM,760,882,874,843,821,809
2184,410,PEARLAND,MUNICIPAL,H,HARRIS,Y,LIVINGSTON-WALLISVILLE LAKE/RESERVOIR SYSTEM,1140,1055,1028,1003,991,992
2185,89,PEARSALL,MUNICIPAL,L,FRIO,N,CARRIZO-WILCOX AQUIFER | FRIO,1410,1410,1410,1410,1410,1410
2186,55,PECAN GROVE MUD 1,MUNICIPAL,H,FORT BEND,N,BRAZOS RIVER AUTHORITY MAIN STEM LAKE/RESERVOIR SYSTEM,923,955,974,993,1010,1026
2186,309,PECAN GROVE MUD 1,MUNICIPAL,H,FORT BEND,N,GULF COAST AQUIFER SYSTEM | FORT BEND,1099,1191,1248,1271,1282,1299
2186,655,PECAN GROVE MUD 1,MUNICIPAL,H,FORT BEND,N,BRAZOS RUN-OF-RIVER,1531,1522,1514,1505,1497,1487
2186,1076,PECAN GROVE MUD 1,MUNICIPAL,H,FORT BEND,N,BRA SYSTEM OPERATIONS PERMIT SUPPLY,499,460,421,382,342,304
2188,145,PECOS,MUNICIPAL,F,REEVES,N,EDWARDS-TRINITY-PLATEAU AND PECOS VALLEY AQUIFERS | WARD,150,150,150,150,150,150
2188,196,PECOS,MUNICIPAL,F,REEVES,N,DOCKUM AQUIFER | REEVES,2367,2347,2325,2307,2286,2264
2189,246,PECOS COUNTY WCID 1,MUNICIPAL,F,PECOS,N,"EDWARDS-TRINITY-PLATEAU, PECOS VALLEY, AND TRINITY AQUIFERS | PECOS",3,3,3,3,3,3
2189,1000,PECOS COUNTY WCID 1,MUNICIPAL,F,PECOS,N,EDWARDS-TRINITY-PLATEAU AND PECOS VALLEY AQUIFERS | PECOS,582,652,690,648,598,537
2190,803,PELICAN BAY,MUNICIPAL,C,TARRANT,N,TRINITY AQUIFER | TARRANT,199,267,358,479,500,500
2191,54,PENDLETON WSC,MUNICIPAL,G,BELL,N,BRAZOS RIVER AUTHORITY LITTLE RIVER LAKE/RESERVOIR SYSTEM,443,441,438,435,432,432
2191,755,PENDLETON WSC,MUNICIPAL,G,BELL,N,TRINITY AQUIFER | BELL,146,146,146,146,146,146
2193,496,PERRYTON MUNICIPAL WATER SYSTEM,MUNICIPAL,A,OCHILTREE,N,OGALLALA AQUIFER | OCHILTREE,2737,2805,2789,2680,2484,2304
2194,481,PETERSBURG MUNICIPAL WATER SYSTEM,MUNICIPAL,O,HALE,N,OGALLALA AND EDWARDS-TRINITY-HIGH PLAINS AQUIFERS | HALE,594,594,594,594,594,594
2196,215,PFLUGERVILLE,MUNICIPAL,K,TRAVIS,N,EDWARDS-BFZ AQUIFER | TRAVIS,1022,1022,1022,1022,1022,1022
2196,368,PFLUGERVILLE,MUNICIPAL,K,TRAVIS,N,HIGHLAND LAKES LAKE/RESERVOIR SYSTEM,11600,13600,17100,17100,17100,17100
2197,6,PHARR,MUNICIPAL,M,HIDALGO,N,AMISTAD-FALCON LAKE/RESERVOIR SYSTEM,5018,5018,5018,5018,5018,5018
2197,169,PHARR,MUNICIPAL,M,HIDALGO,N,DIRECT REUSE,914,970,1011,1031,1052,1074
2197,316,PHARR,MUNICIPAL,M,HIDALGO,N,GULF COAST AQUIFER SYSTEM | HIDALGO,1400,1400,1400,1400,1400,1400
2198,148,PILOT POINT,MUNICIPAL,C,DENTON,Y,CHAPMAN/COOPER LAKE/RESERVOIR NON-SYSTEM PORTION,9,31,55,83,86,84
2198,148,PILOT POINT,MUNICIPAL,C,GRAYSON,Y,CHAPMAN/COOPER LAKE/RESERVOIR NON-SYSTEM PORTION,0,1,1,2,2,2
2198,390,PILOT POINT,MUNICIPAL,C,DENTON,Y,TRINITY INDIRECT REUSE,3,13,28,42,43,41
2198,390,PILOT POINT,MUNICIPAL,C,GRAYSON,Y,TRINITY INDIRECT REUSE,0,0,1,1,1,1
2198,646,PILOT POINT,MUNICIPAL,C,DENTON,Y,RALPH HALL LAKE/RESERVOIR,32,114,211,322,339,336
2198,646,PILOT POINT,MUNICIPAL,C,GRAYSON,Y,RALPH HALL LAKE/RESERVOIR,1,2,4,6,7,7
2198,650,PILOT POINT,MUNICIPAL,C,DENTON,Y,RAY ROBERTS-LEWISVILLE-GRAPEVINE LAKE/RESERVOIR SYSTEM,36,142,292,440,454,440
2198,650,PILOT POINT,MUNICIPAL,C,GRAYSON,Y,RAY ROBERTS-LEWISVILLE-GRAPEVINE LAKE/RESERVOIR SYSTEM,1,3,6,9,9,9
2198,770,PILOT POINT,MUNICIPAL,C,DENTON,Y,TRINITY AQUIFER | DENTON,559,560,560,560,560,560
2198,770,PILOT POINT,MUNICIPAL,C,GRAYSON,Y,TRINITY AQUIFER | DENTON,12,11,11,11,11,11
2202,333,PINEHURST,MUNICIPAL,I,ORANGE,N,GULF COAST AQUIFER SYSTEM | ORANGE,346,352,353,350,346,342
2203,865,PINELAND,MUNICIPAL,I,SABINE,N,YEGUA-JACKSON AQUIFER | SABINE,169,153,140,132,124,115
2205,33,PITTSBURG,MUNICIPAL,D,CAMP,N,BOB SANDLIN LAKE/RESERVOIR,0,0,0,0,0,0
2205,81,PITTSBURG,MUNICIPAL,D,CAMP,N,CARRIZO-WILCOX AQUIFER | CAMP,433,433,433,433,433,433
2205,457,PITTSBURG,MUNICIPAL,D,CAMP,N,O' THE PINES LAKE/RESERVOIR,841,848,850,857,864,872
2206,506,PLAINS,MUNICIPAL,O,YOAKUM,N,OGALLALA AND EDWARDS-TRINITY-HIGH PLAINS AQUIFERS | YOAKUM,1138,1138,1138,1138,1138,1138
2207,427,PLAINVIEW,MUNICIPAL,O,HALE,N,MEREDITH LAKE/RESERVOIR,291,251,227,206,175,126
2207,481,PLAINVIEW,MUNICIPAL,O,HALE,N,OGALLALA AND EDWARDS-TRINITY-HIGH PLAINS AQUIFERS | HALE,6206,6206,6206,6206,6206,6206
2207,501,PLAINVIEW,MUNICIPAL,O,HALE,N,OGALLALA AQUIFER | ROBERTS,1628,1489,1416,1365,1432,1352
2208,390,PLANO,MUNICIPAL,C,COLLIN,Y,TRINITY INDIRECT REUSE,23561,20859,20069,18755,17811,17280
2208,390,PLANO,MUNICIPAL,C,DENTON,Y,TRINITY INDIRECT REUSE,704,645,621,580,551,535
2208,738,PLANO,MUNICIPAL,C,COLLIN,Y,TAWAKONI LAKE/RESERVOIR,1454,1251,1194,1108,1044,1004
2208,738,PLANO,MUNICIPAL,C,DENTON,Y,TAWAKONI LAKE/RESERVOIR,44,39,37,34,32,31
2208,1068,PLANO,MUNICIPAL,C,COLLIN,Y,NORTH TEXAS MWD LAKE/RESERVOIR SYSTEM,39276,32959,30597,27556,25038,23361
2208,1068,PLANO,MUNICIPAL,C,DENTON,Y,NORTH TEXAS MWD LAKE/RESERVOIR SYSTEM,1175,1019,946,852,774,723
2209,169,PLANTATION MUD,MUNICIPAL,H,FORT BEND,N,DIRECT REUSE,6,6,6,6,6,6
2209,309,PLANTATION MUD,MUNICIPAL,H,FORT BEND,N,GULF COAST AQUIFER SYSTEM | FORT BEND,395,399,407,409,412,416
2211,73,PLEASANTON,MUNICIPAL,L,ATASCOSA,N,CARRIZO-WILCOX AQUIFER | ATASCOSA,5028,5028,5028,5028,5028,5028
2214,279,POINT,MUNICIPAL,D,RAINS,N,FORK LAKE/RESERVOIR,201,198,196,194,192,190
2214,738,POINT,MUNICIPAL,D,RAINS,N,TAWAKONI LAKE/RESERVOIR,201,199,198,196,194,193
2215,330,POINT AQUARIUS MUD,MUNICIPAL,H,MONTGOMERY,N,GULF COAST AQUIFER SYSTEM | MONTGOMERY,552,644,699,726,733,740
2217,742,POINT COMFORT,MUNICIPAL,L,CALHOUN,N,TEXANA LAKE/RESERVOIR,178,178,178,178,178,178
2218,80,POLONIA WSC,MUNICIPAL,K,BASTROP,Y,CARRIZO-WILCOX AQUIFER | CALDWELL,23,48,41,33,30,25
2218,80,POLONIA WSC,MUNICIPAL,L,CALDWELL,Y,CARRIZO-WILCOX AQUIFER | CALDWELL,1037,2509,2516,2524,2527,2532
2219,148,PONDER,MUNICIPAL,C,DENTON,N,CHAPMAN/COOPER LAKE/RESERVOIR NON-SYSTEM PORTION,0,0,0,0,0,0
2219,390,PONDER,MUNICIPAL,C,DENTON,N,TRINITY INDIRECT REUSE,0,0,0,0,0,0
2219,646,PONDER,MUNICIPAL,C,DENTON,N,RALPH HALL LAKE/RESERVOIR,0,0,0,0,0,0
2219,650,PONDER,MUNICIPAL,C,DENTON,N,RAY ROBERTS-LEWISVILLE-GRAPEVINE LAKE/RESERVOIR SYSTEM,0,0,0,0,0,0
2219,770,PONDER,MUNICIPAL,C,DENTON,N,TRINITY AQUIFER | DENTON,385,385,385,385,385,385
2220,163,NUECES COUNTY WCID 4,MUNICIPAL,N,NUECES,N,CORPUS CHRISTI-CHOKE CANYON LAKE/RESERVOIR SYSTEM,685,695,696,691,687,682
2220,742,NUECES COUNTY WCID 4,MUNICIPAL,N,NUECES,N,TEXANA LAKE/RESERVOIR,685,696,696,693,687,683
2222,661,PORT LAVACA,MUNICIPAL,L,CALHOUN,N,GUADALUPE RUN-OF-RIVER,4480,4480,4480,4480,4480,4480
2223,683,PORT NECHES,MUNICIPAL,I,JEFFERSON,N,SAM RAYBURN-STEINHAGEN LAKE/RESERVOIR SYSTEM,1558,1564,1560,1541,1522,1504
2224,302,PORT OCONNOR IMPROVEMENT DISTRICT,MUNICIPAL,L,CALHOUN,N,GULF COAST AQUIFER SYSTEM | CALHOUN,102,102,102,102,102,102
2226,163,PORTLAND,MUNICIPAL,N,SAN PATRICIO,N,CORPUS CHRISTI-CHOKE CANYON LAKE/RESERVOIR SYSTEM,1777,1918,2077,2250,2436,2638
2226,742,PORTLAND,MUNICIPAL,N,SAN PATRICIO,N,TEXANA LAKE/RESERVOIR,1778,1919,2078,2250,2437,2639
2227,469,POST,MUNICIPAL,O,GARZA,N,OGALLALA AND EDWARDS-TRINITY-HIGH PLAINS AQUIFERS | CROSBY,658,658,658,658,658,658
2227,501,POST,MUNICIPAL,O,GARZA,N,OGALLALA AQUIFER | ROBERTS,192,192,192,192,192,188
2227,655,POST,MUNICIPAL,O,GARZA,N,BRAZOS RUN-OF-RIVER,0,0,0,0,0,0
2228,73,POTEET,MUNICIPAL,L,ATASCOSA,N,CARRIZO-WILCOX AQUIFER | ATASCOSA,806,806,806,806,806,806
2229,130,POTH,MUNICIPAL,L,WILSON,N,CARRIZO-WILCOX AQUIFER | WILSON,630,630,630,630,630,630
2230,55,POTOSI WSC,MUNICIPAL,G,CALLAHAN,Y,BRAZOS RIVER AUTHORITY MAIN STEM LAKE/RESERVOIR SYSTEM,0,0,4,6,6,5
2230,55,POTOSI WSC,MUNICIPAL,G,TAYLOR,Y,BRAZOS RIVER AUTHORITY MAIN STEM LAKE/RESERVOIR SYSTEM,0,0,160,301,301,302
2230,507,POTOSI WSC,MUNICIPAL,G,CALLAHAN,Y,OH IVIE LAKE/RESERVOIR NON-SYSTEM PORTION,9,8,3,0,0,0
2230,507,POTOSI WSC,MUNICIPAL,G,TAYLOR,Y,OH IVIE LAKE/RESERVOIR NON-SYSTEM PORTION,298,299,140,0,0,0
2231,647,POTTSBORO,MUNICIPAL,C,GRAYSON,N,RANDELL LAKE/RESERVOIR,60,53,48,45,41,40
2231,744,POTTSBORO,MUNICIPAL,C,GRAYSON,N,TEXOMA LAKE/RESERVOIR NON-SYSTEM PORTION,231,204,187,173,158,156
2231,840,POTTSBORO,MUNICIPAL,C,GRAYSON,N,WOODBINE AQUIFER | GRAYSON,112,112,112,112,112,112
2232,344,PRAIRIE VIEW,MUNICIPAL,H,WALLER,N,GULF COAST AQUIFER SYSTEM | WALLER,888,1083,1172,1280,1408,1502
2233,321,PREMONT,MUNICIPAL,N,JIM WELLS,N,GULF COAST AQUIFER SYSTEM | JIM WELLS,554,541,532,524,521,522
2234,826,PRESIDIO,MUNICIPAL,E,PRESIDIO,N,WEST TEXAS BOLSONS AQUIFER | PRESIDIO,2460,2460,2460,2460,2460,2460
2235,6,PRIMERA,MUNICIPAL,M,CAMERON,N,AMISTAD-FALCON LAKE/RESERVOIR SYSTEM,340,340,340,340,340,340
2235,303,PRIMERA,MUNICIPAL,M,CAMERON,N,GULF COAST AQUIFER SYSTEM | CAMERON,205,205,205,205,205,205
2236,390,PRINCETON,MUNICIPAL,C,COLLIN,N,TRINITY INDIRECT REUSE,1702,3185,3773,3821,3950,3833
2236,738,PRINCETON,MUNICIPAL,C,COLLIN,N,TAWAKONI LAKE/RESERVOIR,105,191,225,226,231,223
2236,1068,PRINCETON,MUNICIPAL,C,COLLIN,N,NORTH TEXAS MWD LAKE/RESERVOIR SYSTEM,2836,5032,5752,5615,5554,5181
2237,125,PRITCHETT WSC,MUNICIPAL,D,UPSHUR,Y,CARRIZO-WILCOX AQUIFER | UPSHUR,1870,1869,1849,1813,1763,1715
2237,125,PRITCHETT WSC,MUNICIPAL,D,WOOD,Y,CARRIZO-WILCOX AQUIFER | UPSHUR,7,8,8,8,8,9
2237,131,PRITCHETT WSC,MUNICIPAL,D,WOOD,Y,CARRIZO-WILCOX AQUIFER | WOOD,5,5,25,61,111,158
2239,390,PROSPER,MUNICIPAL,C,COLLIN,Y,TRINITY INDIRECT REUSE,3391,3466,3623,3423,3440,3337
2239,390,PROSPER,MUNICIPAL,C,DENTON,Y,TRINITY INDIRECT REUSE,1403,1508,1567,1474,1474,1430
2239,738,PROSPER,MUNICIPAL,C,COLLIN,Y,TAWAKONI LAKE/RESERVOIR,209,208,216,202,202,194
2239,738,PROSPER,MUNICIPAL,C,DENTON,Y,TAWAKONI LAKE/RESERVOIR,87,90,93,87,86,83
2239,1068,PROSPER,MUNICIPAL,C,COLLIN,Y,NORTH TEXAS MWD LAKE/RESERVOIR SYSTEM,5655,5474,5524,5030,4835,4511
2239,1068,PROSPER,MUNICIPAL,C,DENTON,Y,NORTH TEXAS MWD LAKE/RESERVOIR SYSTEM,2339,2384,2388,2167,2072,1934
2240,293,QUANAH,MUNICIPAL,B,HARDEMAN,N,GREENBELT LAKE/RESERVOIR,230,223,222,220,217,218
2240,474,QUANAH,MUNICIPAL,B,HARDEMAN,N,OGALLALA AQUIFER | DONLEY,117,119,118,116,114,109
2241,82,QUEEN CITY,MUNICIPAL,D,CASS,N,CARRIZO-WILCOX AQUIFER | CASS,269,269,269,269,269,269
2241,854,QUEEN CITY,MUNICIPAL,D,CASS,N,WRIGHT PATMAN LAKE/RESERVOIR,240,230,223,218,214,213
2242,738,QUINLAN,MUNICIPAL,D,HUNT,N,TAWAKONI LAKE/RESERVOIR,240,258,276,292,307,322
2243,279,QUITMAN,MUNICIPAL,D,WOOD,N,FORK LAKE/RESERVOIR,1003,992,981,970,959,948
2246,469,RALLS,MUNICIPAL,O,CROSBY,N,OGALLALA AND EDWARDS-TRINITY-HIGH PLAINS AQUIFERS | CROSBY,233,233,233,233,233,233
2247,131,RAMEY WSC,MUNICIPAL,D,WOOD,N,CARRIZO-WILCOX AQUIFER | WOOD,900,900,900,900,900,900
2249,404,RANGER,MUNICIPAL,G,EASTLAND,N,LEON LAKE/RESERVOIR,1317,1321,1321,1321,1321,1321
2249,919,RANGER,MUNICIPAL,G,EASTLAND,N,EASTLAND LAKE/RESERVOIR,476,472,472,472,472,472
2250,256,RANKIN,MUNICIPAL,F,UPTON,N,"EDWARDS-TRINITY-PLATEAU, PECOS VALLEY, AND TRINITY AQUIFERS | UPTON",260,269,277,288,300,314
2251,2,RANSOM CANYON,MUNICIPAL,O,LUBBOCK,N,ALAN HENRY LAKE/RESERVOIR,143,143,143,143,293,293
2251,462,RANSOM CANYON,MUNICIPAL,O,LUBBOCK,N,OGALLALA AND EDWARDS-TRINITY-HIGH PLAINS AQUIFERS | BAILEY,142,142,142,142,0,0
2251,488,RANSOM CANYON,MUNICIPAL,O,LUBBOCK,N,OGALLALA AND EDWARDS-TRINITY-HIGH PLAINS AQUIFERS | LAMB,142,142,142,142,0,0
2251,501,RANSOM CANYON,MUNICIPAL,O,LUBBOCK,N,OGALLALA AQUIFER | ROBERTS,142,142,142,142,142,142
2251,655,RANSOM CANYON,MUNICIPAL,O,LUBBOCK,N,BRAZOS RUN-OF-RIVER,0,0,0,0,0,0
2252,160,RAYFORD ROAD MUD,MUNICIPAL,H,MONTGOMERY,N,CONROE LAKE/RESERVOIR,565,565,565,565,565,565
2252,330,RAYFORD ROAD MUD,MUNICIPAL,H,MONTGOMERY,N,GULF COAST AQUIFER SYSTEM | MONTGOMERY,1140,982,879,812,791,773
2253,6,RAYMONDVILLE,MUNICIPAL,M,WILLACY,N,AMISTAD-FALCON LAKE/RESERVOIR SYSTEM,3402,3402,3402,3402,3402,3402
2253,348,RAYMONDVILLE,MUNICIPAL,M,WILLACY,N,GULF COAST AQUIFER SYSTEM | WILLACY,4,5,5,5,5,5
2255,279,RED OAK,MUNICIPAL,C,ELLIS,N,FORK LAKE/RESERVOIR,166,202,239,278,318,363
2255,390,RED OAK,MUNICIPAL,C,ELLIS,N,TRINITY INDIRECT REUSE,170,233,312,365,424,495
2255,648,RED OAK,MUNICIPAL,C,ELLIS,N,RAY HUBBARD LAKE/RESERVOIR,172,200,226,251,275,301
2255,650,RED OAK,MUNICIPAL,C,ELLIS,N,RAY ROBERTS-LEWISVILLE-GRAPEVINE LAKE/RESERVOIR SYSTEM,416,467,503,568,637,712
2255,738,RED OAK,MUNICIPAL,C,ELLIS,N,TAWAKONI LAKE/RESERVOIR,694,814,929,1039,1149,1266
2256,32,RED RIVER COUNTY WSC,MUNICIPAL,D,RED RIVER,N,BLOSSOM AQUIFER | RED RIVER,253,253,253,253,253,253
2256,448,RED RIVER COUNTY WSC,MUNICIPAL,D,RED RIVER,N,NACATOCH AQUIFER | RED RIVER,188,188,188,188,188,188
2256,604,RED RIVER COUNTY WSC,MUNICIPAL,D,RED RIVER,N,PAT MAYSE LAKE/RESERVOIR,184,184,184,184,184,184
2256,854,RED RIVER COUNTY WSC,MUNICIPAL,D,RED RIVER,N,WRIGHT PATMAN LAKE/RESERVOIR,0,0,0,0,0,0
2257,77,REDWATER,MUNICIPAL,D,BOWIE,N,CARRIZO-WILCOX AQUIFER | BOWIE,66,66,66,66,66,66
2257,854,REDWATER,MUNICIPAL,D,BOWIE,N,WRIGHT PATMAN LAKE/RESERVOIR,0,0,0,0,0,0
2258,335,REFUGIO,MUNICIPAL,L,REFUGIO,N,GULF COAST AQUIFER SYSTEM | REFUGIO,645,645,645,645,645,645
2259,604,RENO (LAMAR),MUNICIPAL,D,LAMAR,N,PAT MAYSE LAKE/RESERVOIR,699,754,814,873,935,935
2260,808,RHOME,MUNICIPAL,C,WISE,N,TRINITY AQUIFER | WISE,169,169,169,169,169,169
2260,810,RHOME,MUNICIPAL,C,WISE,N,TRWD LAKE/RESERVOIR SYSTEM,173,173,173,173,173,173
2261,163,RICARDO WSC,MUNICIPAL,N,KLEBERG,N,CORPUS CHRISTI-CHOKE CANYON LAKE/RESERVOIR SYSTEM,192,197,204,214,223,233
2261,742,RICARDO WSC,MUNICIPAL,N,KLEBERG,N,TEXANA LAKE/RESERVOIR,193,197,204,214,224,234
2263,12,RICE WATER SUPPLY AND SEWER SERVICE,MUNICIPAL,C,ELLIS,Y,BARDWELL LAKE/RESERVOIR,29,26,23,21,19,17
2263,12,RICE WATER SUPPLY AND SEWER SERVICE,MUNICIPAL,C,NAVARRO,Y,BARDWELL LAKE/RESERVOIR,20,18,17,16,14,13
2263,390,RICE WATER SUPPLY AND SEWER SERVICE,MUNICIPAL,C,ELLIS,Y,TRINITY INDIRECT REUSE,1,4,6,8,9,8
2263,390,RICE WATER SUPPLY AND SEWER SERVICE,MUNICIPAL,C,NAVARRO,Y,TRINITY INDIRECT REUSE,0,2,4,5,7,7
2263,453,RICE WATER SUPPLY AND SEWER SERVICE,MUNICIPAL,C,ELLIS,Y,NAVARRO MILLS LAKE/RESERVOIR,515,605,675,740,802,864
2263,453,RICE WATER SUPPLY AND SEWER SERVICE,MUNICIPAL,C,NAVARRO,Y,NAVARRO MILLS LAKE/RESERVOIR,365,425,478,539,605,679
2263,652,RICE WATER SUPPLY AND SEWER SERVICE,MUNICIPAL,C,ELLIS,Y,CORSICANA RICHLAND CHAMBERS-HALBERT LAKE/RESERVOIR SYSTEM,102,121,135,148,161,173
2263,652,RICE WATER SUPPLY AND SEWER SERVICE,MUNICIPAL,C,NAVARRO,Y,CORSICANA RICHLAND CHAMBERS-HALBERT LAKE/RESERVOIR SYSTEM,74,85,96,108,121,136
2263,810,RICE WATER SUPPLY AND SEWER SERVICE,MUNICIPAL,C,ELLIS,Y,TRWD LAKE/RESERVOIR SYSTEM,0,0,0,0,1,2
2263,810,RICE WATER SUPPLY AND SEWER SERVICE,MUNICIPAL,C,NAVARRO,Y,TRWD LAKE/RESERVOIR SYSTEM,0,0,0,0,0,1
2264,390,RICHARDSON,MUNICIPAL,C,COLLIN,Y,TRINITY INDIRECT REUSE,5211,4833,4575,4275,4059,3939
2264,390,RICHARDSON,MUNICIPAL,C,DALLAS,Y,TRINITY INDIRECT REUSE,4487,4089,3743,3498,3322,3223
2264,738,RICHARDSON,MUNICIPAL,C,COLLIN,Y,TAWAKONI LAKE/RESERVOIR,322,290,272,252,238,229
2264,738,RICHARDSON,MUNICIPAL,C,DALLAS,Y,TAWAKONI LAKE/RESERVOIR,277,245,223,207,194,187
2264,1068,RICHARDSON,MUNICIPAL,C,COLLIN,Y,NORTH TEXAS MWD LAKE/RESERVOIR SYSTEM,8687,7638,6974,6281,5708,5325
2264,1068,RICHARDSON,MUNICIPAL,C,DALLAS,Y,NORTH TEXAS MWD LAKE/RESERVOIR SYSTEM,7480,6461,5706,5139,4670,4357
2265,803,RICHLAND HILLS,MUNICIPAL,C,TARRANT,N,TRINITY AQUIFER | TARRANT,242,242,242,242,242,242
2265,810,RICHLAND HILLS,MUNICIPAL,C,TARRANT,N,TRWD LAKE/RESERVOIR SYSTEM,889,880,894,939,972,1019
2266,271,RICHLAND SUD,MUNICIPAL,F,MCCULLOCH,Y,ELLENBURGER-SAN SABA AQUIFER | SAN SABA,314,296,282,272,265,264
2266,423,RICHLAND SUD,MUNICIPAL,K,SAN SABA,Y,MARBLE FALLS AQUIFER | SAN SABA,343,322,308,296,292,297
2267,55,RICHMOND,MUNICIPAL,H,FORT BEND,N,BRAZOS RIVER AUTHORITY MAIN STEM LAKE/RESERVOIR SYSTEM,1296,1296,1185,1014,854,706
2267,169,RICHMOND,MUNICIPAL,H,FORT BEND,N,DIRECT REUSE,263,263,263,263,263,263
2267,309,RICHMOND,MUNICIPAL,H,FORT BEND,N,GULF COAST AQUIFER SYSTEM | FORT BEND,48,137,200,212,253,314
2268,299,RICHWOOD,MUNICIPAL,H,BRAZORIA,N,GULF COAST AQUIFER SYSTEM | BRAZORIA,174,157,150,139,127,112
2268,655,RICHWOOD,MUNICIPAL,H,BRAZORIA,N,BRAZOS RUN-OF-RIVER,263,263,263,263,263,263
2269,791,RIESEL,MUNICIPAL,G,MCLENNAN,N,TRINITY AQUIFER | MCLENNAN,306,306,306,306,306,306
2271,6,RIO GRANDE CITY,MUNICIPAL,M,STARR,N,AMISTAD-FALCON LAKE/RESERVOIR SYSTEM,3488,3488,3488,3488,3488,3488
2272,6,RIO HONDO,MUNICIPAL,M,CAMERON,N,AMISTAD-FALCON LAKE/RESERVOIR SYSTEM,617,617,617,617,617,617
2273,784,RIO VISTA,MUNICIPAL,G,JOHNSON,Y,TRINITY AQUIFER | JOHNSON,275,275,275,275,275,275
2274,6,RIO WSC,MUNICIPAL,M,STARR,N,AMISTAD-FALCON LAKE/RESERVOIR SYSTEM,616,616,616,616,616,616
2275,771,RISING STAR,MUNICIPAL,G,EASTLAND,N,TRINITY AQUIFER | EASTLAND,170,170,170,170,170,170
2276,665,RIVER ACRES WSC,MUNICIPAL,N,NUECES,N,NUECES RUN-OF-RIVER,315,319,320,318,316,313
2277,810,RIVER OAKS,MUNICIPAL,C,TARRANT,N,TRWD LAKE/RESERVOIR SYSTEM,761,665,621,569,531,498
2279,169,RIVER PLANTATION MUD,MUNICIPAL,H,MONTGOMERY,N,DIRECT REUSE,282,282,282,282,282,282
2279,330,RIVER PLANTATION MUD,MUNICIPAL,H,MONTGOMERY,N,GULF COAST AQUIFER SYSTEM | MONTGOMERY,333,417,452,556,509,478
2280,343,RIVERSIDE SUD,MUNICIPAL,H,SAN JACINTO,Y,GULF COAST AQUIFER SYSTEM | WALKER,23,23,22,21,21,20
2280,343,RIVERSIDE SUD,MUNICIPAL,H,WALKER,Y,GULF COAST AQUIFER SYSTEM | WALKER,229,242,264,288,314,344
2280,870,RIVERSIDE SUD,MUNICIPAL,H,SAN JACINTO,Y,YEGUA-JACKSON AQUIFER | WALKER,23,23,23,22,21,21
2280,870,RIVERSIDE SUD,MUNICIPAL,H,WALKER,Y,YEGUA-JACKSON AQUIFER | WALKER,233,246,268,292,320,349
2281,810,ROANOKE,MUNICIPAL,C,DENTON,N,TRWD LAKE/RESERVOIR SYSTEM,3377,2895,2746,2545,2414,2267
2282,458,ROBERT LEE,MUNICIPAL,F,COKE,N,OAK CREEK LAKE/RESERVOIR,0,0,0,0,0,0
2283,117,ROBERTSON COUNTY WSC,MUNICIPAL,G,ROBERTSON,N,CARRIZO-WILCOX AQUIFER | ROBERTSON,608,608,608,608,608,608
2284,55,ROBINSON,MUNICIPAL,G,MCLENNAN,N,BRAZOS RIVER AUTHORITY MAIN STEM LAKE/RESERVOIR SYSTEM,2103,2089,2075,2062,2048,2034
2284,655,ROBINSON,MUNICIPAL,G,MCLENNAN,N,BRAZOS RUN-OF-RIVER,0,0,0,0,0,0
2284,791,ROBINSON,MUNICIPAL,G,MCLENNAN,N,TRINITY AQUIFER | MCLENNAN,1101,1101,1101,1101,1101,1101
2286,190,ROBY,MUNICIPAL,G,FISHER,N,DOCKUM AQUIFER | NOLAN,121,119,117,117,117,117
2286,694,ROBY,MUNICIPAL,G,FISHER,N,SEYMOUR AQUIFER | FISHER,34,34,34,34,34,34
2287,110,ROCKDALE,MUNICIPAL,G,MILAM,N,CARRIZO-WILCOX AQUIFER | MILAM,1645,1645,1645,1645,1645,1645
2288,163,ROCKPORT,MUNICIPAL,N,ARANSAS,N,CORPUS CHRISTI-CHOKE CANYON LAKE/RESERVOIR SYSTEM,1586,1573,1534,1500,1466,1434
2288,169,ROCKPORT,MUNICIPAL,N,ARANSAS,N,DIRECT REUSE,94,94,94,94,94,94
2288,742,ROCKPORT,MUNICIPAL,N,ARANSAS,N,TEXANA LAKE/RESERVOIR,1586,1573,1534,1500,1467,1434
2289,230,ROCKSPRINGS,MUNICIPAL,J,EDWARDS,N,"EDWARDS-TRINITY-PLATEAU, PECOS VALLEY, AND TRINITY AQUIFERS | EDWARDS",806,806,806,806,806,806
2290,54,ROGERS,MUNICIPAL,G,BELL,N,BRAZOS RIVER AUTHORITY LITTLE RIVER LAKE/RESERVOIR SYSTEM,365,365,365,365,365,365
2290,755,ROGERS,MUNICIPAL,G,BELL,N,TRINITY AQUIFER | BELL,121,121,121,121,121,121
2292,658,ROLLINGWOOD,MUNICIPAL,K,TRAVIS,N,COLORADO RUN-OF-RIVER,401,0,0,0,0,0
2294,330,ROMAN FOREST CONSOLIDATED MUD,MUNICIPAL,H,MONTGOMERY,N,GULF COAST AQUIFER SYSTEM | MONTGOMERY,214,242,265,309,319,300
2296,190,ROSCOE,MUNICIPAL,G,NOLAN,N,DOCKUM AQUIFER | NOLAN,115,115,115,115,115,115
2298,54,ROSEBUD,MUNICIPAL,G,FALLS,N,BRAZOS RIVER AUTHORITY LITTLE RIVER LAKE/RESERVOIR SYSTEM,394,394,394,394,394,394
2298,55,ROSEBUD,MUNICIPAL,G,FALLS,N,BRAZOS RIVER AUTHORITY MAIN STEM LAKE/RESERVOIR SYSTEM,91,90,89,89,88,88
2298,755,ROSEBUD,MUNICIPAL,G,FALLS,N,TRINITY AQUIFER | BELL,131,131,131,131,131,131
2299,169,ROSENBERG,MUNICIPAL,H,FORT BEND,N,DIRECT REUSE,556,556,556,556,556,556
2299,309,ROSENBERG,MUNICIPAL,H,FORT BEND,N,GULF COAST AQUIFER SYSTEM | FORT BEND,611,1240,1773,2158,2457,2724
2299,655,ROSENBERG,MUNICIPAL,H,FORT BEND,N,BRAZOS RUN-OF-RIVER,3360,3360,3360,3360,3360,3360
2300,145,ROTAN,MUNICIPAL,G,FISHER,N,EDWARDS-TRINITY-PLATEAU AND PECOS VALLEY AQUIFERS | WARD,176,158,133,114,101,90
2300,158,ROTAN,MUNICIPAL,G,FISHER,N,COLORADO RIVER MWD LAKE/RESERVOIR SYSTEM,64,55,48,45,41,38
2300,169,ROTAN,MUNICIPAL,G,FISHER,N,DIRECT REUSE,9,8,7,7,6,6
2300,492,ROTAN,MUNICIPAL,G,FISHER,N,OGALLALA AND EDWARDS-TRINITY-HIGH PLAINS AQUIFERS | MARTIN,5,4,3,3,3,2
2302,390,ROWLETT,MUNICIPAL,C,DALLAS,Y,TRINITY INDIRECT REUSE,3273,3039,3063,2936,2898,2812
2302,390,ROWLETT,MUNICIPAL,C,ROCKWALL,Y,TRINITY INDIRECT REUSE,592,535,563,551,552,535
2302,738,ROWLETT,MUNICIPAL,C,DALLAS,Y,TAWAKONI LAKE/RESERVOIR,202,182,182,173,170,163
2302,738,ROWLETT,MUNICIPAL,C,ROCKWALL,Y,TAWAKONI LAKE/RESERVOIR,37,32,34,33,32,31
2302,1068,ROWLETT,MUNICIPAL,C,DALLAS,Y,NORTH TEXAS MWD LAKE/RESERVOIR SYSTEM,5455,4800,4670,4313,4074,3801
2302,1068,ROWLETT,MUNICIPAL,C,ROCKWALL,Y,NORTH TEXAS MWD LAKE/RESERVOIR SYSTEM,987,845,858,810,776,724
2304,390,ROYSE CITY,MUNICIPAL,C,COLLIN,Y,TRINITY INDIRECT REUSE,421,681,861,862,920,892
2304,390,ROYSE CITY,MUNICIPAL,C,ROCKWALL,Y,TRINITY INDIRECT REUSE,1350,2337,2637,2591,2733,2601
2304,390,ROYSE CITY,MUNICIPAL,D,HUNT,Y,TRINITY INDIRECT REUSE,207,261,287,313,348,388
2304,738,ROYSE CITY,MUNICIPAL,C,COLLIN,Y,TAWAKONI LAKE/RESERVOIR,26,41,51,51,54,52
2304,738,ROYSE CITY,MUNICIPAL,C,ROCKWALL,Y,TAWAKONI LAKE/RESERVOIR,83,140,157,153,160,151
2304,738,ROYSE CITY,MUNICIPAL,D,HUNT,Y,TAWAKONI LAKE/RESERVOIR,13,16,17,18,20,22
2304,1068,ROYSE CITY,MUNICIPAL,C,COLLIN,Y,NORTH TEXAS MWD LAKE/RESERVOIR SYSTEM,701,1079,1313,1267,1293,1206
2304,1068,ROYSE CITY,MUNICIPAL,C,ROCKWALL,Y,NORTH TEXAS MWD LAKE/RESERVOIR SYSTEM,2251,3692,4022,3805,3841,3518
2304,1068,ROYSE CITY,MUNICIPAL,D,HUNT,Y,NORTH TEXAS MWD LAKE/RESERVOIR SYSTEM,345,411,437,460,489,524
2306,810,RUNAWAY BAY,MUNICIPAL,C,WISE,N,TRWD LAKE/RESERVOIR SYSTEM,583,630,717,802,911,1050
2307,322,RUNGE,MUNICIPAL,L,KARNES,N,GULF COAST AQUIFER SYSTEM | KARNES,225,225,225,225,225,225
2308,83,RUSK,MUNICIPAL,I,CHEROKEE,N,CARRIZO-WILCOX AQUIFER | CHEROKEE,845,846,848,849,853,858
2308,679,RUSK,MUNICIPAL,I,CHEROKEE,N,RUSK CITY LAKE/RESERVOIR,10,10,10,10,10,10
2309,83,RUSK RURAL WSC,MUNICIPAL,I,CHEROKEE,N,CARRIZO-WILCOX AQUIFER | CHEROKEE,331,326,321,315,310,304
2310,216,SABINAL,MUNICIPAL,L,UVALDE,N,EDWARDS-BFZ AQUIFER | UVALDE,307,307,307,307,307,307
2311,390,SACHSE,MUNICIPAL,C,COLLIN,Y,TRINITY INDIRECT REUSE,580,544,539,511,500,485
2311,390,SACHSE,MUNICIPAL,C,DALLAS,Y,TRINITY INDIRECT REUSE,1176,1110,1099,1041,1015,985
2311,738,SACHSE,MUNICIPAL,C,COLLIN,Y,TAWAKONI LAKE/RESERVOIR,36,33,32,30,29,28
2311,738,SACHSE,MUNICIPAL,C,DALLAS,Y,TAWAKONI LAKE/RESERVOIR,72,66,65,62,60,57
2311,1068,SACHSE,MUNICIPAL,C,COLLIN,Y,NORTH TEXAS MWD LAKE/RESERVOIR SYSTEM,968,858,822,751,703,656
2311,1068,SACHSE,MUNICIPAL,C,DALLAS,Y,NORTH TEXAS MWD LAKE/RESERVOIR SYSTEM,1962,1754,1676,1529,1427,1332
2312,810,SAGINAW,MUNICIPAL,C,TARRANT,N,TRWD LAKE/RESERVOIR SYSTEM,3429,3300,3092,2838,2656,2493
2315,54,SALADO WSC,MUNICIPAL,G,BELL,N,BRAZOS RIVER AUTHORITY LITTLE RIVER LAKE/RESERVOIR SYSTEM,708,708,708,708,708,708
2315,208,SALADO WSC,MUNICIPAL,G,BELL,N,EDWARDS-BFZ AQUIFER | BELL,2053,2053,2053,2053,2053,2053
2315,755,SALADO WSC,MUNICIPAL,G,BELL,N,TRINITY AQUIFER | BELL,175,175,175,175,175,175
2316,684,SAN AUGUSTINE,MUNICIPAL,I,SAN AUGUSTINE,N,SAN AUGUSTINE LAKE/RESERVOIR,642,610,593,583,583,595
2317,6,SAN BENITO,MUNICIPAL,M,CAMERON,N,AMISTAD-FALCON LAKE/RESERVOIR SYSTEM,3846,4346,5326,5426,5626,5626
2318,307,SAN DIEGO MUD 1,MUNICIPAL,N,DUVAL,Y,GULF COAST AQUIFER SYSTEM | DUVAL,678,675,672,673,685,716
2318,321,SAN DIEGO MUD 1,MUNICIPAL,N,JIM WELLS,Y,GULF COAST AQUIFER SYSTEM | JIM WELLS,32,32,32,32,32,32
2322,6,SAN JUAN,MUNICIPAL,M,HIDALGO,N,AMISTAD-FALCON LAKE/RESERVOIR SYSTEM,2960,2960,2960,2960,2960,2960
2322,303,SAN JUAN,MUNICIPAL,M,HIDALGO,N,GULF COAST AQUIFER SYSTEM | CAMERON,662,662,662,662,662,662
2322,316,SAN JUAN,MUNICIPAL,M,HIDALGO,N,GULF COAST AQUIFER SYSTEM | HIDALGO,1120,1120,1120,1120,1120,1120
2323,55,SAN LEON MUD,MUNICIPAL,H,GALVESTON,N,BRAZOS RIVER AUTHORITY MAIN STEM LAKE/RESERVOIR SYSTEM,203,230,247,262,278,291
2323,310,SAN LEON MUD,MUNICIPAL,H,GALVESTON,N,GULF COAST AQUIFER SYSTEM | GALVESTON,1,1,1,1,1,1
2323,655,SAN LEON MUD,MUNICIPAL,H,GALVESTON,N,BRAZOS RUN-OF-RIVER,1083,1075,1070,1064,1057,1051
2323,1076,SAN LEON MUD,MUNICIPAL,H,GALVESTON,N,BRA SYSTEM OPERATIONS PERMIT SUPPLY,353,326,297,271,242,215
2324,64,SAN MARCOS,MUNICIPAL,L,CALDWELL,Y,CANYON LAKE/RESERVOIR,2,2,2,3,3,3
2324,64,SAN MARCOS,MUNICIPAL,L,HAYS,Y,CANYON LAKE/RESERVOIR,9998,9998,9998,9997,9997,9997
2324,80,SAN MARCOS,MUNICIPAL,L,HAYS,Y,CARRIZO-WILCOX AQUIFER | CALDWELL,5380,5380,5380,5380,5380,5380
2324,169,SAN MARCOS,MUNICIPAL,L,HAYS,Y,DIRECT REUSE,1905,1905,1905,1905,1905,1905
2324,212,SAN MARCOS,MUNICIPAL,L,CALDWELL,Y,EDWARDS-BFZ AQUIFER | HAYS,20,14,12,10,9,9
2324,212,SAN MARCOS,MUNICIPAL,L,HAYS,Y,EDWARDS-BFZ AQUIFER | HAYS,3081,3087,3089,3091,3092,3092
2326,271,SAN SABA,MUNICIPAL,K,SAN SABA,N,ELLENBURGER-SAN SABA AQUIFER | SAN SABA,1246,1246,1246,1246,1246,1246
2327,254,TERRELL COUNTY WCID 1,MUNICIPAL,E,TERRELL,N,"EDWARDS-TRINITY-PLATEAU, PECOS VALLEY, AND TRINITY AQUIFERS | TERRELL",476,476,476,476,476,476
2328,148,SANGER,MUNICIPAL,C,DENTON,N,CHAPMAN/COOPER LAKE/RESERVOIR NON-SYSTEM PORTION,0,78,76,99,121,146
2328,390,SANGER,MUNICIPAL,C,DENTON,N,TRINITY INDIRECT REUSE,111,31,38,50,60,73
2328,405,SANGER,MUNICIPAL,C,DENTON,N,LEWISVILLE LAKE/RESERVOIR NON-SYSTEM PORTION,124,0,0,0,0,0
2328,646,SANGER,MUNICIPAL,C,DENTON,N,RALPH HALL LAKE/RESERVOIR,0,289,286,383,475,590
2328,649,SANGER,MUNICIPAL,C,DENTON,N,RAY ROBERTS LAKE/RESERVOIR NON-SYSTEM PORTION,445,0,0,0,0,0
2328,650,SANGER,MUNICIPAL,C,DENTON,N,RAY ROBERTS-LEWISVILLE-GRAPEVINE LAKE/RESERVOIR SYSTEM,0,361,396,524,636,771
2328,770,SANGER,MUNICIPAL,C,DENTON,N,TRINITY AQUIFER | DENTON,825,825,825,825,825,825
2330,57,SANTA ANNA,MUNICIPAL,F,COLEMAN,N,BROWNWOOD LAKE/RESERVOIR,128,123,119,116,115,115
2332,55,GALVESTON COUNTY WCID 8,MUNICIPAL,H,GALVESTON,N,BRAZOS RIVER AUTHORITY MAIN STEM LAKE/RESERVOIR SYSTEM,189,213,230,244,257,271
2332,169,GALVESTON COUNTY WCID 8,MUNICIPAL,H,GALVESTON,N,DIRECT REUSE,161,161,161,161,161,161
2332,310,GALVESTON COUNTY WCID 8,MUNICIPAL,H,GALVESTON,N,GULF COAST AQUIFER SYSTEM | GALVESTON,34,34,34,34,34,34
2332,655,GALVESTON COUNTY WCID 8,MUNICIPAL,H,GALVESTON,N,BRAZOS RUN-OF-RIVER,1007,1000,995,989,984,977
2332,1076,GALVESTON COUNTY WCID 8,MUNICIPAL,H,GALVESTON,N,BRA SYSTEM OPERATIONS PERMIT SUPPLY,328,302,276,250,225,199
2333,6,SANTA ROSA,MUNICIPAL,M,CAMERON,N,AMISTAD-FALCON LAKE/RESERVOIR SYSTEM,612,612,612,612,612,612
2334,392,SARDIS LONE ELM WSC,MUNICIPAL,C,ELLIS,N,JOE POOL LAKE/RESERVOIR,390,342,297,266,228,204
2334,772,SARDIS LONE ELM WSC,MUNICIPAL,C,ELLIS,N,TRINITY AQUIFER | ELLIS,956,450,450,450,450,450
2334,810,SARDIS LONE ELM WSC,MUNICIPAL,C,ELLIS,N,TRWD LAKE/RESERVOIR SYSTEM,3422,3038,2844,2606,2432,2291
2334,838,SARDIS LONE ELM WSC,MUNICIPAL,C,ELLIS,N,WOODBINE AQUIFER | ELLIS,898,898,898,898,898,898
2336,90,SCHERTZ,MUNICIPAL,L,BEXAR,Y,CARRIZO-WILCOX AQUIFER | GONZALES,1433,1667,1775,1799,1820,1839
2336,90,SCHERTZ,MUNICIPAL,L,COMAL,Y,CARRIZO-WILCOX AQUIFER | GONZALES,204,234,270,315,353,385
2336,90,SCHERTZ,MUNICIPAL,L,GUADALUPE,Y,CARRIZO-WILCOX AQUIFER | GONZALES,5946,5682,5538,5469,5410,5359
2336,169,SCHERTZ,MUNICIPAL,L,BEXAR,Y,DIRECT REUSE,18,18,18,18,18,18
2336,210,SCHERTZ,MUNICIPAL,L,BEXAR,Y,EDWARDS-BFZ AQUIFER | COMAL,115,134,142,144,146,148
2336,210,SCHERTZ,MUNICIPAL,L,COMAL,Y,EDWARDS-BFZ AQUIFER | COMAL,16,19,22,25,28,31
2336,210,SCHERTZ,MUNICIPAL,L,GUADALUPE,Y,EDWARDS-BFZ AQUIFER | COMAL,478,456,445,440,435,430
2336,214,SCHERTZ,MUNICIPAL,L,GUADALUPE,Y,EDWARDS-BFZ AQUIFER | MEDINA,5,5,5,5,5,5
2337,308,SCHULENBURG,MUNICIPAL,K,FAYETTE,N,GULF COAST AQUIFER SYSTEM | FAYETTE,218,218,218,218,218,218
2337,858,SCHULENBURG,MUNICIPAL,K,FAYETTE,N,YEGUA-JACKSON AQUIFER | FAYETTE,622,622,622,622,622,622
2338,315,SEABROOK,MUNICIPAL,H,HARRIS,N,GULF COAST AQUIFER SYSTEM | HARRIS,195,197,200,201,201,200
2338,410,SEABROOK,MUNICIPAL,H,HARRIS,N,LIVINGSTON-WALLISVILLE LAKE/RESERVOIR SYSTEM,2283,2283,2283,2283,2283,2283
2339,302,SEADRIFT,MUNICIPAL,L,CALHOUN,N,GULF COAST AQUIFER SYSTEM | CALHOUN,245,245,245,245,245,245
2340,477,SEAGRAVES,MUNICIPAL,O,GAINES,N,OGALLALA AND EDWARDS-TRINITY-HIGH PLAINS AQUIFERS | GAINES,969,969,969,969,969,969
2341,297,SEALY,MUNICIPAL,H,AUSTIN,N,GULF COAST AQUIFER SYSTEM | AUSTIN,1424,1486,1568,1603,1630,1646
2342,6,SEBASTIAN MUD,MUNICIPAL,M,WILLACY,N,AMISTAD-FALCON LAKE/RESERVOIR SYSTEM,204,204,204,204,204,204
2343,90,SELMA,MUNICIPAL,L,BEXAR,Y,CARRIZO-WILCOX AQUIFER | GONZALES,672,715,735,741,747,751
2343,90,SELMA,MUNICIPAL,L,COMAL,Y,CARRIZO-WILCOX AQUIFER | GONZALES,41,58,78,100,119,137
2343,90,SELMA,MUNICIPAL,L,GUADALUPE,Y,CARRIZO-WILCOX AQUIFER | GONZALES,337,277,237,209,184,162
2343,169,SELMA,MUNICIPAL,L,BEXAR,Y,DIRECT REUSE,52,52,52,52,52,52
2343,209,SELMA,MUNICIPAL,L,BEXAR,Y,EDWARDS-BFZ AQUIFER | BEXAR,429,456,469,473,476,480
2343,209,SELMA,MUNICIPAL,L,COMAL,Y,EDWARDS-BFZ AQUIFER | BEXAR,26,37,50,64,76,87
2343,209,SELMA,MUNICIPAL,L,GUADALUPE,Y,EDWARDS-BFZ AQUIFER | BEXAR,215,177,151,133,118,103
2344,477,SEMINOLE,MUNICIPAL,O,GAINES,N,OGALLALA AND EDWARDS-TRINITY-HIGH PLAINS AQUIFERS | GAINES,1797,1797,1797,1797,1797,1797
2346,169,SEYMOUR,MUNICIPAL,B,BAYLOR,N,DIRECT REUSE,63,63,63,63,63,63
2346,686,SEYMOUR,MUNICIPAL,B,BAYLOR,N,SEYMOUR AQUIFER | BAYLOR,443,430,421,401,381,381
2347,658,SHADY HOLLOW MUD,MUNICIPAL,K,TRAVIS,N,COLORADO RUN-OF-RIVER,585,0,0,0,0,0
2349,462,SHALLOWATER,MUNICIPAL,O,LUBBOCK,N,OGALLALA AND EDWARDS-TRINITY-HIGH PLAINS AQUIFERS | BAILEY,250,250,250,250,0,0
2349,490,SHALLOWATER,MUNICIPAL,O,LUBBOCK,N,OGALLALA AND EDWARDS-TRINITY-HIGH PLAINS AQUIFERS | LUBBOCK,416,416,416,416,416,416
2350,505,SHAMROCK MUNICIPAL WATER SYSTEM,MUNICIPAL,A,WHEELER,N,OGALLALA AQUIFER | WHEELER,314,276,272,262,210,123
2351,125,SHARON WSC,MUNICIPAL,D,UPSHUR,Y,CARRIZO-WILCOX AQUIFER | UPSHUR,313,313,313,313,313,313
2351,125,SHARON WSC,MUNICIPAL,D,WOOD,Y,CARRIZO-WILCOX AQUIFER | UPSHUR,50,50,50,50,50,50
2351,131,SHARON WSC,MUNICIPAL,D,CAMP,Y,CARRIZO-WILCOX AQUIFER | WOOD,4,4,4,4,4,4
2351,131,SHARON WSC,MUNICIPAL,D,WOOD,Y,CARRIZO-WILCOX AQUIFER | WOOD,626,626,626,626,626,626
2352,209,SHAVANO PARK,MUNICIPAL,L,BEXAR,N,EDWARDS-BFZ AQUIFER | BEXAR,514,514,514,514,514,514
2353,330,SHENANDOAH,MUNICIPAL,H,MONTGOMERY,N,GULF COAST AQUIFER SYSTEM | MONTGOMERY,2167,2169,1939,1808,1707,1610
2354,337,SHEPHERD,MUNICIPAL,H,SAN JACINTO,N,GULF COAST AQUIFER SYSTEM | SAN JACINTO,319,315,307,299,290,280
2355,744,SHERMAN,MUNICIPAL,C,GRAYSON,N,TEXOMA LAKE/RESERVOIR NON-SYSTEM PORTION,3816,2906,3155,3354,3553,3801
2355,777,SHERMAN,MUNICIPAL,C,GRAYSON,N,TRINITY AQUIFER | GRAYSON,4738,4738,4738,4738,4738,4738
2355,840,SHERMAN,MUNICIPAL,C,GRAYSON,N,WOODBINE AQUIFER | GRAYSON,996,996,996,996,996,996
2356,325,SHINER,MUNICIPAL,P,LAVACA,N,GULF COAST AQUIFER SYSTEM | LAVACA,732,732,732,732,732,732
2357,315,SHOREACRES,MUNICIPAL,H,HARRIS,N,GULF COAST AQUIFER SYSTEM | HARRIS,33,33,34,34,34,34
2357,410,SHOREACRES,MUNICIPAL,H,HARRIS,N,LIVINGSTON-WALLISVILLE LAKE/RESERVOIR SYSTEM,364,364,364,364,364,364
2359,823,HUDSPETH COUNTY WCID 1,MUNICIPAL,E,HUDSPETH,N,WEST TEXAS BOLSONS AQUIFER | CULBERSON,532,532,532,532,532,532
2360,314,SILSBEE,MUNICIPAL,I,HARDIN,N,GULF COAST AQUIFER SYSTEM | HARDIN,1001,1051,1109,1171,1236,1305
2361,416,SILVERTON,MUNICIPAL,O,BRISCOE,N,MACKENZIE LAKE/RESERVOIR,128,128,128,128,128,128
2363,338,SINTON,MUNICIPAL,N,SAN PATRICIO,N,GULF COAST AQUIFER SYSTEM | SAN PATRICIO,1073,1051,1045,1058,1071,1084
2365,427,SLATON,MUNICIPAL,O,LUBBOCK,N,MEREDITH LAKE/RESERVOIR,92,69,54,42,31,22
2365,501,SLATON,MUNICIPAL,O,LUBBOCK,N,OGALLALA AQUIFER | ROBERTS,274,164,93,34,15,0
2367,74,SMITHVILLE,MUNICIPAL,K,BASTROP,N,CARRIZO-WILCOX AQUIFER | BASTROP,616,660,712,772,840,918
2369,713,SNOOK,MUNICIPAL,G,BURLESON,N,SPARTA AQUIFER | BURLESON,494,494,494,494,494,494
2370,145,SNYDER,MUNICIPAL,F,SCURRY,N,EDWARDS-TRINITY-PLATEAU AND PECOS VALLEY AQUIFERS | WARD,1191,1138,1006,882,811,745
2370,158,SNYDER,MUNICIPAL,F,SCURRY,N,COLORADO RIVER MWD LAKE/RESERVOIR SYSTEM,426,389,353,334,316,299
2370,169,SNYDER,MUNICIPAL,F,SCURRY,N,DIRECT REUSE,59,56,52,50,49,47
2370,492,SNYDER,MUNICIPAL,F,SCURRY,N,OGALLALA AND EDWARDS-TRINITY-HIGH PLAINS AQUIFERS | MARTIN,33,28,23,21,19,18
2373,713,SOMERVILLE,MUNICIPAL,G,BURLESON,N,SPARTA AQUIFER | BURLESON,843,843,843,843,843,843
2374,252,SONORA,MUNICIPAL,F,SUTTON,N,"EDWARDS-TRINITY-PLATEAU, PECOS VALLEY, AND TRINITY AQUIFERS | SUTTON",1048,960,870,802,730,655
2375,314,SOUR LAKE,MUNICIPAL,I,HARDIN,N,GULF COAST AQUIFER SYSTEM | HARDIN,296,293,289,282,276,269
2376,777,SOUTH GRAYSON SUD,MUNICIPAL,C,COLLIN,Y,TRINITY AQUIFER | GRAYSON,96,108,121,132,142,150
2376,777,SOUTH GRAYSON SUD,MUNICIPAL,C,GRAYSON,Y,TRINITY AQUIFER | GRAYSON,304,292,279,268,258,250
2376,840,SOUTH GRAYSON SUD,MUNICIPAL,C,COLLIN,Y,WOODBINE AQUIFER | GRAYSON,25,29,32,35,38,40
2376,840,SOUTH GRAYSON SUD,MUNICIPAL,C,GRAYSON,Y,WOODBINE AQUIFER | GRAYSON,81,77,74,71,68,66
2377,169,SOUTH HOUSTON,MUNICIPAL,H,HARRIS,N,DIRECT REUSE,54,54,54,54,54,54
2377,315,SOUTH HOUSTON,MUNICIPAL,H,HARRIS,N,GULF COAST AQUIFER SYSTEM | HARRIS,366,371,373,374,375,375
2377,410,SOUTH HOUSTON,MUNICIPAL,H,HARRIS,N,LIVINGSTON-WALLISVILLE LAKE/RESERVOIR SYSTEM,4137,4137,4137,4137,4137,4137
2378,331,SOUTH NEWTON WSC,MUNICIPAL,I,NEWTON,Y,GULF COAST AQUIFER SYSTEM | NEWTON,233,211,187,165,143,122
2378,331,SOUTH NEWTON WSC,MUNICIPAL,I,ORANGE,Y,GULF COAST AQUIFER SYSTEM | NEWTON,188,192,193,191,189,187
2380,279,SOUTH TAWAKONI WSC,MUNICIPAL,D,VAN ZANDT,N,FORK LAKE/RESERVOIR,1505,1488,1472,1455,1439,1422
2381,160,SOUTHERN MONTGOMERY COUNTY MUD,MUNICIPAL,H,MONTGOMERY,N,CONROE LAKE/RESERVOIR,579,579,579,579,579,579
2381,169,SOUTHERN MONTGOMERY COUNTY MUD,MUNICIPAL,H,MONTGOMERY,N,DIRECT REUSE,179,179,179,179,179,179
2381,330,SOUTHERN MONTGOMERY COUNTY MUD,MUNICIPAL,H,MONTGOMERY,N,GULF COAST AQUIFER SYSTEM | MONTGOMERY,467,430,376,342,341,334
2382,83,SOUTHERN UTILITIES,MUNICIPAL,I,CHEROKEE,Y,CARRIZO-WILCOX AQUIFER | CHEROKEE,423,423,423,423,423,423
2382,118,SOUTHERN UTILITIES,MUNICIPAL,I,CHEROKEE,Y,CARRIZO-WILCOX AQUIFER | RUSK,132,135,139,143,147,152
2382,118,SOUTHERN UTILITIES,MUNICIPAL,I,RUSK,Y,CARRIZO-WILCOX AQUIFER | RUSK,79,76,72,68,64,59
2382,122,SOUTHERN UTILITIES,MUNICIPAL,D,SMITH,Y,CARRIZO-WILCOX AQUIFER | SMITH,2194,2306,2390,2444,2431,2332
2382,122,SOUTHERN UTILITIES,MUNICIPAL,I,CHEROKEE,Y,CARRIZO-WILCOX AQUIFER | SMITH,97,84,68,50,32,13
2382,122,SOUTHERN UTILITIES,MUNICIPAL,I,SMITH,Y,CARRIZO-WILCOX AQUIFER | SMITH,8736,8749,8701,8669,8974,9095
2382,600,SOUTHERN UTILITIES,MUNICIPAL,I,SMITH,Y,PALESTINE LAKE/RESERVOIR,216,231,243,251,260,269
2382,815,SOUTHERN UTILITIES,MUNICIPAL,I,SMITH,Y,TYLER LAKE/RESERVOIR,212,225,234,241,247,253
2383,810,SOUTHLAKE,MUNICIPAL,C,DENTON,Y,TRWD LAKE/RESERVOIR SYSTEM,247,201,168,135,107,84
2383,810,SOUTHLAKE,MUNICIPAL,C,TARRANT,Y,TRWD LAKE/RESERVOIR SYSTEM,12408,12261,12174,11737,11470,11292
2384,840,SOUTHMAYD,MUNICIPAL,C,GRAYSON,N,WOODBINE AQUIFER | GRAYSON,103,106,108,109,111,112
2385,315,SOUTHSIDE PLACE,MUNICIPAL,H,HARRIS,N,GULF COAST AQUIFER SYSTEM | HARRIS,56,57,57,57,55,54
2385,410,SOUTHSIDE PLACE,MUNICIPAL,H,HARRIS,N,LIVINGSTON-WALLISVILLE LAKE/RESERVOIR SYSTEM,223,226,226,226,222,218
2386,839,SOUTHWEST FANNIN COUNTY SUD,MUNICIPAL,C,FANNIN,Y,WOODBINE AQUIFER | FANNIN,473,453,431,409,388,367
2386,839,SOUTHWEST FANNIN COUNTY SUD,MUNICIPAL,C,GRAYSON,Y,WOODBINE AQUIFER | FANNIN,105,100,97,94,90,86
2386,840,SOUTHWEST FANNIN COUNTY SUD,MUNICIPAL,C,FANNIN,Y,WOODBINE AQUIFER | GRAYSON,196,176,155,134,114,93
2386,840,SOUTHWEST FANNIN COUNTY SUD,MUNICIPAL,C,GRAYSON,Y,WOODBINE AQUIFER | GRAYSON,44,39,35,31,26,22
2387,110,SOUTHWEST MILAM WSC,MUNICIPAL,G,BURLESON,Y,CARRIZO-WILCOX AQUIFER | MILAM,215,215,215,215,214,213
2387,110,SOUTHWEST MILAM WSC,MUNICIPAL,G,LEE,Y,CARRIZO-WILCOX AQUIFER | MILAM,139,141,141,142,142,142
2387,110,SOUTHWEST MILAM WSC,MUNICIPAL,G,MILAM,Y,CARRIZO-WILCOX AQUIFER | MILAM,1511,1414,1303,1197,1091,986
2387,110,SOUTHWEST MILAM WSC,MUNICIPAL,G,WILLIAMSON,Y,CARRIZO-WILCOX AQUIFER | MILAM,461,556,667,772,879,985
2389,482,SPEARMAN MUNICIPAL WATER SYSTEM,MUNICIPAL,A,HANSFORD,N,OGALLALA AQUIFER | HANSFORD,1000,1000,1000,1000,1000,1000
2390,330,SPLENDORA,MUNICIPAL,H,LIBERTY,Y,GULF COAST AQUIFER SYSTEM | MONTGOMERY,128,123,97,84,77,80
2390,330,SPLENDORA,MUNICIPAL,H,MONTGOMERY,Y,GULF COAST AQUIFER SYSTEM | MONTGOMERY,775,727,636,577,541,499
2391,330,SPRING CREEK UD,MUNICIPAL,H,MONTGOMERY,N,GULF COAST AQUIFER SYSTEM | MONTGOMERY,1173,1004,896,833,803,773
2392,315,SPRING VALLEY,MUNICIPAL,H,HARRIS,N,GULF COAST AQUIFER SYSTEM | HARRIS,1154,929,929,929,928,927
2392,410,SPRING VALLEY,MUNICIPAL,H,HARRIS,N,LIVINGSTON-WALLISVILLE LAKE/RESERVOIR SYSTEM,504,504,504,504,504,504
2393,798,SPRINGTOWN,MUNICIPAL,C,PARKER,N,TRINITY AQUIFER | PARKER,118,157,218,265,308,340
2393,810,SPRINGTOWN,MUNICIPAL,C,PARKER,N,TRWD LAKE/RESERVOIR SYSTEM,918,1075,1344,1344,1344,1344
2394,469,SPUR,MUNICIPAL,O,DICKENS,N,OGALLALA AND EDWARDS-TRINITY-HIGH PLAINS AQUIFERS | CROSBY,224,224,224,224,224,224
2398,55,STAMFORD,MUNICIPAL,G,JONES,N,BRAZOS RIVER AUTHORITY MAIN STEM LAKE/RESERVOIR SYSTEM,881,960,1040,1118,1198,1198
2398,733,STAMFORD,MUNICIPAL,G,JONES,N,STAMFORD LAKE/RESERVOIR,317,238,159,79,0,0
2399,330,STANLEY LAKE MUD,MUNICIPAL,H,MONTGOMERY,N,GULF COAST AQUIFER SYSTEM | MONTGOMERY,817,793,776,769,767,770
2400,145,STANTON,MUNICIPAL,F,MARTIN,N,EDWARDS-TRINITY-PLATEAU AND PECOS VALLEY AQUIFERS | WARD,213,201,175,152,138,125
2400,158,STANTON,MUNICIPAL,F,MARTIN,N,COLORADO RIVER MWD LAKE/RESERVOIR SYSTEM,77,69,61,57,54,50
2400,169,STANTON,MUNICIPAL,F,MARTIN,N,DIRECT REUSE,11,10,9,9,8,8
2400,492,STANTON,MUNICIPAL,F,MARTIN,N,OGALLALA AND EDWARDS-TRINITY-HIGH PLAINS AQUIFERS | MARTIN,159,158,157,157,156,156
2402,73,"STEAM-ELECTRIC POWER, ATASCOSA",STEAM ELECTRIC POWER,L,ATASCOSA,N,CARRIZO-WILCOX AQUIFER | ATASCOSA,8427,8427,8427,8427,8427,8427
2403,74,"STEAM-ELECTRIC POWER, BASTROP",STEAM ELECTRIC POWER,K,BASTROP,N,CARRIZO-WILCOX AQUIFER | BASTROP,4544,4544,4544,4544,4544,4544
2403,368,"STEAM-ELECTRIC POWER, BASTROP",STEAM ELECTRIC POWER,K,BASTROP,N,HIGHLAND LAKES LAKE/RESERVOIR SYSTEM,3220,3220,3220,3220,3220,3220
2404,169,"STEAM-ELECTRIC POWER, BELL",STEAM ELECTRIC POWER,G,BELL,N,DIRECT REUSE,10080,10080,10080,10080,10080,10080
2405,62,"STEAM-ELECTRIC POWER, BEXAR",STEAM ELECTRIC POWER,L,BEXAR,N,CALAVERAS LAKE/RESERVOIR,36900,36900,36900,36900,36900,36900
2405,209,"STEAM-ELECTRIC POWER, BEXAR",STEAM ELECTRIC POWER,L,BEXAR,N,EDWARDS-BFZ AQUIFER | BEXAR,1751,1751,1751,1751,1751,1751
2405,817,"STEAM-ELECTRIC POWER, BEXAR",STEAM ELECTRIC POWER,L,BEXAR,N,VICTOR BRAUNIG LAKE/RESERVOIR,12000,12000,12000,12000,12000,12000
2405,1125,"STEAM-ELECTRIC POWER, BEXAR",STEAM ELECTRIC POWER,L,BEXAR,N,SAN ANTONIO INDIRECT REUSE,45000,45000,45000,45000,45000,45000
2406,55,"STEAM-ELECTRIC POWER, BOSQUE",STEAM ELECTRIC POWER,G,BOSQUE,N,BRAZOS RIVER AUTHORITY MAIN STEM LAKE/RESERVOIR SYSTEM,5885,5846,5807,5768,5729,5690
2406,758,"STEAM-ELECTRIC POWER, BOSQUE",STEAM ELECTRIC POWER,G,BOSQUE,N,TRINITY AQUIFER | BOSQUE,1,1,1,1,1,1
2407,78,"STEAM-ELECTRIC POWER, BRAZOS",STEAM ELECTRIC POWER,G,BRAZOS,N,CARRIZO-WILCOX AQUIFER | BRAZOS,127,133,133,133,133,133
2407,168,"STEAM-ELECTRIC POWER, BRAZOS",STEAM ELECTRIC POWER,G,BRAZOS,N,DANSBY POWER PLANT/BRYAN UTILITIES LAKE/RESERVOIR,85,85,85,85,85,85
2407,712,"STEAM-ELECTRIC POWER, BRAZOS",STEAM ELECTRIC POWER,G,BRAZOS,N,SPARTA AQUIFER | BRAZOS,103,113,113,113,113,113
2409,303,"STEAM-ELECTRIC POWER, CAMERON",STEAM ELECTRIC POWER,M,CAMERON,N,GULF COAST AQUIFER SYSTEM | CAMERON,165,165,165,165,165,165
2410,410,"STEAM-ELECTRIC POWER, CHAMBERS",STEAM ELECTRIC POWER,H,CHAMBERS,N,LIVINGSTON-WALLISVILLE LAKE/RESERVOIR SYSTEM,11063,11063,11063,11063,11063,11063
2411,734,"STEAM-ELECTRIC POWER, CHEROKEE",STEAM ELECTRIC POWER,I,CHEROKEE,N,STRIKER LAKE/RESERVOIR,431,474,521,573,630,693
2413,1068,"STEAM-ELECTRIC POWER, COLLIN",STEAM ELECTRIC POWER,C,COLLIN,N,NORTH TEXAS MWD LAKE/RESERVOIR SYSTEM,40,40,40,40,40,40
2415,435,"STEAM-ELECTRIC POWER, DALLAS",STEAM ELECTRIC POWER,C,DALLAS,N,MOUNTAIN CREEK LAKE/RESERVOIR | TRINITY,6400,6400,6400,6400,6400,6400
2415,648,"STEAM-ELECTRIC POWER, DALLAS",STEAM ELECTRIC POWER,C,DALLAS,N,RAY HUBBARD LAKE/RESERVOIR,923,880,836,802,770,744
2415,675,"STEAM-ELECTRIC POWER, DALLAS",STEAM ELECTRIC POWER,C,DALLAS,N,TRINITY RUN-OF-RIVER,1423,1423,1423,1423,1423,1423
2416,169,"STEAM-ELECTRIC POWER, DENTON",STEAM ELECTRIC POWER,C,DENTON,N,DIRECT REUSE,1175,1175,1175,1175,1175,1175
2417,145,"STEAM-ELECTRIC POWER, ECTOR",STEAM ELECTRIC POWER,F,ECTOR,N,EDWARDS-TRINITY-PLATEAU AND PECOS VALLEY AQUIFERS | WARD,1561,1468,1278,1108,1008,916
2417,158,"STEAM-ELECTRIC POWER, ECTOR",STEAM ELECTRIC POWER,F,ECTOR,N,COLORADO RIVER MWD LAKE/RESERVOIR SYSTEM,559,501,448,420,393,367
2417,169,"STEAM-ELECTRIC POWER, ECTOR",STEAM ELECTRIC POWER,F,ECTOR,N,DIRECT REUSE,78,72,66,63,61,58
2417,229,"STEAM-ELECTRIC POWER, ECTOR",STEAM ELECTRIC POWER,F,ECTOR,N,"EDWARDS-TRINITY-PLATEAU, PECOS VALLEY, AND TRINITY AQUIFERS | ECTOR",15,15,15,15,15,15
2417,460,"STEAM-ELECTRIC POWER, ECTOR",STEAM ELECTRIC POWER,F,ECTOR,N,OGALLALA AND EDWARDS-TRINITY-HIGH PLAINS AQUIFERS | ANDREWS,1011,881,810,762,722,689
2417,477,"STEAM-ELECTRIC POWER, ECTOR",STEAM ELECTRIC POWER,F,ECTOR,N,OGALLALA AND EDWARDS-TRINITY-HIGH PLAINS AQUIFERS | GAINES,4482,4647,4822,4870,4910,4943
2417,492,"STEAM-ELECTRIC POWER, ECTOR",STEAM ELECTRIC POWER,F,ECTOR,N,OGALLALA AND EDWARDS-TRINITY-HIGH PLAINS AQUIFERS | MARTIN,44,36,30,26,24,22
2418,169,"STEAM-ELECTRIC POWER, ELLIS",STEAM ELECTRIC POWER,C,ELLIS,N,DIRECT REUSE,1574,1574,1574,1574,1574,1574
2418,392,"STEAM-ELECTRIC POWER, ELLIS",STEAM ELECTRIC POWER,C,ELLIS,N,JOE POOL LAKE/RESERVOIR,280,280,280,280,280,280
2419,375,"STEAM-ELECTRIC POWER, EL PASO",STEAM ELECTRIC POWER,E,EL PASO,N,HUECO-MESILLA BOLSON AQUIFER | EL PASO,7200,7200,7200,7200,7200,7200
2421,368,"STEAM-ELECTRIC POWER, FAYETTE",STEAM ELECTRIC POWER,K,FAYETTE,N,HIGHLAND LAKES LAKE/RESERVOIR SYSTEM,17286,17286,17286,17286,17286,17286
2421,658,"STEAM-ELECTRIC POWER, FAYETTE",STEAM ELECTRIC POWER,K,FAYETTE,N,COLORADO RUN-OF-RIVER,11214,11214,11214,11214,11214,11214
2422,55,"STEAM-ELECTRIC POWER, FORT BEND",STEAM ELECTRIC POWER,H,FORT BEND,N,BRAZOS RIVER AUTHORITY MAIN STEM LAKE/RESERVOIR SYSTEM,75152,74654,74155,73657,73159,72661
2422,655,"STEAM-ELECTRIC POWER, FORT BEND",STEAM ELECTRIC POWER,H,FORT BEND,N,BRAZOS RUN-OF-RIVER,41719,41719,41719,41719,41719,41719
2423,88,"STEAM-ELECTRIC POWER, FREESTONE",STEAM ELECTRIC POWER,C,FREESTONE,N,CARRIZO-WILCOX AQUIFER | FREESTONE,70,70,70,70,70,70
2423,275,"STEAM-ELECTRIC POWER, FREESTONE",STEAM ELECTRIC POWER,C,FREESTONE,N,FAIRFIELD LAKE/RESERVOIR,6395,6163,5930,5725,5520,5315
2423,810,"STEAM-ELECTRIC POWER, FREESTONE",STEAM ELECTRIC POWER,C,FREESTONE,N,TRWD LAKE/RESERVOIR SYSTEM,4107,5054,4694,4278,3964,3722
2424,89,"STEAM-ELECTRIC POWER, FRIO",STEAM ELECTRIC POWER,L,FRIO,N,CARRIZO-WILCOX AQUIFER | FRIO,124,124,124,124,124,124
2426,156,"STEAM-ELECTRIC POWER, GOLIAD",STEAM ELECTRIC POWER,L,GOLIAD,N,COLETO CREEK LAKE/RESERVOIR,24160,24160,24160,24160,23926,23666
2426,311,"STEAM-ELECTRIC POWER, GOLIAD",STEAM ELECTRIC POWER,L,GOLIAD,N,GULF COAST AQUIFER SYSTEM | GOLIAD,223,223,223,223,223,223
2427,91,"STEAM-ELECTRIC POWER, GREGG",STEAM ELECTRIC POWER,D,GREGG,N,CARRIZO-WILCOX AQUIFER | GREGG,242,242,242,242,242,242
2427,150,"STEAM-ELECTRIC POWER, GREGG",STEAM ELECTRIC POWER,D,GREGG,N,CHEROKEE LAKE/RESERVOIR,2000,2000,2000,2000,2000,2000
2428,285,"STEAM-ELECTRIC POWER, GRIMES",STEAM ELECTRIC POWER,G,GRIMES,N,GIBBONS CREEK LAKE/RESERVOIR,9740,9740,9740,9740,9740,9740
2428,313,"STEAM-ELECTRIC POWER, GRIMES",STEAM ELECTRIC POWER,G,GRIMES,N,GULF COAST AQUIFER SYSTEM | GRIMES,2,2,2,2,2,2
2428,410,"STEAM-ELECTRIC POWER, GRIMES",STEAM ELECTRIC POWER,G,GRIMES,N,LIVINGSTON-WALLISVILLE LAKE/RESERVOIR SYSTEM,2016,2016,2016,2016,2016,2016
2429,64,"STEAM-ELECTRIC POWER, GUADALUPE",STEAM ELECTRIC POWER,L,GUADALUPE,N,CANYON LAKE/RESERVOIR,4520,4520,4520,4520,4520,4520
2429,90,"STEAM-ELECTRIC POWER, GUADALUPE",STEAM ELECTRIC POWER,L,GUADALUPE,N,CARRIZO-WILCOX AQUIFER | GONZALES,2600,2600,2600,2600,2600,2600
2429,169,"STEAM-ELECTRIC POWER, GUADALUPE",STEAM ELECTRIC POWER,L,GUADALUPE,N,DIRECT REUSE,2345,2345,2345,2345,2345,2345
2431,315,"STEAM-ELECTRIC POWER, HARRIS",STEAM ELECTRIC POWER,H,HARRIS,N,GULF COAST AQUIFER SYSTEM | HARRIS,2660,2660,2660,2660,2660,2660
2431,372,"STEAM-ELECTRIC POWER, HARRIS",STEAM ELECTRIC POWER,H,HARRIS,N,HOUSTON LAKE/RESERVOIR,1239,1239,1239,1239,1239,1239
2431,410,"STEAM-ELECTRIC POWER, HARRIS",STEAM ELECTRIC POWER,H,HARRIS,N,LIVINGSTON-WALLISVILLE LAKE/RESERVOIR SYSTEM,7864,7864,7864,7864,7864,7864
2432,38,"STEAM-ELECTRIC POWER, HARRISON",STEAM ELECTRIC POWER,D,HARRISON,N,BRANDY BRANCH LAKE/RESERVOIR,2347,2347,2347,2347,2347,2347
2432,169,"STEAM-ELECTRIC POWER, HARRISON",STEAM ELECTRIC POWER,D,HARRISON,N,DIRECT REUSE,6161,6161,6161,6161,6161,6161
2432,457,"STEAM-ELECTRIC POWER, HARRISON",STEAM ELECTRIC POWER,D,HARRISON,N,O' THE PINES LAKE/RESERVOIR,18000,18000,18000,18000,18000,18000
2434,64,"STEAM-ELECTRIC POWER, HAYS",STEAM ELECTRIC POWER,L,HAYS,N,CANYON LAKE/RESERVOIR,2464,2464,2464,2464,2464,2464
2435,752,"STEAM-ELECTRIC POWER, HENDERSON",STEAM ELECTRIC POWER,C,HENDERSON,Y,TRINIDAD LAKE/RESERVOIR,2950,2950,2950,2950,2950,2950
2436,6,"STEAM-ELECTRIC POWER, HIDALGO",STEAM ELECTRIC POWER,M,HIDALGO,N,AMISTAD-FALCON LAKE/RESERVOIR SYSTEM,5876,5876,5876,5876,5876,5876
2436,169,"STEAM-ELECTRIC POWER, HIDALGO",STEAM ELECTRIC POWER,M,HIDALGO,N,DIRECT REUSE,3295,3295,3295,3295,3295,3295
2436,316,"STEAM-ELECTRIC POWER, HIDALGO",STEAM ELECTRIC POWER,M,HIDALGO,N,GULF COAST AQUIFER SYSTEM | HIDALGO,1154,1154,1154,1154,1154,1154
2437,55,"STEAM-ELECTRIC POWER, HOOD",STEAM ELECTRIC POWER,G,HOOD,N,BRAZOS RIVER AUTHORITY MAIN STEM LAKE/RESERVOIR SYSTEM,9054,8994,8934,8874,8814,8754
2437,781,"STEAM-ELECTRIC POWER, HOOD",STEAM ELECTRIC POWER,G,HOOD,N,TRINITY AQUIFER | HOOD,150,150,150,150,150,150
2438,738,"STEAM-ELECTRIC POWER, HUNT",STEAM ELECTRIC POWER,D,HUNT,N,TAWAKONI LAKE/RESERVOIR,373,373,373,373,373,373
2439,810,"STEAM-ELECTRIC POWER, JACK",STEAM ELECTRIC POWER,C,JACK,N,TRWD LAKE/RESERVOIR SYSTEM,3255,2866,2661,2427,2248,2110
2441,169,"STEAM-ELECTRIC POWER, JOHNSON",STEAM ELECTRIC POWER,G,JOHNSON,N,DIRECT REUSE,1344,1344,1344,1344,1344,1344
2443,169,"STEAM-ELECTRIC POWER, KAUFMAN",STEAM ELECTRIC POWER,C,KAUFMAN,N,DIRECT REUSE,8672,8672,8672,8672,8672,8672
2443,390,"STEAM-ELECTRIC POWER, KAUFMAN",STEAM ELECTRIC POWER,C,KAUFMAN,N,TRINITY INDIRECT REUSE,375,331,289,262,249,242
2443,738,"STEAM-ELECTRIC POWER, KAUFMAN",STEAM ELECTRIC POWER,C,KAUFMAN,N,TAWAKONI LAKE/RESERVOIR,23,20,17,15,15,14
2443,1068,"STEAM-ELECTRIC POWER, KAUFMAN",STEAM ELECTRIC POWER,C,KAUFMAN,N,NORTH TEXAS MWD LAKE/RESERVOIR SYSTEM,625,523,441,386,351,326
2444,604,"STEAM-ELECTRIC POWER, LAMAR",STEAM ELECTRIC POWER,D,LAMAR,N,PAT MAYSE LAKE/RESERVOIR,8961,8961,8961,8961,8961,8961
2445,488,"STEAM-ELECTRIC POWER, LAMB",STEAM ELECTRIC POWER,O,LAMB,N,OGALLALA AND EDWARDS-TRINITY-HIGH PLAINS AQUIFERS | LAMB,5789,3000,3000,3000,3000,3000
2447,55,"STEAM-ELECTRIC POWER, LIMESTONE",STEAM ELECTRIC POWER,G,LIMESTONE,N,BRAZOS RIVER AUTHORITY MAIN STEM LAKE/RESERVOIR SYSTEM,19772,19641,19510,19379,19248,19117
2447,103,"STEAM-ELECTRIC POWER, LIMESTONE",STEAM ELECTRIC POWER,G,LIMESTONE,N,CARRIZO-WILCOX AQUIFER | LIMESTONE,110,124,139,154,171,171
2448,368,"STEAM-ELECTRIC POWER, LLANO",STEAM ELECTRIC POWER,K,LLANO,N,HIGHLAND LAKES LAKE/RESERVOIR SYSTEM,1927,1927,1927,1927,1927,1927
2449,169,"STEAM-ELECTRIC POWER, LUBBOCK",STEAM ELECTRIC POWER,O,LUBBOCK,N,DIRECT REUSE,10080,10080,10080,7840,7840,7840
2449,490,"STEAM-ELECTRIC POWER, LUBBOCK",STEAM ELECTRIC POWER,O,LUBBOCK,N,OGALLALA AND EDWARDS-TRINITY-HIGH PLAINS AQUIFERS | LUBBOCK,18,18,18,18,18,18
2450,169,"STEAM-ELECTRIC POWER, MCLENNAN",STEAM ELECTRIC POWER,G,MCLENNAN,N,DIRECT REUSE,15000,15000,15000,15000,15000,15000
2450,399,"STEAM-ELECTRIC POWER, MCLENNAN",STEAM ELECTRIC POWER,G,MCLENNAN,N,LAKE CREEK LAKE/RESERVOIR,7798,7798,7798,7798,7798,7798
2450,791,"STEAM-ELECTRIC POWER, MCLENNAN",STEAM ELECTRIC POWER,G,MCLENNAN,N,TRINITY AQUIFER | MCLENNAN,135,135,135,135,135,135
2450,1049,"STEAM-ELECTRIC POWER, MCLENNAN",STEAM ELECTRIC POWER,G,MCLENNAN,N,TRADINGHOUSE CREEK LAKE/RESERVOIR,4900,4888,4876,4864,4852,4840
2451,106,"STEAM-ELECTRIC POWER, MARION",STEAM ELECTRIC POWER,D,MARION,N,CARRIZO-WILCOX AQUIFER | MARION,75,75,75,75,75,75
2451,393,"STEAM-ELECTRIC POWER, MARION",STEAM ELECTRIC POWER,D,MARION,N,JOHNSON CREEK LAKE/RESERVOIR,2280,2280,2280,2280,2280,2280
2451,457,"STEAM-ELECTRIC POWER, MARION",STEAM ELECTRIC POWER,D,MARION,N,O' THE PINES LAKE/RESERVOIR,2090,2472,2937,3505,3892,3892
2452,328,"STEAM-ELECTRIC POWER, MATAGORDA",STEAM ELECTRIC POWER,K,MATAGORDA,N,GULF COAST AQUIFER SYSTEM | MATAGORDA,3000,3000,3000,3000,3000,3000
2452,658,"STEAM-ELECTRIC POWER, MATAGORDA",STEAM ELECTRIC POWER,K,MATAGORDA,N,COLORADO RUN-OF-RIVER,28953,28953,28953,28953,28953,28953
2452,1077,"STEAM-ELECTRIC POWER, MATAGORDA",STEAM ELECTRIC POWER,K,MATAGORDA,N,STPNOC LAKE/RESERVOIR,35500,35500,35500,35500,35500,35500
2454,157,"STEAM-ELECTRIC POWER, MITCHELL",STEAM ELECTRIC POWER,F,MITCHELL,N,COLORADO CITY-CHAMPION LAKE/RESERVOIR SYSTEM,0,0,0,0,0,0
2455,160,"STEAM-ELECTRIC POWER, MONTGOMERY",STEAM ELECTRIC POWER,H,MONTGOMERY,N,CONROE LAKE/RESERVOIR,7841,7841,7841,7841,7841,7841
2455,330,"STEAM-ELECTRIC POWER, MONTGOMERY",STEAM ELECTRIC POWER,H,MONTGOMERY,N,GULF COAST AQUIFER SYSTEM | MONTGOMERY,1127,941,811,731,684,641
2457,273,"STEAM-ELECTRIC POWER, MORRIS",STEAM ELECTRIC POWER,D,MORRIS,N,ELLISON CREEK LAKE/RESERVOIR,820,820,820,820,820,820
2459,669,"STEAM-ELECTRIC POWER, NEWTON",STEAM ELECTRIC POWER,I,NEWTON,N,SABINE RUN-OF-RIVER,13442,13442,13442,13442,13442,13442
2461,163,"STEAM-ELECTRIC POWER, NUECES",STEAM ELECTRIC POWER,N,NUECES,N,CORPUS CHRISTI-CHOKE CANYON LAKE/RESERVOIR SYSTEM,734,734,734,734,734,2201
2461,658,"STEAM-ELECTRIC POWER, NUECES",STEAM ELECTRIC POWER,N,NUECES,N,COLORADO RUN-OF-RIVER,733,733,733,733,733,0
2461,742,"STEAM-ELECTRIC POWER, NUECES",STEAM ELECTRIC POWER,N,NUECES,N,TEXANA LAKE/RESERVOIR,734,734,734,734,734,0
2462,333,"STEAM-ELECTRIC POWER, ORANGE",STEAM ELECTRIC POWER,I,ORANGE,N,GULF COAST AQUIFER SYSTEM | ORANGE,1608,1443,1312,1328,1340,1332
2462,669,"STEAM-ELECTRIC POWER, ORANGE",STEAM ELECTRIC POWER,I,ORANGE,N,SABINE RUN-OF-RIVER,11079,11079,11079,11079,11079,11079
2463,602,"STEAM-ELECTRIC POWER, PALO PINTO",STEAM ELECTRIC POWER,G,PALO PINTO,N,PALO PINTO LAKE/RESERVOIR,678,678,678,678,678,678
2465,169,"STEAM-ELECTRIC POWER, POTTER",STEAM ELECTRIC POWER,A,POTTER,N,DIRECT REUSE,15000,15000,15000,15000,15000,15000
2467,55,"STEAM-ELECTRIC POWER, ROBERTSON",STEAM ELECTRIC POWER,G,ROBERTSON,N,BRAZOS RIVER AUTHORITY MAIN STEM LAKE/RESERVOIR SYSTEM,29371,29176,28981,28787,28592,28397
2467,117,"STEAM-ELECTRIC POWER, ROBERTSON",STEAM ELECTRIC POWER,G,ROBERTSON,N,CARRIZO-WILCOX AQUIFER | ROBERTSON,5669,5669,5669,5669,5669,5669
2467,814,"STEAM-ELECTRIC POWER, ROBERTSON",STEAM ELECTRIC POWER,G,ROBERTSON,N,TWIN OAK LAKE/RESERVOIR,2860,2828,2796,2764,2732,2700
2468,118,"STEAM-ELECTRIC POWER, RUSK",STEAM ELECTRIC POWER,I,RUSK,N,CARRIZO-WILCOX AQUIFER | RUSK,1279,1279,1279,1279,1279,1279
2468,424,"STEAM-ELECTRIC POWER, RUSK",STEAM ELECTRIC POWER,I,RUSK,N,MARTIN LAKE/RESERVOIR,25000,25000,25000,25000,25000,25000
2468,748,"STEAM-ELECTRIC POWER, RUSK",STEAM ELECTRIC POWER,I,RUSK,N,TOLEDO BEND LAKE/RESERVOIR,17922,17922,17922,17922,17922,17922
2469,55,"STEAM-ELECTRIC POWER, SOMERVELL",STEAM ELECTRIC POWER,G,SOMERVELL,N,BRAZOS RIVER AUTHORITY MAIN STEM LAKE/RESERVOIR SYSTEM,47988,47670,47352,47034,46716,46398
2469,732,"STEAM-ELECTRIC POWER, SOMERVELL",STEAM ELECTRIC POWER,G,SOMERVELL,N,SQUAW CREEK LAKE/RESERVOIR,7982,7914,7846,7778,7710,7710
2469,802,"STEAM-ELECTRIC POWER, SOMERVELL",STEAM ELECTRIC POWER,G,SOMERVELL,N,TRINITY AQUIFER | SOMERVELL,16,16,16,16,16,16
2470,675,"STEAM-ELECTRIC POWER, TARRANT",STEAM ELECTRIC POWER,C,TARRANT,N,TRINITY RUN-OF-RIVER,1079,1079,1079,1079,1079,1079
2470,810,"STEAM-ELECTRIC POWER, TARRANT",STEAM ELECTRIC POWER,C,TARRANT,N,TRWD LAKE/RESERVOIR SYSTEM,68,2409,2237,2039,1889,1774
2472,33,"STEAM-ELECTRIC POWER, TITUS",STEAM ELECTRIC POWER,D,TITUS,N,BOB SANDLIN LAKE/RESERVOIR,7300,6760,6220,5680,5140,4600
2472,123,"STEAM-ELECTRIC POWER, TITUS",STEAM ELECTRIC POWER,D,TITUS,N,CARRIZO-WILCOX AQUIFER | TITUS,3,3,3,578,548,548
2472,433,"STEAM-ELECTRIC POWER, TITUS",STEAM ELECTRIC POWER,D,TITUS,N,MONTICELLO LAKE/RESERVOIR,5000,4560,4120,3680,3240,2800
2472,457,"STEAM-ELECTRIC POWER, TITUS",STEAM ELECTRIC POWER,D,TITUS,N,O' THE PINES LAKE/RESERVOIR,14400,14400,14400,14400,14400,14400
2472,822,"STEAM-ELECTRIC POWER, TITUS",STEAM ELECTRIC POWER,D,TITUS,N,WELSH LAKE/RESERVOIR,2900,2620,2340,2060,1780,1500
2474,368,"STEAM-ELECTRIC POWER, TRAVIS",STEAM ELECTRIC POWER,K,TRAVIS,N,HIGHLAND LAKES LAKE/RESERVOIR SYSTEM,4116,4116,4116,4116,4116,4116
2475,342,"STEAM-ELECTRIC POWER, VICTORIA",STEAM ELECTRIC POWER,L,VICTORIA,N,GULF COAST AQUIFER SYSTEM | VICTORIA,2532,2532,2532,2532,2532,2532
2476,145,"STEAM-ELECTRIC POWER, WARD",STEAM ELECTRIC POWER,F,WARD,N,EDWARDS-TRINITY-PLATEAU AND PECOS VALLEY AQUIFERS | WARD,43,43,43,43,43,43
2477,6,"STEAM-ELECTRIC POWER, WEBB",STEAM ELECTRIC POWER,M,WEBB,N,AMISTAD-FALCON LAKE/RESERVOIR SYSTEM,131,131,131,131,131,131
2478,347,"STEAM-ELECTRIC POWER, WHARTON",STEAM ELECTRIC POWER,K,WHARTON,Y,GULF COAST AQUIFER SYSTEM | WHARTON,7913,7913,7913,7913,7913,7913
2478,347,"STEAM-ELECTRIC POWER, WHARTON",STEAM ELECTRIC POWER,P,WHARTON,Y,GULF COAST AQUIFER SYSTEM | WHARTON,1572,1572,1572,1572,1572,1572
2479,386,"STEAM-ELECTRIC POWER, WICHITA",STEAM ELECTRIC POWER,B,WICHITA,N,RED INDIRECT REUSE,7,6,6,6,6,6
2479,830,"STEAM-ELECTRIC POWER, WICHITA",STEAM ELECTRIC POWER,B,WICHITA,N,LITTLE WICHITA RIVER LAKE/RESERVOIR SYSTEM,13,11,10,9,9,8
2480,394,"STEAM-ELECTRIC POWER, WILBARGER",STEAM ELECTRIC POWER,B,WILBARGER,N,KEMP-DIVERSION LAKE/RESERVOIR SYSTEM,6819,6317,5816,5314,4812,4311
2481,810,"STEAM-ELECTRIC POWER, WISE",STEAM ELECTRIC POWER,C,WISE,N,TRWD LAKE/RESERVOIR SYSTEM,2497,2199,2042,1861,1724,1619
2482,506,"STEAM-ELECTRIC POWER, YOAKUM",STEAM ELECTRIC POWER,O,YOAKUM,N,OGALLALA AND EDWARDS-TRINITY-HIGH PLAINS AQUIFERS | YOAKUM,1596,1596,1596,1100,1100,1100
2483,55,"STEAM-ELECTRIC POWER, YOUNG",STEAM ELECTRIC POWER,G,YOUNG,N,BRAZOS RIVER AUTHORITY MAIN STEM LAKE/RESERVOIR SYSTEM,0,0,0,51,172,172
2483,290,"STEAM-ELECTRIC POWER, YOUNG",STEAM ELECTRIC POWER,G,YOUNG,N,GRAHAM/EDDLEMAN LAKE/RESERVOIR,230,207,181,156,72,40
2484,55,STEAMBOAT MOUNTAIN WSC,MUNICIPAL,G,TAYLOR,N,BRAZOS RIVER AUTHORITY MAIN STEM LAKE/RESERVOIR SYSTEM,0,0,126,307,257,0
2484,281,STEAMBOAT MOUNTAIN WSC,MUNICIPAL,G,TAYLOR,N,FORT PHANTOM HILL LAKE/RESERVOIR,0,0,38,0,49,307
2484,507,STEAMBOAT MOUNTAIN WSC,MUNICIPAL,G,TAYLOR,N,OH IVIE LAKE/RESERVOIR NON-SYSTEM PORTION,307,307,143,0,0,0
2486,54,STEPHENVILLE,MUNICIPAL,G,ERATH,N,BRAZOS RIVER AUTHORITY LITTLE RIVER LAKE/RESERVOIR SYSTEM,1862,1862,1862,1862,1862,1862
2486,773,STEPHENVILLE,MUNICIPAL,G,ERATH,N,TRINITY AQUIFER | ERATH,3745,3738,3732,3725,3716,3716
2487,251,STERLING CITY,MUNICIPAL,F,STERLING,N,"EDWARDS-TRINITY-PLATEAU, PECOS VALLEY, AND TRINITY AQUIFERS | STERLING",411,553,644,644,644,644
2488,487,STINNETT,MUNICIPAL,A,HUTCHINSON,N,OGALLALA AQUIFER | HUTCHINSON,380,381,380,381,209,167
2489,130,STOCKDALE,MUNICIPAL,L,WILSON,N,CARRIZO-WILCOX AQUIFER | WILSON,920,920,920,920,920,920
2490,502,STRATFORD,MUNICIPAL,A,SHERMAN,N,OGALLALA AQUIFER | SHERMAN,434,435,433,366,221,146
2491,1037,STRAWN,MUNICIPAL,G,PALO PINTO,N,STRAWN LAKE/RESERVOIR,110,110,110,110,110,110
2492,488,SUDAN,MUNICIPAL,O,LAMB,N,OGALLALA AND EDWARDS-TRINITY-HIGH PLAINS AQUIFERS | LAMB,419,419,419,419,419,419
2493,169,SUGAR LAND,MUNICIPAL,H,FORT BEND,N,DIRECT REUSE,329,329,329,329,329,329
2493,309,SUGAR LAND,MUNICIPAL,H,FORT BEND,N,GULF COAST AQUIFER SYSTEM | FORT BEND,9758,10118,10440,10669,10918,11242
2493,655,SUGAR LAND,MUNICIPAL,H,FORT BEND,N,BRAZOS RUN-OF-RIVER,9506,9506,9506,9506,9506,9506
2493,673,SUGAR LAND,MUNICIPAL,H,FORT BEND,N,SAN JACINTO-BRAZOS RUN-OF-RIVER,3660,3660,3660,3660,3660,3660
2495,315,SUNBELT FWSD,MUNICIPAL,H,HARRIS,N,GULF COAST AQUIFER SYSTEM | HARRIS,2666,2141,2149,2157,2151,2151
2495,410,SUNBELT FWSD,MUNICIPAL,H,HARRIS,N,LIVINGSTON-WALLISVILLE LAKE/RESERVOIR SYSTEM,1505,1505,1505,1505,1505,1505
2496,485,SUNDOWN,MUNICIPAL,O,HOCKLEY,N,OGALLALA AND EDWARDS-TRINITY-HIGH PLAINS AQUIFERS | HOCKLEY,860,860,860,860,860,860
2497,130,SUNKO WSC,MUNICIPAL,L,KARNES,Y,CARRIZO-WILCOX AQUIFER | WILSON,64,53,46,39,35,33
2497,130,SUNKO WSC,MUNICIPAL,L,WILSON,Y,CARRIZO-WILCOX AQUIFER | WILSON,1461,1472,1479,1486,1490,1492
2498,390,SUNNYVALE,MUNICIPAL,C,DALLAS,N,TRINITY INDIRECT REUSE,1007,1117,1158,1096,1055,1024
2498,738,SUNNYVALE,MUNICIPAL,C,DALLAS,N,TAWAKONI LAKE/RESERVOIR,62,67,69,65,62,60
2498,1068,SUNNYVALE,MUNICIPAL,C,DALLAS,N,NORTH TEXAS MWD LAKE/RESERVOIR SYSTEM,1679,1765,1765,1609,1485,1385
2499,494,SUNRAY,MUNICIPAL,A,MOORE,N,OGALLALA AQUIFER | MOORE,457,459,457,459,365,353
2500,266,SUNRISE BEACH VILLAGE,MUNICIPAL,K,LLANO,N,ELLENBURGER-SAN SABA AQUIFER | LLANO,80,80,80,80,80,80
2500,368,SUNRISE BEACH VILLAGE,MUNICIPAL,K,LLANO,N,HIGHLAND LAKES LAKE/RESERVOIR SYSTEM,200,200,200,200,200,200
2502,299,SWEENY,MUNICIPAL,H,BRAZORIA,N,GULF COAST AQUIFER SYSTEM | BRAZORIA,483,472,467,460,453,435
2503,112,SWIFT WSC,MUNICIPAL,I,NACOGDOCHES,N,CARRIZO-WILCOX AQUIFER | NACOGDOCHES,422,434,446,468,489,509
2504,163,TAFT,MUNICIPAL,N,SAN PATRICIO,N,CORPUS CHRISTI-CHOKE CANYON LAKE/RESERVOIR SYSTEM,168,161,159,162,165,168
2504,742,TAFT,MUNICIPAL,N,SAN PATRICIO,N,TEXANA LAKE/RESERVOIR,169,162,159,162,165,168
2505,427,TAHOKA PUBLIC WATER SYSTEM,MUNICIPAL,O,LYNN,N,MEREDITH LAKE/RESERVOIR,39,31,25,21,17,13
2505,491,TAHOKA PUBLIC WATER SYSTEM,MUNICIPAL,O,LYNN,N,OGALLALA AND EDWARDS-TRINITY-HIGH PLAINS AQUIFERS | LYNN,441,441,441,441,441,441
2505,501,TAHOKA PUBLIC WATER SYSTEM,MUNICIPAL,O,LYNN,N,OGALLALA AQUIFER | ROBERTS,221,183,159,139,137,135
2508,118,TATUM,MUNICIPAL,I,PANOLA,Y,CARRIZO-WILCOX AQUIFER | RUSK,33,25,20,15,11,9
2508,118,TATUM,MUNICIPAL,I,RUSK,Y,CARRIZO-WILCOX AQUIFER | RUSK,251,242,230,216,202,189
2509,54,TAYLOR,MUNICIPAL,G,WILLIAMSON,N,BRAZOS RIVER AUTHORITY LITTLE RIVER LAKE/RESERVOIR SYSTEM,1460,1432,1406,1372,1341,1321
2511,487,TCW SUPPLY,MUNICIPAL,A,HUTCHINSON,N,OGALLALA AQUIFER | HUTCHINSON,942,879,821,765,714,667
2512,88,TEAGUE,MUNICIPAL,C,FREESTONE,N,CARRIZO-WILCOX AQUIFER | FREESTONE,575,524,457,441,424,406
2513,54,TEMPLE,MUNICIPAL,G,BELL,N,BRAZOS RIVER AUTHORITY LITTLE RIVER LAKE/RESERVOIR SYSTEM,19295,19135,18975,18816,18656,18497
2513,655,TEMPLE,MUNICIPAL,G,BELL,N,BRAZOS RUN-OF-RIVER,13711,12782,11853,10925,9996,9067
2514,121,TENAHA,MUNICIPAL,I,SHELBY,N,CARRIZO-WILCOX AQUIFER | SHELBY,250,221,182,154,126,97
2516,55,TEXAS CITY,MUNICIPAL,H,GALVESTON,N,BRAZOS RIVER AUTHORITY MAIN STEM LAKE/RESERVOIR SYSTEM,1313,1479,1591,1694,1789,1878
2516,310,TEXAS CITY,MUNICIPAL,H,GALVESTON,N,GULF COAST AQUIFER SYSTEM | GALVESTON,766,795,818,833,843,852
2516,655,TEXAS CITY,MUNICIPAL,H,GALVESTON,N,BRAZOS RUN-OF-RIVER,6367,6328,6287,6247,6207,6167
2516,1076,TEXAS CITY,MUNICIPAL,H,GALVESTON,N,BRA SYSTEM OPERATIONS PERMIT SUPPLY,2275,2096,1918,1739,1561,1383
2517,980,TEXLINE,MUNICIPAL,A,DALLAM,N,OGALLALA AND RITA BLANCA AQUIFERS | DALLAM,166,171,177,182,188,195
2518,279,THE COLONY,MUNICIPAL,C,DENTON,N,FORK LAKE/RESERVOIR,512,549,612,603,592,584
2518,390,THE COLONY,MUNICIPAL,C,DENTON,N,TRINITY INDIRECT REUSE,926,1222,1365,1307,1278,1271
2518,648,THE COLONY,MUNICIPAL,C,DENTON,N,RAY HUBBARD LAKE/RESERVOIR,532,545,579,545,512,484
2518,650,THE COLONY,MUNICIPAL,C,DENTON,N,RAY ROBERTS-LEWISVILLE-GRAPEVINE LAKE/RESERVOIR SYSTEM,1289,1269,1287,1234,1183,1143
2518,738,THE COLONY,MUNICIPAL,C,DENTON,N,TAWAKONI LAKE/RESERVOIR,2169,2248,2411,2285,2166,2064
2518,770,THE COLONY,MUNICIPAL,C,DENTON,N,TRINITY AQUIFER | DENTON,1015,1015,1015,1015,1015,1015
2518,1068,THE COLONY,MUNICIPAL,C,DENTON,N,NORTH TEXAS MWD LAKE/RESERVOIR SYSTEM,669,934,865,758,688,641
2520,160,THE WOODLANDS,MUNICIPAL,H,MONTGOMERY,N,CONROE LAKE/RESERVOIR,8820,8807,8807,8805,8802,8778
2520,330,THE WOODLANDS,MUNICIPAL,H,MONTGOMERY,N,GULF COAST AQUIFER SYSTEM | MONTGOMERY,13614,12268,10999,10076,10014,10918
2520,388,THE WOODLANDS,MUNICIPAL,H,MONTGOMERY,N,SAN JACINTO INDIRECT REUSE,750,750,750,750,750,750
2520,672,THE WOODLANDS,MUNICIPAL,H,MONTGOMERY,N,SAN JACINTO RUN-OF-RIVER,116,116,116,116,116,116
2521,110,THORNDALE,MUNICIPAL,G,MILAM,N,CARRIZO-WILCOX AQUIFER | MILAM,202,202,202,202,202,202
2524,163,THREE RIVERS,MUNICIPAL,N,LIVE OAK,Y,CORPUS CHRISTI-CHOKE CANYON LAKE/RESERVOIR SYSTEM,2562,2457,2349,2237,2121,1999
2524,163,THREE RIVERS,MUNICIPAL,N,MCMULLEN,Y,CORPUS CHRISTI-CHOKE CANYON LAKE/RESERVOIR SYSTEM,12,12,11,10,9,9
2524,169,THREE RIVERS,MUNICIPAL,N,LIVE OAK,Y,DIRECT REUSE,66,66,66,66,67,67
2524,169,THREE RIVERS,MUNICIPAL,N,MCMULLEN,Y,DIRECT REUSE,2,2,2,2,1,1
2524,665,THREE RIVERS,MUNICIPAL,N,LIVE OAK,Y,NUECES RUN-OF-RIVER,0,0,0,0,0,0
2524,665,THREE RIVERS,MUNICIPAL,N,MCMULLEN,Y,NUECES RUN-OF-RIVER,0,0,0,0,0,0
2525,746,THROCKMORTON,MUNICIPAL,G,THROCKMORTON,N,THROCKMORTON LAKE/RESERVOIR,50,40,30,20,10,0
2526,55,GALVESTON COUNTY FWSD 6,MUNICIPAL,H,GALVESTON,N,BRAZOS RIVER AUTHORITY MAIN STEM LAKE/RESERVOIR SYSTEM,93,104,112,119,126,132
2526,655,GALVESTON COUNTY FWSD 6,MUNICIPAL,H,GALVESTON,N,BRAZOS RUN-OF-RIVER,491,488,486,483,480,477
2526,1076,GALVESTON COUNTY FWSD 6,MUNICIPAL,H,GALVESTON,N,BRA SYSTEM OPERATIONS PERMIT SUPPLY,160,148,134,122,110,98
2527,121,TIMPSON,MUNICIPAL,I,SHELBY,N,CARRIZO-WILCOX AQUIFER | SHELBY,187,166,136,117,97,75
2528,777,TIOGA,MUNICIPAL,C,GRAYSON,N,TRINITY AQUIFER | GRAYSON,165,165,165,165,165,165
2529,781,TOLAR,MUNICIPAL,G,HOOD,N,TRINITY AQUIFER | HOOD,224,224,224,224,224,224
2530,840,TOM BEAN,MUNICIPAL,C,GRAYSON,N,WOODBINE AQUIFER | GRAYSON,205,204,204,204,204,204
2531,315,TOMBALL,MUNICIPAL,H,HARRIS,N,GULF COAST AQUIFER SYSTEM | HARRIS,4119,3361,3486,3542,3612,3639
2534,169,TRAIL OF THE LAKES MUD,MUNICIPAL,H,HARRIS,N,DIRECT REUSE,9,9,9,9,9,9
2534,315,TRAIL OF THE LAKES MUD,MUNICIPAL,H,HARRIS,N,GULF COAST AQUIFER SYSTEM | HARRIS,1162,1172,1207,1225,1264,1273
2535,169,TRAVIS COUNTY WCID 17,MUNICIPAL,K,TRAVIS,N,DIRECT REUSE,1205,1205,1205,1205,1205,1205
2535,368,TRAVIS COUNTY WCID 17,MUNICIPAL,K,TRAVIS,N,HIGHLAND LAKES LAKE/RESERVOIR SYSTEM,11300,11300,11300,11300,11300,11300
2536,368,TRAVIS COUNTY WCID 18,MUNICIPAL,K,TRAVIS,N,HIGHLAND LAKES LAKE/RESERVOIR SYSTEM,1400,1400,1400,1400,1400,1400
2537,368,TRAVIS COUNTY WCID 19,MUNICIPAL,K,TRAVIS,N,HIGHLAND LAKES LAKE/RESERVOIR SYSTEM,449,447,445,444,444,444
2538,368,TRAVIS COUNTY WCID 20,MUNICIPAL,K,TRAVIS,N,HIGHLAND LAKES LAKE/RESERVOIR SYSTEM,534,534,534,534,534,534
2539,839,TRENTON,MUNICIPAL,C,FANNIN,N,WOODBINE AQUIFER | FANNIN,144,154,160,164,169,174
2541,117,TRI COUNTY SUD,MUNICIPAL,G,LIMESTONE,N,CARRIZO-WILCOX AQUIFER | ROBERTSON,575,575,575,575,575,575
2541,774,TRI COUNTY SUD,MUNICIPAL,G,LIMESTONE,N,TRINITY AQUIFER | FALLS,457,457,457,457,457,457
2542,810,TRINIDAD,MUNICIPAL,C,HENDERSON,N,TRWD LAKE/RESERVOIR SYSTEM,127,114,110,102,96,92
2543,410,TRINITY,MUNICIPAL,H,TRINITY,N,LIVINGSTON-WALLISVILLE LAKE/RESERVOIR SYSTEM,857,857,857,857,857,857
2544,675,TRINITY BAY CONSERVATION DISTRICT,MUNICIPAL,H,CHAMBERS,Y,TRINITY RUN-OF-RIVER,1073,1075,1077,1078,1080,1081
2544,675,TRINITY BAY CONSERVATION DISTRICT,MUNICIPAL,I,JEFFERSON,Y,TRINITY RUN-OF-RIVER,27,25,23,22,20,19
2544,683,TRINITY BAY CONSERVATION DISTRICT,MUNICIPAL,H,CHAMBERS,Y,SAM RAYBURN-STEINHAGEN LAKE/RESERVOIR SYSTEM,719,720,721,722,723,724
2544,683,TRINITY BAY CONSERVATION DISTRICT,MUNICIPAL,I,JEFFERSON,Y,SAM RAYBURN-STEINHAGEN LAKE/RESERVOIR SYSTEM,18,17,16,15,14,13
2545,410,TRINITY RURAL WSC,MUNICIPAL,H,TRINITY,Y,LIVINGSTON-WALLISVILLE LAKE/RESERVOIR SYSTEM,732,735,738,737,737,737
2545,410,TRINITY RURAL WSC,MUNICIPAL,H,WALKER,Y,LIVINGSTON-WALLISVILLE LAKE/RESERVOIR SYSTEM,8,5,2,3,3,3
2545,870,TRINITY RURAL WSC,MUNICIPAL,H,WALKER,Y,YEGUA-JACKSON AQUIFER | WALKER,4,2,1,1,1,1
2546,770,TROPHY CLUB MUD 1,MUNICIPAL,C,DENTON,Y,TRINITY AQUIFER | DENTON,516,506,498,491,484,477
2546,770,TROPHY CLUB MUD 1,MUNICIPAL,C,TARRANT,Y,TRINITY AQUIFER | DENTON,39,49,57,64,71,78
2546,810,TROPHY CLUB MUD 1,MUNICIPAL,C,DENTON,Y,TRWD LAKE/RESERVOIR SYSTEM,4319,3797,3527,3215,2979,2795
2546,810,TROPHY CLUB MUD 1,MUNICIPAL,C,TARRANT,Y,TRWD LAKE/RESERVOIR SYSTEM,324,368,405,417,435,458
2547,122,TROUP,MUNICIPAL,I,CHEROKEE,Y,CARRIZO-WILCOX AQUIFER | SMITH,11,11,11,11,11,10
2547,122,TROUP,MUNICIPAL,I,SMITH,Y,CARRIZO-WILCOX AQUIFER | SMITH,388,401,410,414,418,422
2548,54,TROY,MUNICIPAL,G,BELL,N,BRAZOS RIVER AUTHORITY LITTLE RIVER LAKE/RESERVOIR SYSTEM,959,959,959,959,959,959
2548,755,TROY,MUNICIPAL,G,BELL,N,TRINITY AQUIFER | BELL,82,82,82,82,82,82
2550,199,TULIA,MUNICIPAL,O,SWISHER,N,DOCKUM AQUIFER | SWISHER,1065,1065,1065,1065,1065,1065
2550,416,TULIA,MUNICIPAL,O,SWISHER,N,MACKENZIE LAKE/RESERVOIR,210,210,210,210,210,210
2550,503,TULIA,MUNICIPAL,O,SWISHER,N,OGALLALA AND EDWARDS-TRINITY-HIGH PLAINS AQUIFERS | SWISHER,529,529,529,529,529,529
2552,777,TWO WAY SUD,MUNICIPAL,C,COOKE,Y,TRINITY AQUIFER | GRAYSON,5,5,4,5,4,4
2552,777,TWO WAY SUD,MUNICIPAL,C,GRAYSON,Y,TRINITY AQUIFER | GRAYSON,683,683,684,683,684,684
2553,55,TYE,MUNICIPAL,G,TAYLOR,N,BRAZOS RIVER AUTHORITY MAIN STEM LAKE/RESERVOIR SYSTEM,0,0,66,102,78,53
2553,507,TYE,MUNICIPAL,G,TAYLOR,N,OH IVIE LAKE/RESERVOIR NON-SYSTEM PORTION,157,138,58,0,0,0
2555,341,TYLER COUNTY SUD,MUNICIPAL,I,TYLER,N,GULF COAST AQUIFER SYSTEM | TYLER,632,602,579,563,548,535
2556,90,UNIVERSAL CITY,MUNICIPAL,L,BEXAR,Y,CARRIZO-WILCOX AQUIFER | GONZALES,800,800,800,800,800,800
2556,169,UNIVERSAL CITY,MUNICIPAL,L,BEXAR,Y,DIRECT REUSE,750,742,734,724,714,702
2556,169,UNIVERSAL CITY,MUNICIPAL,L,GUADALUPE,Y,DIRECT REUSE,29,37,45,55,65,77
2556,209,UNIVERSAL CITY,MUNICIPAL,L,BEXAR,Y,EDWARDS-BFZ AQUIFER | BEXAR,2139,2139,2139,2139,2139,2139
2557,292,UNIVERSITY PARK,MUNICIPAL,C,DALLAS,N,GRAPEVINE LAKE/RESERVOIR NON-SYSTEM PORTION,7518,7502,7502,7502,7502,7502
2558,216,UVALDE,MUNICIPAL,L,UVALDE,N,EDWARDS-BFZ AQUIFER | UVALDE,3159,3159,3159,3159,3159,3159
2559,758,VALLEY MILLS,MUNICIPAL,G,BOSQUE,Y,TRINITY AQUIFER | BOSQUE,321,319,317,316,315,315
2559,758,VALLEY MILLS,MUNICIPAL,G,MCLENNAN,Y,TRINITY AQUIFER | BOSQUE,7,9,11,12,13,13
2561,127,VAN,MUNICIPAL,D,VAN ZANDT,N,CARRIZO-WILCOX AQUIFER | VAN ZANDT,751,751,751,751,751,751
2562,390,VAN ALSTYNE,MUNICIPAL,C,GRAYSON,N,TRINITY INDIRECT REUSE,143,148,151,155,158,163
2562,738,VAN ALSTYNE,MUNICIPAL,C,GRAYSON,N,TAWAKONI LAKE/RESERVOIR,9,9,9,9,9,9
2562,777,VAN ALSTYNE,MUNICIPAL,C,GRAYSON,N,TRINITY AQUIFER | GRAYSON,300,300,300,300,300,300
2562,840,VAN ALSTYNE,MUNICIPAL,C,GRAYSON,N,WOODBINE AQUIFER | GRAYSON,208,208,208,208,208,208
2562,1068,VAN ALSTYNE,MUNICIPAL,C,GRAYSON,N,NORTH TEXAS MWD LAKE/RESERVOIR SYSTEM,239,234,231,227,224,219
2563,823,VAN HORN,MUNICIPAL,E,CULBERSON,N,WEST TEXAS BOLSONS AQUIFER | CULBERSON,1218,1218,1218,1218,1218,1218
2564,299,VARNER CREEK UD,MUNICIPAL,H,BRAZORIA,N,GULF COAST AQUIFER SYSTEM | BRAZORIA,309,301,293,291,288,277
2565,497,VEGA,MUNICIPAL,A,OLDHAM,N,OGALLALA AQUIFER | OLDHAM,224,222,215,210,205,200
2566,810,VENUS,MUNICIPAL,G,JOHNSON,N,TRWD LAKE/RESERVOIR SYSTEM,381,313,272,230,198,172
2566,843,VENUS,MUNICIPAL,G,JOHNSON,N,WOODBINE AQUIFER | JOHNSON,103,103,103,103,103,103
2567,706,VERNON,MUNICIPAL,B,WILBARGER,N,SEYMOUR AQUIFER | WILBARGER,2130,2103,2073,2043,2012,1980
2568,64,VICTORIA,MUNICIPAL,L,VICTORIA,N,CANYON LAKE/RESERVOIR,1240,1240,1240,1240,1240,1240
2568,342,VICTORIA,MUNICIPAL,L,VICTORIA,N,GULF COAST AQUIFER SYSTEM | VICTORIA,6327,6327,6327,6327,6327,6327
2568,661,VICTORIA,MUNICIPAL,L,VICTORIA,N,GUADALUPE RUN-OF-RIVER,608,608,608,608,608,608
2569,333,ORANGE COUNTY WCID 1,MUNICIPAL,I,ORANGE,N,GULF COAST AQUIFER SYSTEM | ORANGE,1456,1383,1380,1290,1204,1122
2571,95,VIRGINIA HILL WSC,MUNICIPAL,C,HENDERSON,Y,CARRIZO-WILCOX AQUIFER | HENDERSON,184,189,194,198,202,207
2571,95,VIRGINIA HILL WSC,MUNICIPAL,I,HENDERSON,Y,CARRIZO-WILCOX AQUIFER | HENDERSON,202,208,212,217,221,226
2572,622,WAELDER,MUNICIPAL,L,GONZALES,N,QUEEN CITY AQUIFER | GONZALES,630,630,630,630,630,630
2573,854,WAKE VILLAGE,MUNICIPAL,D,BOWIE,N,WRIGHT PATMAN LAKE/RESERVOIR,0,0,0,0,0,0
2575,315,WALLER,MUNICIPAL,H,HARRIS,Y,GULF COAST AQUIFER SYSTEM | HARRIS,72,46,45,45,45,45
2575,344,WALLER,MUNICIPAL,H,WALLER,Y,GULF COAST AQUIFER SYSTEM | WALLER,394,408,445,460,482,497
2576,297,WALLIS,MUNICIPAL,H,AUSTIN,N,GULF COAST AQUIFER SYSTEM | AUSTIN,153,152,152,152,152,153
2578,71,WALSTON SPRINGS WSC,MUNICIPAL,I,ANDERSON,N,CARRIZO-WILCOX AQUIFER | ANDERSON,461,497,539,585,634,688
2579,94,WASKOM,MUNICIPAL,D,HARRISON,N,CARRIZO-WILCOX AQUIFER | HARRISON,339,339,339,339,339,339
2580,810,WATAUGA,MUNICIPAL,C,TARRANT,N,TRWD LAKE/RESERVOIR SYSTEM,2355,2064,1916,1747,1619,1519
2581,756,WATER SERVICES,MUNICIPAL,L,BEXAR,Y,TRINITY AQUIFER | BEXAR,769,811,843,870,896,921
2581,756,WATER SERVICES,MUNICIPAL,L,COMAL,Y,TRINITY AQUIFER | BEXAR,343,316,295,278,260,242
2581,756,WATER SERVICES,MUNICIPAL,L,GUADALUPE,Y,TRINITY AQUIFER | BEXAR,42,35,30,25,21,18
2581,756,WATER SERVICES,MUNICIPAL,L,KENDALL,Y,TRINITY AQUIFER | BEXAR,46,38,32,27,23,19
2582,6,WEBB COUNTY,MUNICIPAL,M,WEBB,N,AMISTAD-FALCON LAKE/RESERVOIR SYSTEM,2311,2311,2311,2311,2311,2311
2583,315,WEBSTER,MUNICIPAL,H,HARRIS,N,GULF COAST AQUIFER SYSTEM | HARRIS,284,292,294,294,295,294
2583,410,WEBSTER,MUNICIPAL,H,HARRIS,N,LIVINGSTON-WALLISVILLE LAKE/RESERVOIR SYSTEM,4446,4446,4446,4446,4446,4446
2584,305,WEIMAR,MUNICIPAL,K,COLORADO,N,GULF COAST AQUIFER SYSTEM | COLORADO,569,569,569,569,569,569
2586,55,WELLBORN SUD,MUNICIPAL,G,BRAZOS,Y,BRAZOS RIVER AUTHORITY MAIN STEM LAKE/RESERVOIR SYSTEM,1052,1061,1071,1081,1088,1094
2586,55,WELLBORN SUD,MUNICIPAL,G,ROBERTSON,Y,BRAZOS RIVER AUTHORITY MAIN STEM LAKE/RESERVOIR SYSTEM,68,59,49,39,32,26
2586,78,WELLBORN SUD,MUNICIPAL,G,BRAZOS,Y,CARRIZO-WILCOX AQUIFER | BRAZOS,3599,3667,3702,3734,3759,3779
2586,78,WELLBORN SUD,MUNICIPAL,G,ROBERTSON,Y,CARRIZO-WILCOX AQUIFER | BRAZOS,233,204,168,136,111,91
2586,712,WELLBORN SUD,MUNICIPAL,G,BRAZOS,Y,SPARTA AQUIFER | BRAZOS,650,725,732,738,743,747
2586,712,WELLBORN SUD,MUNICIPAL,G,ROBERTSON,Y,SPARTA AQUIFER | BRAZOS,42,40,33,27,22,18
2586,856,WELLBORN SUD,MUNICIPAL,G,BRAZOS,Y,YEGUA-JACKSON AQUIFER | BRAZOS,669,675,680,687,692,695
2586,856,WELLBORN SUD,MUNICIPAL,G,ROBERTSON,Y,YEGUA-JACKSON AQUIFER | BRAZOS,43,37,31,25,20,17
2587,690,WELLINGTON MUNICIPAL WATER SYSTEM,MUNICIPAL,A,COLLINGSWORTH,N,SEYMOUR AQUIFER | COLLINGSWORTH,358,174,164,157,149,141
2588,83,WELLS,MUNICIPAL,I,CHEROKEE,N,CARRIZO-WILCOX AQUIFER | CHEROKEE,124,130,138,146,155,164
2589,658,WELLS BRANCH MUD,MUNICIPAL,K,TRAVIS,Y,COLORADO RUN-OF-RIVER,1464,0,0,0,0,0
2589,658,WELLS BRANCH MUD,MUNICIPAL,K,WILLIAMSON,Y,COLORADO RUN-OF-RIVER,35,0,0,0,0,0
2590,6,WESLACO,MUNICIPAL,M,HIDALGO,N,AMISTAD-FALCON LAKE/RESERVOIR SYSTEM,5408,5408,5408,5408,5408,5408
2590,169,WESLACO,MUNICIPAL,M,HIDALGO,N,DIRECT REUSE,770,971,1052,1052,1052,1052
2591,791,WEST,MUNICIPAL,G,MCLENNAN,N,TRINITY AQUIFER | MCLENNAN,371,371,371,371,371,371
2591,818,WEST,MUNICIPAL,G,MCLENNAN,N,WACO LAKE/RESERVOIR,1120,1120,1120,1120,1120,1120
2592,54,WEST BELL COUNTY WSC,MUNICIPAL,G,BELL,N,BRAZOS RIVER AUTHORITY LITTLE RIVER LAKE/RESERVOIR SYSTEM,1660,1660,1660,1660,1660,1660
2593,774,WEST BRAZOS WSC,MUNICIPAL,G,FALLS,Y,TRINITY AQUIFER | FALLS,295,288,276,272,268,268
2593,774,WEST BRAZOS WSC,MUNICIPAL,G,MCLENNAN,Y,TRINITY AQUIFER | FALLS,263,271,283,287,290,290
2593,791,WEST BRAZOS WSC,MUNICIPAL,G,FALLS,Y,TRINITY AQUIFER | MCLENNAN,116,112,108,107,105,105
2593,791,WEST BRAZOS WSC,MUNICIPAL,G,MCLENNAN,Y,TRINITY AQUIFER | MCLENNAN,104,107,112,112,115,115
2594,299,WEST COLUMBIA,MUNICIPAL,H,BRAZORIA,N,GULF COAST AQUIFER SYSTEM | BRAZORIA,439,425,418,409,400,382
2596,314,WEST HARDIN WSC,MUNICIPAL,H,LIBERTY,Y,GULF COAST AQUIFER SYSTEM | HARDIN,46,46,46,46,46,46
2596,314,WEST HARDIN WSC,MUNICIPAL,I,HARDIN,Y,GULF COAST AQUIFER SYSTEM | HARDIN,385,383,378,369,360,352
2597,315,WEST HARRIS COUNTY MUD 6,MUNICIPAL,H,HARRIS,N,GULF COAST AQUIFER SYSTEM | HARRIS,367,294,294,294,294,295
2598,683,WEST JEFFERSON COUNTY MWD,MUNICIPAL,I,JEFFERSON,N,SAM RAYBURN-STEINHAGEN LAKE/RESERVOIR SYSTEM,929,928,936,948,960,972
2600,333,ORANGE COUNTY WCID 2,MUNICIPAL,I,ORANGE,N,GULF COAST AQUIFER SYSTEM | ORANGE,456,452,452,439,425,412
2601,738,WEST TAWAKONI,MUNICIPAL,D,HUNT,N,TAWAKONI LAKE/RESERVOIR,804,797,738,784,777,777
2607,810,WESTOVER HILLS,MUNICIPAL,C,TARRANT,N,TRWD LAKE/RESERVOIR SYSTEM,793,696,650,593,552,519
2608,810,WESTWORTH VILLAGE,MUNICIPAL,C,TARRANT,N,TRWD LAKE/RESERVOIR SYSTEM,381,343,338,324,315,307
2609,347,WHARTON,MUNICIPAL,K,WHARTON,N,GULF COAST AQUIFER SYSTEM | WHARTON,1593,1567,1547,1522,1495,1469
2611,505,WHEELER,MUNICIPAL,A,WHEELER,N,OGALLALA AQUIFER | WHEELER,398,304,216,147,103,78
2612,55,DOUBLE DIAMOND UTILITIES,MUNICIPAL,G,HILL,Y,BRAZOS RIVER AUTHORITY MAIN STEM LAKE/RESERVOIR SYSTEM,473,444,400,367,349,332
2612,55,DOUBLE DIAMOND UTILITIES,MUNICIPAL,G,JOHNSON,Y,BRAZOS RIVER AUTHORITY MAIN STEM LAKE/RESERVOIR SYSTEM,194,237,264,282,311,338
2612,55,DOUBLE DIAMOND UTILITIES,MUNICIPAL,G,PALO PINTO,Y,BRAZOS RIVER AUTHORITY MAIN STEM LAKE/RESERVOIR SYSTEM,333,304,266,238,221,205
2612,780,DOUBLE DIAMOND UTILITIES,MUNICIPAL,G,HILL,Y,TRINITY AQUIFER | HILL,457,453,455,453,455,453
2612,784,DOUBLE DIAMOND UTILITIES,MUNICIPAL,G,JOHNSON,Y,TRINITY AQUIFER | JOHNSON,452,452,452,452,452,452
2612,1076,DOUBLE DIAMOND UTILITIES,MUNICIPAL,G,HILL,Y,BRA SYSTEM OPERATIONS PERMIT SUPPLY,293,279,267,256,238,202
2612,1076,DOUBLE DIAMOND UTILITIES,MUNICIPAL,G,JOHNSON,Y,BRA SYSTEM OPERATIONS PERMIT SUPPLY,120,149,175,197,211,205
2612,1076,DOUBLE DIAMOND UTILITIES,MUNICIPAL,G,PALO PINTO,Y,BRA SYSTEM OPERATIONS PERMIT SUPPLY,206,191,177,166,150,124
2613,465,WHITE DEER,MUNICIPAL,A,CARSON,N,OGALLALA AQUIFER | CARSON,230,207,186,167,150,135
2614,16,WHITE OAK,MUNICIPAL,D,GREGG,N,BIG SANDY CREEK LAKE/RESERVOIR,2590,2590,2590,2590,2590,2590
2615,803,WHITE SETTLEMENT,MUNICIPAL,C,TARRANT,N,TRINITY AQUIFER | TARRANT,610,610,610,610,610,610
2615,810,WHITE SETTLEMENT,MUNICIPAL,C,TARRANT,N,TRWD LAKE/RESERVOIR SYSTEM,1544,1539,1575,1538,1530,1545
2616,122,WHITEHOUSE,MUNICIPAL,I,SMITH,N,CARRIZO-WILCOX AQUIFER | SMITH,1005,1012,1021,1014,1007,1001
2616,600,WHITEHOUSE,MUNICIPAL,I,SMITH,N,PALESTINE LAKE/RESERVOIR,377,379,380,382,383,384
2616,815,WHITEHOUSE,MUNICIPAL,I,SMITH,N,TYLER LAKE/RESERVOIR,370,368,367,365,364,363
2617,777,WHITESBORO,MUNICIPAL,C,GRAYSON,N,TRINITY AQUIFER | GRAYSON,547,547,547,547,547,547
2618,840,WHITEWRIGHT,MUNICIPAL,C,FANNIN,Y,WOODBINE AQUIFER | GRAYSON,14,16,17,17,17,17
2618,840,WHITEWRIGHT,MUNICIPAL,C,GRAYSON,Y,WOODBINE AQUIFER | GRAYSON,399,397,396,396,396,396
2619,780,WHITNEY,MUNICIPAL,G,HILL,N,TRINITY AQUIFER | HILL,454,455,453,460,470,470
2620,386,WICHITA VALLEY WSC,MUNICIPAL,B,ARCHER,Y,RED INDIRECT REUSE,208,204,199,198,195,192
2620,386,WICHITA VALLEY WSC,MUNICIPAL,B,WICHITA,Y,RED INDIRECT REUSE,393,391,388,385,385,382
2620,830,WICHITA VALLEY WSC,MUNICIPAL,B,ARCHER,Y,LITTLE WICHITA RIVER LAKE/RESERVOIR SYSTEM,378,350,319,293,265,241
2620,830,WICHITA VALLEY WSC,MUNICIPAL,B,WICHITA,Y,LITTLE WICHITA RIVER LAKE/RESERVOIR SYSTEM,715,666,616,569,524,478
2621,78,WICKSON CREEK SUD,MUNICIPAL,G,BRAZOS,Y,CARRIZO-WILCOX AQUIFER | BRAZOS,2690,2628,2589,2562,2540,2575
2621,78,WICKSON CREEK SUD,MUNICIPAL,G,GRIMES,Y,CARRIZO-WILCOX AQUIFER | BRAZOS,786,733,656,579,518,487
2621,78,WICKSON CREEK SUD,MUNICIPAL,G,ROBERTSON,Y,CARRIZO-WILCOX AQUIFER | BRAZOS,68,58,49,40,34,30
2621,117,WICKSON CREEK SUD,MUNICIPAL,G,BRAZOS,Y,CARRIZO-WILCOX AQUIFER | ROBERTSON,76,77,79,81,82,84
2621,117,WICKSON CREEK SUD,MUNICIPAL,G,GRIMES,Y,CARRIZO-WILCOX AQUIFER | ROBERTSON,20,19,18,16,15,13
2621,117,WICKSON CREEK SUD,MUNICIPAL,G,ROBERTSON,Y,CARRIZO-WILCOX AQUIFER | ROBERTSON,2,2,1,1,1,1
2621,712,WICKSON CREEK SUD,MUNICIPAL,G,BRAZOS,Y,SPARTA AQUIFER | BRAZOS,587,594,607,621,633,643
2621,712,WICKSON CREEK SUD,MUNICIPAL,G,GRIMES,Y,SPARTA AQUIFER | BRAZOS,154,150,138,125,116,106
2621,712,WICKSON CREEK SUD,MUNICIPAL,G,ROBERTSON,Y,SPARTA AQUIFER | BRAZOS,13,10,9,8,5,5
2621,859,WICKSON CREEK SUD,MUNICIPAL,G,BRAZOS,Y,YEGUA-JACKSON AQUIFER | GRIMES,216,218,223,228,232,236
2621,859,WICKSON CREEK SUD,MUNICIPAL,G,GRIMES,Y,YEGUA-JACKSON AQUIFER | GRIMES,57,55,50,46,43,39
2621,859,WICKSON CREEK SUD,MUNICIPAL,G,ROBERTSON,Y,YEGUA-JACKSON AQUIFER | GRIMES,4,4,4,3,2,2
2622,368,WILLIAMSON TRAVIS COUNTIES MUD 1,MUNICIPAL,G,WILLIAMSON,Y,HIGHLAND LAKES LAKE/RESERVOIR SYSTEM,754,754,755,756,757,757
2622,368,WILLIAMSON TRAVIS COUNTIES MUD 1,MUNICIPAL,K,TRAVIS,Y,HIGHLAND LAKES LAKE/RESERVOIR SYSTEM,235,235,234,233,232,232
2623,330,WILLIS,MUNICIPAL,H,MONTGOMERY,N,GULF COAST AQUIFER SYSTEM | MONTGOMERY,1596,1596,1596,1596,1596,1596
2624,798,WILLOW PARK,MUNICIPAL,C,PARKER,N,TRINITY AQUIFER | PARKER,690,690,690,690,690,690
2624,810,WILLOW PARK,MUNICIPAL,C,PARKER,N,TRWD LAKE/RESERVOIR SYSTEM,464,594,748,871,1000,1138
2626,669,WILLS POINT,MUNICIPAL,D,VAN ZANDT,N,SABINE RUN-OF-RIVER,19,19,19,19,19,19
2626,738,WILLS POINT,MUNICIPAL,D,VAN ZANDT,N,TAWAKONI LAKE/RESERVOIR,1041,1148,1253,1360,1468,1578
2627,279,WILMER,MUNICIPAL,C,DALLAS,N,FORK LAKE/RESERVOIR,77,85,88,89,91,93
2627,390,WILMER,MUNICIPAL,C,DALLAS,N,TRINITY INDIRECT REUSE,79,98,114,117,121,127
2627,648,WILMER,MUNICIPAL,C,DALLAS,N,RAY HUBBARD LAKE/RESERVOIR,80,84,83,81,79,77
2627,650,WILMER,MUNICIPAL,C,DALLAS,N,RAY ROBERTS-LEWISVILLE-GRAPEVINE LAKE/RESERVOIR SYSTEM,193,195,184,183,181,182
2627,738,WILMER,MUNICIPAL,C,DALLAS,N,TAWAKONI LAKE/RESERVOIR,322,341,341,334,328,324
2629,779,WIMBERLEY WSC,MUNICIPAL,L,HAYS,N,TRINITY AQUIFER | HAYS,750,750,750,750,750,750
2630,209,BEXAR COUNTY WCID 10,MUNICIPAL,L,BEXAR,N,EDWARDS-BFZ AQUIFER | BEXAR,928,928,928,928,928,928
2633,386,WINDTHORST WSC,MUNICIPAL,B,ARCHER,Y,RED INDIRECT REUSE,185,184,183,181,180,178
2633,386,WINDTHORST WSC,MUNICIPAL,B,CLAY,Y,RED INDIRECT REUSE,88,87,84,84,83,83
2633,830,WINDTHORST WSC,MUNICIPAL,B,ARCHER,Y,LITTLE WICHITA RIVER LAKE/RESERVOIR SYSTEM,337,314,291,269,246,223
2633,830,WINDTHORST WSC,MUNICIPAL,B,CLAY,Y,LITTLE WICHITA RIVER LAKE/RESERVOIR SYSTEM,160,148,134,123,113,104
2634,1002,WINK,MUNICIPAL,F,WINKLER,N,EDWARDS-TRINITY-PLATEAU AND PECOS VALLEY AQUIFERS | WINKLER,341,345,345,346,348,350
2635,166,WINNSBORO,MUNICIPAL,D,FRANKLIN,Y,CYPRESS SPRINGS LAKE/RESERVOIR,384,357,332,311,291,272
2635,166,WINNSBORO,MUNICIPAL,D,WOOD,Y,CYPRESS SPRINGS LAKE/RESERVOIR,1308,1261,1212,1158,1104,1049
2636,122,WINONA,MUNICIPAL,D,SMITH,N,CARRIZO-WILCOX AQUIFER | SMITH,169,169,169,169,169,169
2637,832,WINTERS,MUNICIPAL,F,RUNNELS,N,WINTERS LAKE/RESERVOIR,0,0,0,0,0,0
2638,811,WOLFE CITY,MUNICIPAL,C,FANNIN,Y,TURKEY CREEK LAKE/RESERVOIR,10,10,10,10,10,10
2638,811,WOLFE CITY,MUNICIPAL,D,HUNT,Y,TURKEY CREEK LAKE/RESERVOIR,180,180,180,180,180,180
2638,839,WOLFE CITY,MUNICIPAL,C,FANNIN,Y,WOODBINE AQUIFER | FANNIN,2,2,1,1,1,1
2638,839,WOLFE CITY,MUNICIPAL,D,HUNT,Y,WOODBINE AQUIFER | FANNIN,71,72,72,73,72,72
2639,490,WOLFFORTH,MUNICIPAL,O,LUBBOCK,N,OGALLALA AND EDWARDS-TRINITY-HIGH PLAINS AQUIFERS | LUBBOCK,4336,4336,4336,4336,4336,4336
2640,766,WOODBINE WSC,MUNICIPAL,C,COOKE,Y,TRINITY AQUIFER | COOKE,703,702,703,702,701,700
2640,766,WOODBINE WSC,MUNICIPAL,C,GRAYSON,Y,TRINITY AQUIFER | COOKE,9,10,9,10,11,12
2641,330,WOOD BRANCH VILLAGE,MUNICIPAL,H,MONTGOMERY,N,GULF COAST AQUIFER SYSTEM | MONTGOMERY,177,188,206,248,239,230
2643,315,WOODCREEK MUD,MUNICIPAL,H,HARRIS,N,GULF COAST AQUIFER SYSTEM | HARRIS,506,405,405,405,405,405
2645,780,WOODROW OSCEOLA WSC,MUNICIPAL,G,HILL,N,TRINITY AQUIFER | HILL,102,102,102,102,102,102
2646,335,WOODSBORO,MUNICIPAL,L,REFUGIO,N,GULF COAST AQUIFER SYSTEM | REFUGIO,210,210,210,210,210,210
2647,341,WOODVILLE,MUNICIPAL,I,TYLER,N,GULF COAST AQUIFER SYSTEM | TYLER,880,920,970,1024,1088,1162
2647,683,WOODVILLE,MUNICIPAL,I,TYLER,N,SAM RAYBURN-STEINHAGEN LAKE/RESERVOIR SYSTEM,5600,5600,5600,5600,5600,5600
2648,54,WOODWAY,MUNICIPAL,G,MCLENNAN,N,BRAZOS RIVER AUTHORITY LITTLE RIVER LAKE/RESERVOIR SYSTEM,1310,1301,1293,1284,1275,1275
2648,791,WOODWAY,MUNICIPAL,G,MCLENNAN,N,TRINITY AQUIFER | MCLENNAN,2114,2114,2114,2114,2114,2114
2648,818,WOODWAY,MUNICIPAL,G,MCLENNAN,N,WACO LAKE/RESERVOIR,1120,1120,1120,1120,1120,1120
2649,103,WORTHAM,MUNICIPAL,C,FREESTONE,N,CARRIZO-WILCOX AQUIFER | LIMESTONE,128,116,100,96,92,89
2650,390,WYLIE,MUNICIPAL,C,COLLIN,N,TRINITY INDIRECT REUSE,2321,2018,1846,1726,1639,1590
2650,738,WYLIE,MUNICIPAL,C,COLLIN,N,TAWAKONI LAKE/RESERVOIR,143,121,110,102,96,92
2650,1068,WYLIE,MUNICIPAL,C,COLLIN,N,NORTH TEXAS MWD LAKE/RESERVOIR SYSTEM,3869,3187,2816,2535,2304,2151
2651,214,YANCEY WSC,MUNICIPAL,L,MEDINA,N,EDWARDS-BFZ AQUIFER | MEDINA,1300,1300,1300,1300,1300,1300
2652,306,YOAKUM,MUNICIPAL,L,DEWITT,Y,GULF COAST AQUIFER SYSTEM | DEWITT,351,351,351,351,351,351
2652,325,YOAKUM,MUNICIPAL,P,LAVACA,Y,GULF COAST AQUIFER SYSTEM | LAVACA,842,842,842,842,842,842
2653,306,YORKTOWN,MUNICIPAL,L,DEWITT,N,GULF COAST AQUIFER SYSTEM | DEWITT,368,368,368,368,368,368
2655,855,ZAVALLA,MUNICIPAL,I,ANGELINA,N,YEGUA-JACKSON AQUIFER | ANGELINA,102,103,104,104,105,107
2656,57,ZEPHYR WSC,MUNICIPAL,F,BROWN,N,BROWNWOOD LAKE/RESERVOIR,572,580,581,582,584,587
2657,798,RENO (PARKER),MUNICIPAL,C,PARKER,Y,TRINITY AQUIFER | PARKER,130,130,130,130,130,130
2657,798,RENO (PARKER),MUNICIPAL,C,TARRANT,Y,TRINITY AQUIFER | PARKER,2,2,2,2,2,2
2657,803,RENO (PARKER),MUNICIPAL,C,PARKER,Y,TRINITY AQUIFER | TARRANT,10,10,10,10,10,10
2657,810,RENO (PARKER),MUNICIPAL,C,PARKER,Y,TRWD LAKE/RESERVOIR SYSTEM,114,114,114,114,115,115
2657,810,RENO (PARKER),MUNICIPAL,C,TARRANT,Y,TRWD LAKE/RESERVOIR SYSTEM,2,2,2,2,1,1
2667,347,WHARTON COUNTY WCID 2,MUNICIPAL,K,WHARTON,N,GULF COAST AQUIFER SYSTEM | WHARTON,306,306,306,306,306,306
2671,744,"STEAM-ELECTRIC POWER, GRAYSON",STEAM ELECTRIC POWER,C,GRAYSON,N,TEXOMA LAKE/RESERVOIR NON-SYSTEM PORTION,4573,4573,4573,4573,4573,4573
2675,330,MONTGOMERY,MUNICIPAL,H,MONTGOMERY,N,GULF COAST AQUIFER SYSTEM | MONTGOMERY,646,725,684,653,636,618
2676,330,PINEHURST DECKER PRAIRIE WSC,MUNICIPAL,H,MONTGOMERY,N,GULF COAST AQUIFER SYSTEM | MONTGOMERY,143,149,153,165,167,164
2677,315,CENTRAL HARRIS COUNTY REGIONAL WATER AUTHORITY,MUNICIPAL,H,HARRIS,N,GULF COAST AQUIFER SYSTEM | HARRIS,2138,1076,1089,1097,1125,1145
2677,372,CENTRAL HARRIS COUNTY REGIONAL WATER AUTHORITY,MUNICIPAL,H,HARRIS,N,HOUSTON LAKE/RESERVOIR,2374,2374,2374,2374,2374,2374
2678,169,NORTH FORT BEND WATER AUTHORITY,MUNICIPAL,H,FORT BEND,Y,DIRECT REUSE,1955,1959,1962,1965,1966,1966
2678,169,NORTH FORT BEND WATER AUTHORITY,MUNICIPAL,H,HARRIS,Y,DIRECT REUSE,59,54,50,47,46,46
2678,169,NORTH FORT BEND WATER AUTHORITY,MUNICIPAL,H,WALLER,Y,DIRECT REUSE,0,1,2,2,2,2
2678,309,NORTH FORT BEND WATER AUTHORITY,MUNICIPAL,H,FORT BEND,Y,GULF COAST AQUIFER SYSTEM | FORT BEND,23591,27061,29624,31792,33457,35111
2678,315,NORTH FORT BEND WATER AUTHORITY,MUNICIPAL,H,HARRIS,Y,GULF COAST AQUIFER SYSTEM | HARRIS,826,421,423,424,439,456
2678,410,NORTH FORT BEND WATER AUTHORITY,MUNICIPAL,H,FORT BEND,Y,LIVINGSTON-WALLISVILLE LAKE/RESERVOIR SYSTEM,21840,21840,21840,21840,21840,21840
2679,390,FATE,MUNICIPAL,C,ROCKWALL,N,TRINITY INDIRECT REUSE,1481,1883,2258,2637,3118,3680
2679,738,FATE,MUNICIPAL,C,ROCKWALL,N,TAWAKONI LAKE/RESERVOIR,91,113,134,156,183,214
2679,1068,FATE,MUNICIPAL,C,ROCKWALL,N,NORTH TEXAS MWD LAKE/RESERVOIR SYSTEM,2469,2975,3444,3875,4383,4975
2686,511,ANGELINA WSC,MUNICIPAL,I,ANGELINA,N,OTHER AQUIFER | ANGELINA,355,359,361,365,368,372
2687,72,REDLAND WSC,MUNICIPAL,I,ANGELINA,N,CARRIZO-WILCOX AQUIFER | ANGELINA,508,510,512,514,516,518
2688,112,D & M WSC,MUNICIPAL,I,NACOGDOCHES,N,CARRIZO-WILCOX AQUIFER | NACOGDOCHES,876,878,879,881,882,884
2688,451,D & M WSC,MUNICIPAL,I,NACOGDOCHES,N,NACOGDOCHES LAKE/RESERVOIR,178,176,175,173,172,170
2689,112,MELROSE WSC,MUNICIPAL,I,NACOGDOCHES,N,CARRIZO-WILCOX AQUIFER | NACOGDOCHES,827,851,875,916,956,994
2689,451,MELROSE WSC,MUNICIPAL,I,NACOGDOCHES,N,NACOGDOCHES LAKE/RESERVOIR,25,25,25,25,25,24
2690,112,WODEN WSC,MUNICIPAL,I,NACOGDOCHES,N,CARRIZO-WILCOX AQUIFER | NACOGDOCHES,262,269,276,289,302,315
2690,451,WODEN WSC,MUNICIPAL,I,NACOGDOCHES,N,NACOGDOCHES LAKE/RESERVOIR,0,0,0,0,0,0
2697,64,FAIR OAKS RANCH,MUNICIPAL,L,BEXAR,Y,CANYON LAKE/RESERVOIR,1027,957,930,921,919,919
2697,64,FAIR OAKS RANCH,MUNICIPAL,L,COMAL,Y,CANYON LAKE/RESERVOIR,353,354,354,354,354,354
2697,64,FAIR OAKS RANCH,MUNICIPAL,L,KENDALL,Y,CANYON LAKE/RESERVOIR,470,539,566,575,577,577
2697,169,FAIR OAKS RANCH,MUNICIPAL,L,BEXAR,Y,DIRECT REUSE,155,145,141,139,139,139
2697,169,FAIR OAKS RANCH,MUNICIPAL,L,COMAL,Y,DIRECT REUSE,53,54,54,54,54,54
2697,169,FAIR OAKS RANCH,MUNICIPAL,L,KENDALL,Y,DIRECT REUSE,72,81,85,87,87,87
2697,764,FAIR OAKS RANCH,MUNICIPAL,L,BEXAR,Y,TRINITY AQUIFER | COMAL,347,323,314,311,310,310
2697,764,FAIR OAKS RANCH,MUNICIPAL,L,COMAL,Y,TRINITY AQUIFER | COMAL,119,120,120,120,120,120
2697,764,FAIR OAKS RANCH,MUNICIPAL,L,KENDALL,Y,TRINITY AQUIFER | COMAL,159,182,191,194,195,195
2699,169,MEADOWS PLACE,MUNICIPAL,H,FORT BEND,Y,DIRECT REUSE,25,25,25,25,25,25
2699,169,MEADOWS PLACE,MUNICIPAL,H,HARRIS,Y,DIRECT REUSE,1,1,1,1,1,1
2699,309,MEADOWS PLACE,MUNICIPAL,H,FORT BEND,Y,GULF COAST AQUIFER SYSTEM | FORT BEND,806,816,831,852,864,876
2706,477,"MANUFACTURING, GAINES",MANUFACTURING,O,GAINES,N,OGALLALA AND EDWARDS-TRINITY-HIGH PLAINS AQUIFERS | GAINES,617,617,617,617,617,617
2718,197,"MANUFACTURING, SCURRY",MANUFACTURING,F,SCURRY,N,DOCKUM AQUIFER | SCURRY,199,206,214,222,230,239
2737,1090,"MANUFACTURING, ARCHER",MANUFACTURING,B,ARCHER,N,CROSS TIMBERS AQUIFER | ARCHER,1,1,1,1,1,1
2746,460,"MANUFACTURING, ANDREWS",MANUFACTURING,F,ANDREWS,N,OGALLALA AND EDWARDS-TRINITY-HIGH PLAINS AQUIFERS | ANDREWS,526,478,457,447,441,437
2747,980,"MANUFACTURING, DALLAM",MANUFACTURING,A,DALLAM,N,OGALLALA AND RITA BLANCA AQUIFERS | DALLAM,1333,1382,1433,1486,1541,1598
2759,88,"MANUFACTURING, FREESTONE",MANUFACTURING,C,FREESTONE,N,CARRIZO-WILCOX AQUIFER | FREESTONE,55,57,59,61,63,65
2771,339,"MANUFACTURING, STARR",MANUFACTURING,M,STARR,N,GULF COAST AQUIFER SYSTEM | STARR,96,96,96,96,96,96
2774,279,DESOTO,MUNICIPAL,C,DALLAS,N,FORK LAKE/RESERVOIR,953,995,1003,1006,1007,1016
2774,390,DESOTO,MUNICIPAL,C,DALLAS,N,TRINITY INDIRECT REUSE,977,1147,1306,1322,1343,1383
2774,648,DESOTO,MUNICIPAL,C,DALLAS,N,RAY HUBBARD LAKE/RESERVOIR,991,987,950,910,872,841
2774,650,DESOTO,MUNICIPAL,C,DALLAS,N,RAY ROBERTS-LEWISVILLE-GRAPEVINE LAKE/RESERVOIR SYSTEM,2400,2300,2108,2059,2013,1989
2774,738,DESOTO,MUNICIPAL,C,DALLAS,N,TAWAKONI LAKE/RESERVOIR,3994,4013,3895,3763,3636,3539
2775,810,EDGECLIFF,MUNICIPAL,C,TARRANT,N,TRWD LAKE/RESERVOIR SYSTEM,549,482,447,408,378,355
2776,169,RANDOLPH AIR FORCE BASE,MUNICIPAL,L,BEXAR,N,DIRECT REUSE,4862,7841,7841,7841,7841,7841
2776,209,RANDOLPH AIR FORCE BASE,MUNICIPAL,L,BEXAR,N,EDWARDS-BFZ AQUIFER | BEXAR,807,807,807,807,807,807
2777,6,ROMA,MUNICIPAL,M,STARR,N,AMISTAD-FALCON LAKE/RESERVOIR SYSTEM,2732,2732,2732,2732,2732,2732
2778,795,SAINT JO,MUNICIPAL,B,MONTAGUE,N,TRINITY AQUIFER | MONTAGUE,269,308,308,308,308,308
2779,803,SANSOM PARK,MUNICIPAL,C,TARRANT,N,TRINITY AQUIFER | TARRANT,646,711,767,811,860,914
2780,169,WEST UNIVERSITY PLACE,MUNICIPAL,H,HARRIS,N,DIRECT REUSE,9,9,9,9,9,9
2780,315,WEST UNIVERSITY PLACE,MUNICIPAL,H,HARRIS,N,GULF COAST AQUIFER SYSTEM | HARRIS,586,594,595,594,577,568
2780,410,WEST UNIVERSITY PLACE,MUNICIPAL,H,HARRIS,N,LIVINGSTON-WALLISVILLE LAKE/RESERVOIR SYSTEM,1492,1525,1528,1524,1460,1421
2781,458,BRONTE,MUNICIPAL,F,COKE,N,OAK CREEK LAKE/RESERVOIR,0,0,0,0,0,0
2781,524,BRONTE,MUNICIPAL,F,COKE,N,OTHER AQUIFER | COKE,81,81,81,81,81,81
2782,54,MORGANS POINT RESORT,MUNICIPAL,G,BELL,N,BRAZOS RIVER AUTHORITY LITTLE RIVER LAKE/RESERVOIR SYSTEM,1935,1935,1935,1935,1935,1935
2801,481,"STEAM-ELECTRIC POWER, HALE",STEAM ELECTRIC POWER,O,HALE,N,OGALLALA AND EDWARDS-TRINITY-HIGH PLAINS AQUIFERS | HALE,29,29,29,29,29,29
2934,341,"STEAM-ELECTRIC POWER, TYLER",STEAM ELECTRIC POWER,I,TYLER,N,GULF COAST AQUIFER SYSTEM | TYLER,191,191,191,191,191,191
2958,794,"MINING, MILLS",MINING,K,MILLS,N,TRINITY AQUIFER | MILLS,4,4,4,4,4,4
2960,576,"MINING, SABINE",MINING,I,SABINE,N,OTHER AQUIFER | SABINE,0,0,0,0,0,0
2960,748,"MINING, SABINE",MINING,I,SABINE,N,TOLEDO BEND LAKE/RESERVOIR,334,334,334,334,334,334
2961,577,"MINING, SAN AUGUSTINE",MINING,I,SAN AUGUSTINE,N,OTHER AQUIFER | SAN AUGUSTINE,1119,1113,1115,1098,1089,1092
2961,684,"MINING, SAN AUGUSTINE",MINING,I,SAN AUGUSTINE,N,SAN AUGUSTINE LAKE/RESERVOIR,292,298,296,313,322,319
2962,341,"MINING, TYLER",MINING,I,TYLER,N,GULF COAST AQUIFER SYSTEM | TYLER,39,39,39,39,39,39
2962,412,"MINING, TYLER",MINING,I,TYLER,N,LOCAL SURFACE WATER SUPPLY,3,3,3,3,3,3
2964,121,"MINING, SHELBY",MINING,I,SHELBY,N,CARRIZO-WILCOX AQUIFER | SHELBY,1026,1026,1026,1026,1026,1026
2964,748,"MINING, SHELBY",MINING,I,SHELBY,N,TOLEDO BEND LAKE/RESERVOIR,3410,3410,3410,3410,3410,3410
2967,100,"MINING, LA SALLE",MINING,L,LA SALLE,N,CARRIZO-WILCOX AQUIFER | LA SALLE,529,529,529,529,529,529
2968,773,"MINING, ERATH",MINING,G,ERATH,N,TRINITY AQUIFER | ERATH,1007,1007,1007,1007,1007,1007
2970,71,FOUR PINES WSC,MUNICIPAL,I,ANDERSON,N,CARRIZO-WILCOX AQUIFER | ANDERSON,298,296,293,290,287,284
2971,855,FOUR WAY SUD,MUNICIPAL,I,ANGELINA,N,YEGUA-JACKSON AQUIFER | ANGELINA,435,439,443,447,451,455
2972,119,G M WSC,MUNICIPAL,I,SABINE,Y,CARRIZO-WILCOX AQUIFER | SABINE,120,120,120,120,120,120
2972,119,G M WSC,MUNICIPAL,I,SAN AUGUSTINE,Y,CARRIZO-WILCOX AQUIFER | SABINE,4,4,4,4,4,4
2972,748,G M WSC,MUNICIPAL,I,SABINE,Y,TOLEDO BEND LAKE/RESERVOIR,544,544,542,542,542,542
2972,748,G M WSC,MUNICIPAL,I,SAN AUGUSTINE,Y,TOLEDO BEND LAKE/RESERVOIR,16,16,18,18,18,18
2972,865,G M WSC,MUNICIPAL,I,SABINE,Y,YEGUA-JACKSON AQUIFER | SABINE,262,262,261,261,261,261
2972,865,G M WSC,MUNICIPAL,I,SAN AUGUSTINE,Y,YEGUA-JACKSON AQUIFER | SABINE,8,8,9,9,9,9
2973,64,GOFORTH SUD,MUNICIPAL,K,HAYS,Y,CANYON LAKE/RESERVOIR,283,259,246,238,233,228
2973,64,GOFORTH SUD,MUNICIPAL,K,TRAVIS,Y,CANYON LAKE/RESERVOIR,29,25,21,17,15,14
2973,64,GOFORTH SUD,MUNICIPAL,L,CALDWELL,Y,CANYON LAKE/RESERVOIR,70,54,42,33,27,24
2973,64,GOFORTH SUD,MUNICIPAL,L,HAYS,Y,CANYON LAKE/RESERVOIR,3804,3848,3877,3898,3911,3920
2973,90,GOFORTH SUD,MUNICIPAL,K,HAYS,Y,CARRIZO-WILCOX AQUIFER | GONZALES,444,405,386,436,690,973
2973,90,GOFORTH SUD,MUNICIPAL,K,TRAVIS,Y,CARRIZO-WILCOX AQUIFER | GONZALES,45,40,33,33,46,59
2973,90,GOFORTH SUD,MUNICIPAL,L,CALDWELL,Y,CARRIZO-WILCOX AQUIFER | GONZALES,111,85,65,51,43,38
2973,90,GOFORTH SUD,MUNICIPAL,L,HAYS,Y,CARRIZO-WILCOX AQUIFER | GONZALES,5959,6029,6075,6039,5780,5489
2973,212,GOFORTH SUD,MUNICIPAL,K,HAYS,Y,EDWARDS-BFZ AQUIFER | HAYS,8,7,7,7,7,6
2973,212,GOFORTH SUD,MUNICIPAL,K,TRAVIS,Y,EDWARDS-BFZ AQUIFER | HAYS,1,1,1,0,0,0
2973,212,GOFORTH SUD,MUNICIPAL,L,CALDWELL,Y,EDWARDS-BFZ AQUIFER | HAYS,2,1,1,1,1,1
2973,212,GOFORTH SUD,MUNICIPAL,L,HAYS,Y,EDWARDS-BFZ AQUIFER | HAYS,105,107,107,108,108,109
2973,215,GOFORTH SUD,MUNICIPAL,L,HAYS,Y,EDWARDS-BFZ AQUIFER | TRAVIS,7,7,7,7,7,7
2973,779,GOFORTH SUD,MUNICIPAL,K,HAYS,Y,TRINITY AQUIFER | HAYS,149,138,131,126,123,121
2973,779,GOFORTH SUD,MUNICIPAL,K,TRAVIS,Y,TRINITY AQUIFER | HAYS,15,13,11,9,8,7
2973,779,GOFORTH SUD,MUNICIPAL,L,CALDWELL,Y,TRINITY AQUIFER | HAYS,38,28,22,17,15,13
2973,779,GOFORTH SUD,MUNICIPAL,L,HAYS,Y,TRINITY AQUIFER | HAYS,2013,2036,2051,2063,2069,2074
2974,315,HARRIS COUNTY MUD 119,MUNICIPAL,H,HARRIS,N,GULF COAST AQUIFER SYSTEM | HARRIS,784,630,630,630,629,629
2975,766,LAKE KIOWA SUD,MUNICIPAL,C,COOKE,N,TRINITY AQUIFER | COOKE,942,993,1015,1024,1035,1046
2976,390,BEAR CREEK SUD,MUNICIPAL,C,COLLIN,Y,TRINITY INDIRECT REUSE,997,1542,1542,1522,1585,1538
2976,390,BEAR CREEK SUD,MUNICIPAL,C,ROCKWALL,Y,TRINITY INDIRECT REUSE,77,111,110,110,114,111
2976,738,BEAR CREEK SUD,MUNICIPAL,C,COLLIN,Y,TAWAKONI LAKE/RESERVOIR,61,92,91,90,93,90
2976,738,BEAR CREEK SUD,MUNICIPAL,C,ROCKWALL,Y,TAWAKONI LAKE/RESERVOIR,5,7,7,6,7,6
2976,1068,BEAR CREEK SUD,MUNICIPAL,C,COLLIN,Y,NORTH TEXAS MWD LAKE/RESERVOIR SYSTEM,1662,2437,2350,2237,2228,2078
2976,1068,BEAR CREEK SUD,MUNICIPAL,C,ROCKWALL,Y,NORTH TEXAS MWD LAKE/RESERVOIR SYSTEM,127,175,168,161,160,150
2977,840,LUELLA SUD,MUNICIPAL,C,GRAYSON,N,WOODBINE AQUIFER | GRAYSON,275,274,274,274,274,274
2978,453,M E N WSC,MUNICIPAL,C,NAVARRO,N,NAVARRO MILLS LAKE/RESERVOIR,427,479,500,518,536,554
2978,652,M E N WSC,MUNICIPAL,C,NAVARRO,N,CORSICANA RICHLAND CHAMBERS-HALBERT LAKE/RESERVOIR SYSTEM,85,96,100,104,107,111
2979,390,MOUNT ZION WSC,MUNICIPAL,C,ROCKWALL,N,TRINITY INDIRECT REUSE,135,123,111,103,101,103
2979,738,MOUNT ZION WSC,MUNICIPAL,C,ROCKWALL,N,TAWAKONI LAKE/RESERVOIR,8,7,7,6,6,6
2979,1068,MOUNT ZION WSC,MUNICIPAL,C,ROCKWALL,N,NORTH TEXAS MWD LAKE/RESERVOIR SYSTEM,225,194,168,153,144,138
2980,738,NORTH HUNT SUD,MUNICIPAL,C,FANNIN,Y,TAWAKONI LAKE/RESERVOIR,16,13,11,9,7,7
2980,738,NORTH HUNT SUD,MUNICIPAL,D,DELTA,Y,TAWAKONI LAKE/RESERVOIR,7,6,4,3,3,3
2980,738,NORTH HUNT SUD,MUNICIPAL,D,HUNT,Y,TAWAKONI LAKE/RESERVOIR,124,128,132,135,137,137
2980,842,NORTH HUNT SUD,MUNICIPAL,C,FANNIN,Y,WOODBINE AQUIFER | HUNT,6,5,4,4,3,3
2980,842,NORTH HUNT SUD,MUNICIPAL,D,DELTA,Y,WOODBINE AQUIFER | HUNT,3,2,2,1,1,1
2980,842,NORTH HUNT SUD,MUNICIPAL,D,HUNT,Y,WOODBINE AQUIFER | HUNT,46,48,49,50,51,51
2981,330,PORTER SUD,MUNICIPAL,H,MONTGOMERY,N,GULF COAST AQUIFER SYSTEM | MONTGOMERY,2249,1876,1444,1130,901,672
2982,127,R P M WSC,MUNICIPAL,D,VAN ZANDT,Y,CARRIZO-WILCOX AQUIFER | VAN ZANDT,91,90,89,82,78,76
2982,127,R P M WSC,MUNICIPAL,I,HENDERSON,Y,CARRIZO-WILCOX AQUIFER | VAN ZANDT,28,27,26,29,31,33
2982,127,R P M WSC,MUNICIPAL,I,SMITH,Y,CARRIZO-WILCOX AQUIFER | VAN ZANDT,11,9,8,7,6,5
2982,641,R P M WSC,MUNICIPAL,D,VAN ZANDT,Y,QUEEN CITY AQUIFER | VAN ZANDT,132,125,126,126,126,126
2982,641,R P M WSC,MUNICIPAL,I,HENDERSON,Y,QUEEN CITY AQUIFER | VAN ZANDT,35,42,41,41,41,41
2983,337,SAN JACINTO SUD,MUNICIPAL,H,SAN JACINTO,N,GULF COAST AQUIFER SYSTEM | SAN JACINTO,272,269,262,255,247,239
2984,122,EAST TEXAS MUD,MUNICIPAL,D,SMITH,N,CARRIZO-WILCOX AQUIFER | SMITH,1263,1263,1263,1263,1263,1263
2984,639,EAST TEXAS MUD,MUNICIPAL,D,SMITH,N,QUEEN CITY AQUIFER | SMITH,269,269,269,269,269,269
2985,130,S S WSC,MUNICIPAL,L,WILSON,N,CARRIZO-WILCOX AQUIFER | WILSON,4705,4705,4705,4705,4705,4705
2986,55,STEPHENS REGIONAL SUD,MUNICIPAL,G,STEPHENS,Y,BRAZOS RIVER AUTHORITY MAIN STEM LAKE/RESERVOIR SYSTEM,460,413,426,439,462,488
2986,55,STEPHENS REGIONAL SUD,MUNICIPAL,G,THROCKMORTON,Y,BRAZOS RIVER AUTHORITY MAIN STEM LAKE/RESERVOIR SYSTEM,48,39,36,33,32,30
2987,375,EL PASO COUNTY TORNILLO WID,MUNICIPAL,E,EL PASO,N,HUECO-MESILLA BOLSON AQUIFER | EL PASO,629,629,629,629,629,629
2989,91,TRYON ROAD SUD,MUNICIPAL,D,GREGG,Y,CARRIZO-WILCOX AQUIFER | GREGG,293,293,292,281,267,267
2989,91,TRYON ROAD SUD,MUNICIPAL,D,HARRISON,Y,CARRIZO-WILCOX AQUIFER | GREGG,0,0,1,12,26,26
2989,94,TRYON ROAD SUD,MUNICIPAL,D,HARRISON,Y,CARRIZO-WILCOX AQUIFER | HARRISON,20,20,20,20,20,20
2989,457,TRYON ROAD SUD,MUNICIPAL,D,GREGG,Y,O' THE PINES LAKE/RESERVOIR,1288,1288,1288,1288,1288,1188
2989,457,TRYON ROAD SUD,MUNICIPAL,D,HARRISON,Y,O' THE PINES LAKE/RESERVOIR,534,534,534,534,534,634
2990,343,WALKER COUNTY SUD,MUNICIPAL,H,WALKER,N,GULF COAST AQUIFER SYSTEM | WALKER,463,495,549,608,673,744
2990,870,WALKER COUNTY SUD,MUNICIPAL,H,WALKER,N,YEGUA-JACKSON AQUIFER | WALKER,704,751,834,924,1022,1130
2991,91,WEST GREGG SUD,MUNICIPAL,D,GREGG,Y,CARRIZO-WILCOX AQUIFER | GREGG,521,521,521,521,517,514
2991,91,WEST GREGG SUD,MUNICIPAL,D,SMITH,Y,CARRIZO-WILCOX AQUIFER | GREGG,0,0,0,0,3,3
2991,91,WEST GREGG SUD,MUNICIPAL,I,RUSK,Y,CARRIZO-WILCOX AQUIFER | GREGG,22,22,22,22,23,26
2991,122,WEST GREGG SUD,MUNICIPAL,D,SMITH,Y,CARRIZO-WILCOX AQUIFER | SMITH,132,132,132,132,132,132
2992,368,WEST TRAVIS COUNTY PUBLIC UTILITY AGENCY,MUNICIPAL,K,HAYS,Y,HIGHLAND LAKES LAKE/RESERVOIR SYSTEM,5193,5573,6097,6671,7063,7334
2992,368,WEST TRAVIS COUNTY PUBLIC UTILITY AGENCY,MUNICIPAL,K,TRAVIS,Y,HIGHLAND LAKES LAKE/RESERVOIR SYSTEM,8161,7739,7155,6499,6014,5638
2993,810,WEST WISE SUD,MUNICIPAL,C,WISE,N,TRWD LAKE/RESERVOIR SYSTEM,413,399,398,384,376,375
2994,6,AGUA SUD,MUNICIPAL,M,HIDALGO,Y,AMISTAD-FALCON LAKE/RESERVOIR SYSTEM,8511,8512,8513,8513,8513,8514
2994,6,AGUA SUD,MUNICIPAL,M,STARR,Y,AMISTAD-FALCON LAKE/RESERVOIR SYSTEM,34,33,32,32,32,31
2995,54,ARMSTRONG WSC,MUNICIPAL,G,BELL,N,BRAZOS RIVER AUTHORITY LITTLE RIVER LAKE/RESERVOIR SYSTEM,1173,1173,1173,1173,1173,1173
2995,755,ARMSTRONG WSC,MUNICIPAL,G,BELL,N,TRINITY AQUIFER | BELL,437,432,432,432,432,432
2997,299,BRAZORIA COUNTY MUD 21,MUNICIPAL,H,BRAZORIA,N,GULF COAST AQUIFER SYSTEM | BRAZORIA,659,656,647,648,647,639
2998,299,BRAZORIA COUNTY MUD 6,MUNICIPAL,H,BRAZORIA,N,GULF COAST AQUIFER SYSTEM | BRAZORIA,1531,1626,1641,1693,1731,1756
2999,96,BRINKER WSC,MUNICIPAL,D,HOPKINS,N,CARRIZO-WILCOX AQUIFER | HOPKINS,251,251,251,252,253,253
2999,148,BRINKER WSC,MUNICIPAL,D,HOPKINS,N,CHAPMAN/COOPER LAKE/RESERVOIR NON-SYSTEM PORTION,77,77,77,77,77,77
3000,118,CHALK HILL SUD,MUNICIPAL,D,GREGG,Y,CARRIZO-WILCOX AQUIFER | RUSK,2,2,2,2,2,2
3000,118,CHALK HILL SUD,MUNICIPAL,I,RUSK,Y,CARRIZO-WILCOX AQUIFER | RUSK,232,222,211,199,186,174
3001,102,CONCORD-ROBBINS WSC,MUNICIPAL,H,LEON,N,CARRIZO-WILCOX AQUIFER | LEON,144,122,98,84,69,51
3001,630,CONCORD-ROBBINS WSC,MUNICIPAL,H,LEON,N,QUEEN CITY AQUIFER | LEON,96,81,66,56,45,35
3002,390,COPEVILLE WSC,MUNICIPAL,C,COLLIN,N,TRINITY INDIRECT REUSE,311,432,555,553,587,629
3002,738,COPEVILLE WSC,MUNICIPAL,C,COLLIN,N,TAWAKONI LAKE/RESERVOIR,19,26,33,33,34,36
3002,1068,COPEVILLE WSC,MUNICIPAL,C,COLLIN,N,NORTH TEXAS MWD LAKE/RESERVOIR SYSTEM,520,685,848,814,826,852
3003,453,CORBET WSC,MUNICIPAL,C,NAVARRO,N,NAVARRO MILLS LAKE/RESERVOIR,176,183,182,180,177,176
3003,652,CORBET WSC,MUNICIPAL,C,NAVARRO,N,CORSICANA RICHLAND CHAMBERS-HALBERT LAKE/RESERVOIR SYSTEM,35,37,36,36,36,35
3004,54,CORYELL CITY WATER SUPPLY DISTRICT,MUNICIPAL,G,CORYELL,Y,BRAZOS RIVER AUTHORITY LITTLE RIVER LAKE/RESERVOIR SYSTEM,1025,1121,1207,1297,1389,1377
3004,54,CORYELL CITY WATER SUPPLY DISTRICT,MUNICIPAL,G,HAMILTON,Y,BRAZOS RIVER AUTHORITY LITTLE RIVER LAKE/RESERVOIR SYSTEM,53,58,63,68,73,73
3004,54,CORYELL CITY WATER SUPPLY DISTRICT,MUNICIPAL,G,MCLENNAN,Y,BRAZOS RIVER AUTHORITY LITTLE RIVER LAKE/RESERVOIR SYSTEM,216,240,264,293,324,334
3004,767,CORYELL CITY WATER SUPPLY DISTRICT,MUNICIPAL,G,CORYELL,Y,TRINITY AQUIFER | CORYELL,66,66,66,65,65,64
3004,767,CORYELL CITY WATER SUPPLY DISTRICT,MUNICIPAL,G,HAMILTON,Y,TRINITY AQUIFER | CORYELL,3,3,3,3,3,3
3004,767,CORYELL CITY WATER SUPPLY DISTRICT,MUNICIPAL,G,MCLENNAN,Y,TRINITY AQUIFER | CORYELL,14,14,14,15,15,16
3005,118,CROSS ROADS SUD,MUNICIPAL,D,GREGG,Y,CARRIZO-WILCOX AQUIFER | RUSK,45,46,47,48,49,50
3005,118,CROSS ROADS SUD,MUNICIPAL,I,RUSK,Y,CARRIZO-WILCOX AQUIFER | RUSK,296,305,318,334,351,371
3005,279,CROSS ROADS SUD,MUNICIPAL,D,GREGG,Y,FORK LAKE/RESERVOIR,32,34,36,39,43,47
3005,279,CROSS ROADS SUD,MUNICIPAL,I,RUSK,Y,FORK LAKE/RESERVOIR,248,273,288,310,337,366
3006,313,DOBBIN PLANTERSVILLE WSC,MUNICIPAL,G,GRIMES,Y,GULF COAST AQUIFER SYSTEM | GRIMES,276,276,276,276,276,276
3006,330,DOBBIN PLANTERSVILLE WSC,MUNICIPAL,H,MONTGOMERY,Y,GULF COAST AQUIFER SYSTEM | MONTGOMERY,686,944,1135,1234,1246,1177
3007,82,EASTERN CASS WSC,MUNICIPAL,D,CASS,N,CARRIZO-WILCOX AQUIFER | CASS,619,619,619,619,619,619
3008,309,FORT BEND COUNTY MUD 116,MUNICIPAL,H,FORT BEND,N,GULF COAST AQUIFER SYSTEM | FORT BEND,950,1012,1012,1019,1025,1034
3009,309,FORT BEND COUNTY MUD 129,MUNICIPAL,H,FORT BEND,N,GULF COAST AQUIFER SYSTEM | FORT BEND,4,14,19,27,37,61
3009,655,FORT BEND COUNTY MUD 129,MUNICIPAL,H,FORT BEND,N,BRAZOS RUN-OF-RIVER,1295,1295,1295,1295,1295,1295
3010,131,FOUKE WSC,MUNICIPAL,D,UPSHUR,Y,CARRIZO-WILCOX AQUIFER | WOOD,13,12,12,12,11,11
3010,131,FOUKE WSC,MUNICIPAL,D,WOOD,Y,CARRIZO-WILCOX AQUIFER | WOOD,1011,1012,1012,1012,1013,1013
3011,313,G & W WSC,MUNICIPAL,G,GRIMES,Y,GULF COAST AQUIFER SYSTEM | GRIMES,436,568,669,779,871,952
3011,344,G & W WSC,MUNICIPAL,H,MONTGOMERY,Y,GULF COAST AQUIFER SYSTEM | WALLER,4,5,7,8,9,10
3011,344,G & W WSC,MUNICIPAL,H,WALLER,Y,GULF COAST AQUIFER SYSTEM | WALLER,735,747,759,770,778,791
3012,131,GOLDEN WSC,MUNICIPAL,D,RAINS,Y,CARRIZO-WILCOX AQUIFER | WOOD,13,15,14,13,13,13
3012,131,GOLDEN WSC,MUNICIPAL,D,VAN ZANDT,Y,CARRIZO-WILCOX AQUIFER | WOOD,134,141,151,158,164,170
3012,131,GOLDEN WSC,MUNICIPAL,D,WOOD,Y,CARRIZO-WILCOX AQUIFER | WOOD,496,487,478,472,466,460
3013,315,GREENWOOD UD,MUNICIPAL,H,HARRIS,N,GULF COAST AQUIFER SYSTEM | HARRIS,145,145,145,145,144,144
3013,410,GREENWOOD UD,MUNICIPAL,H,HARRIS,N,LIVINGSTON-WALLISVILLE LAKE/RESERVOIR SYSTEM,578,579,579,579,574,575
3014,53,HILL COUNTY WSC,MUNICIPAL,G,HILL,N,BRAZOS RIVER AUTHORITY AQUILLA LAKE/RESERVOIR SYSTEM,230,230,230,230,220,210
3014,780,HILL COUNTY WSC,MUNICIPAL,G,HILL,N,TRINITY AQUIFER | HILL,586,588,586,588,586,586
3015,131,LIBERTY UTILITIES SILVERLEAF WATER,MUNICIPAL,D,WOOD,Y,CARRIZO-WILCOX AQUIFER | WOOD,817,794,778,767,757,748
3015,131,LIBERTY UTILITIES SILVERLEAF WATER,MUNICIPAL,I,SMITH,Y,CARRIZO-WILCOX AQUIFER | WOOD,201,224,240,251,261,270
3016,131,JONES WSC,MUNICIPAL,D,HOPKINS,Y,CARRIZO-WILCOX AQUIFER | WOOD,19,17,17,17,15,15
3016,131,JONES WSC,MUNICIPAL,D,WOOD,Y,CARRIZO-WILCOX AQUIFER | WOOD,938,940,940,940,942,942
3017,169,KENDALL COUNTY WCID 1,MUNICIPAL,L,KENDALL,N,DIRECT REUSE,227,227,227,227,227,227
3017,786,KENDALL COUNTY WCID 1,MUNICIPAL,L,KENDALL,N,TRINITY AQUIFER | KENDALL,500,500,500,500,500,500
3018,840,KENTUCKYTOWN WSC,MUNICIPAL,C,GRAYSON,N,WOODBINE AQUIFER | GRAYSON,345,376,404,428,456,485
3019,315,KINGS MANOR MUD,MUNICIPAL,H,HARRIS,Y,GULF COAST AQUIFER SYSTEM | HARRIS,15,7,7,7,7,7
3019,315,KINGS MANOR MUD,MUNICIPAL,H,MONTGOMERY,Y,GULF COAST AQUIFER SYSTEM | HARRIS,43,22,22,22,22,22
3019,330,KINGS MANOR MUD,MUNICIPAL,H,HARRIS,Y,GULF COAST AQUIFER SYSTEM | MONTGOMERY,103,86,74,67,64,60
3019,330,KINGS MANOR MUD,MUNICIPAL,H,MONTGOMERY,Y,GULF COAST AQUIFER SYSTEM | MONTGOMERY,292,249,221,205,196,190
3022,787,KERRVILLE SOUTH WATER,MUNICIPAL,J,KERR,N,TRINITY AQUIFER | KERR,387,387,387,387,387,387
3023,330,MONTGOMERY COUNTY MUD 89,MUNICIPAL,H,MONTGOMERY,N,GULF COAST AQUIFER SYSTEM | MONTGOMERY,906,774,688,641,622,604
3025,330,MONTGOMERY COUNTY MUD 83,MUNICIPAL,H,MONTGOMERY,N,GULF COAST AQUIFER SYSTEM | MONTGOMERY,384,335,299,279,269,260
3026,315,MOUNT HOUSTON ROAD MUD,MUNICIPAL,H,HARRIS,N,GULF COAST AQUIFER SYSTEM | HARRIS,760,610,611,611,610,609
3027,766,MOUNTAIN SPRINGS WSC,MUNICIPAL,C,COOKE,Y,TRINITY AQUIFER | COOKE,317,317,319,317,315,312
3027,766,MOUNTAIN SPRINGS WSC,MUNICIPAL,C,DENTON,Y,TRINITY AQUIFER | COOKE,11,14,17,20,23,27
3028,54,MULTI COUNTY WSC,MUNICIPAL,G,CORYELL,Y,BRAZOS RIVER AUTHORITY LITTLE RIVER LAKE/RESERVOIR SYSTEM,202,206,209,212,214,214
3028,54,MULTI COUNTY WSC,MUNICIPAL,G,HAMILTON,Y,BRAZOS RIVER AUTHORITY LITTLE RIVER LAKE/RESERVOIR SYSTEM,43,39,36,33,31,31
3029,131,NEW HOPE SUD,MUNICIPAL,D,WOOD,N,CARRIZO-WILCOX AQUIFER | WOOD,366,366,366,366,366,366
3030,658,NORTHTOWN MUD,MUNICIPAL,K,TRAVIS,N,COLORADO RUN-OF-RIVER,665,0,0,0,0,0
3031,333,ORANGEFIELD WSC,MUNICIPAL,I,ORANGE,N,GULF COAST AQUIFER SYSTEM | ORANGE,917,1043,1193,1365,1561,1786
3032,55,PARKER COUNTY SUD,MUNICIPAL,C,PARKER,N,BRAZOS RIVER AUTHORITY MAIN STEM LAKE/RESERVOIR SYSTEM,1000,1000,1000,1000,1000,1000
3032,602,PARKER COUNTY SUD,MUNICIPAL,C,PARKER,N,PALO PINTO LAKE/RESERVOIR,448,448,448,448,448,448
3032,798,PARKER COUNTY SUD,MUNICIPAL,C,PARKER,N,TRINITY AQUIFER | PARKER,36,36,36,36,36,36
3032,1076,PARKER COUNTY SUD,MUNICIPAL,C,PARKER,N,BRA SYSTEM OPERATIONS PERMIT SUPPLY,100,100,100,100,100,100
3033,55,POSSUM KINGDOM WSC,MUNICIPAL,G,PALO PINTO,Y,BRAZOS RIVER AUTHORITY MAIN STEM LAKE/RESERVOIR SYSTEM,673,672,669,665,661,657
3033,55,POSSUM KINGDOM WSC,MUNICIPAL,G,STEPHENS,Y,BRAZOS RIVER AUTHORITY MAIN STEM LAKE/RESERVOIR SYSTEM,6,3,1,1,0,0
3034,163,RINCON WSC,MUNICIPAL,N,ARANSAS,Y,CORPUS CHRISTI-CHOKE CANYON LAKE/RESERVOIR SYSTEM,1,1,1,1,1,1
3034,163,RINCON WSC,MUNICIPAL,N,SAN PATRICIO,Y,CORPUS CHRISTI-CHOKE CANYON LAKE/RESERVOIR SYSTEM,189,198,202,201,199,198
3034,742,RINCON WSC,MUNICIPAL,N,ARANSAS,Y,TEXANA LAKE/RESERVOIR,1,1,1,1,1,1
3034,742,RINCON WSC,MUNICIPAL,N,SAN PATRICIO,Y,TEXANA LAKE/RESERVOIR,189,198,203,201,200,198
3035,390,ROSE HILL SUD,MUNICIPAL,C,KAUFMAN,N,TRINITY INDIRECT REUSE,138,146,149,156,164,176
3035,738,ROSE HILL SUD,MUNICIPAL,C,KAUFMAN,N,TAWAKONI LAKE/RESERVOIR,8,9,9,9,10,10
3035,1068,ROSE HILL SUD,MUNICIPAL,C,KAUFMAN,N,NORTH TEXAS MWD LAKE/RESERVOIR SYSTEM,229,229,229,230,230,238
3036,315,SAGEMEADOW UD,MUNICIPAL,H,HARRIS,N,GULF COAST AQUIFER SYSTEM | HARRIS,160,161,160,159,161,164
3036,410,SAGEMEADOW UD,MUNICIPAL,H,HARRIS,N,LIVINGSTON-WALLISVILLE LAKE/RESERVOIR SYSTEM,875,870,872,875,874,873
3037,64,SAN ANTONIO WATER SYSTEM,MUNICIPAL,L,ATASCOSA,Y,CANYON LAKE/RESERVOIR,6,0,0,0,0,0
3037,64,SAN ANTONIO WATER SYSTEM,MUNICIPAL,L,BEXAR,Y,CANYON LAKE/RESERVOIR,4972,3962,3962,0,0,0
3037,64,SAN ANTONIO WATER SYSTEM,MUNICIPAL,L,COMAL,Y,CANYON LAKE/RESERVOIR,6,4,4,0,0,0
3037,64,SAN ANTONIO WATER SYSTEM,MUNICIPAL,L,MEDINA,Y,CANYON LAKE/RESERVOIR,16,34,34,0,0,0
3037,76,SAN ANTONIO WATER SYSTEM,MUNICIPAL,L,ATASCOSA,Y,CARRIZO-WILCOX AQUIFER | BEXAR,55,51,50,50,50,50
3037,76,SAN ANTONIO WATER SYSTEM,MUNICIPAL,L,BEXAR,Y,CARRIZO-WILCOX AQUIFER | BEXAR,20990,20889,20889,20889,20889,20899
3037,76,SAN ANTONIO WATER SYSTEM,MUNICIPAL,L,COMAL,Y,CARRIZO-WILCOX AQUIFER | BEXAR,22,20,20,20,20,20
3037,76,SAN ANTONIO WATER SYSTEM,MUNICIPAL,L,MEDINA,Y,CARRIZO-WILCOX AQUIFER | BEXAR,70,177,178,178,178,168
3037,79,SAN ANTONIO WATER SYSTEM,MUNICIPAL,L,ATASCOSA,Y,CARRIZO-WILCOX AQUIFER | BURLESON,130,121,118,118,118,119
3037,79,SAN ANTONIO WATER SYSTEM,MUNICIPAL,L,BEXAR,Y,CARRIZO-WILCOX AQUIFER | BURLESON,49665,49422,49424,49424,49423,49451
3037,79,SAN ANTONIO WATER SYSTEM,MUNICIPAL,L,COMAL,Y,CARRIZO-WILCOX AQUIFER | BURLESON,51,48,48,48,48,45
3037,79,SAN ANTONIO WATER SYSTEM,MUNICIPAL,L,MEDINA,Y,CARRIZO-WILCOX AQUIFER | BURLESON,165,420,421,421,422,396
3037,90,SAN ANTONIO WATER SYSTEM,MUNICIPAL,L,ATASCOSA,Y,CARRIZO-WILCOX AQUIFER | GONZALES,30,28,27,28,28,28
3037,90,SAN ANTONIO WATER SYSTEM,MUNICIPAL,L,BEXAR,Y,CARRIZO-WILCOX AQUIFER | GONZALES,14893,14818,14819,12045,12044,12053
3037,90,SAN ANTONIO WATER SYSTEM,MUNICIPAL,L,COMAL,Y,CARRIZO-WILCOX AQUIFER | GONZALES,15,15,15,12,12,11
3037,90,SAN ANTONIO WATER SYSTEM,MUNICIPAL,L,MEDINA,Y,CARRIZO-WILCOX AQUIFER | GONZALES,50,127,127,103,104,96
3037,169,SAN ANTONIO WATER SYSTEM,MUNICIPAL,L,ATASCOSA,Y,DIRECT REUSE,79,85,83,82,83,83
3037,169,SAN ANTONIO WATER SYSTEM,MUNICIPAL,L,BEXAR,Y,DIRECT REUSE,29792,34588,34589,34589,34588,34608
3037,169,SAN ANTONIO WATER SYSTEM,MUNICIPAL,L,COMAL,Y,DIRECT REUSE,30,33,34,34,34,32
3037,169,SAN ANTONIO WATER SYSTEM,MUNICIPAL,L,MEDINA,Y,DIRECT REUSE,99,294,294,295,295,277
3037,209,SAN ANTONIO WATER SYSTEM,MUNICIPAL,L,ATASCOSA,Y,EDWARDS-BFZ AQUIFER | BEXAR,374,348,338,338,339,342
3037,209,SAN ANTONIO WATER SYSTEM,MUNICIPAL,L,BEXAR,Y,EDWARDS-BFZ AQUIFER | BEXAR,142632,141935,141942,141940,141938,142019
3037,209,SAN ANTONIO WATER SYSTEM,MUNICIPAL,L,COMAL,Y,EDWARDS-BFZ AQUIFER | BEXAR,146,139,139,140,139,130
3037,209,SAN ANTONIO WATER SYSTEM,MUNICIPAL,L,MEDINA,Y,EDWARDS-BFZ AQUIFER | BEXAR,475,1205,1208,1209,1211,1136
3037,756,SAN ANTONIO WATER SYSTEM,MUNICIPAL,L,BEXAR,Y,TRINITY AQUIFER | BEXAR,3025,1028,1028,1028,1028,1029
3037,756,SAN ANTONIO WATER SYSTEM,MUNICIPAL,L,COMAL,Y,TRINITY AQUIFER | BEXAR,3,1,1,1,1,1
3037,756,SAN ANTONIO WATER SYSTEM,MUNICIPAL,L,MEDINA,Y,TRINITY AQUIFER | BEXAR,10,9,9,9,9,8
3037,1088,SAN ANTONIO WATER SYSTEM,MUNICIPAL,L,ATASCOSA,Y,CARRIZO-AQUIFER ASR | BEXAR,134,125,122,122,122,123
3037,1088,SAN ANTONIO WATER SYSTEM,MUNICIPAL,L,BEXAR,Y,CARRIZO-AQUIFER ASR | BEXAR,50048,49804,49805,49806,49805,49832
3037,1088,SAN ANTONIO WATER SYSTEM,MUNICIPAL,L,COMAL,Y,CARRIZO-AQUIFER ASR | BEXAR,51,48,49,48,48,46
3037,1088,SAN ANTONIO WATER SYSTEM,MUNICIPAL,L,MEDINA,Y,CARRIZO-AQUIFER ASR | BEXAR,167,423,424,424,425,399
3037,1125,SAN ANTONIO WATER SYSTEM,MUNICIPAL,L,BEXAR,Y,SAN ANTONIO INDIRECT REUSE,5000,5000,5000,5000,5000,5000
3038,6,ZAPATA COUNTY SAN YGNACIO & RAMIREÑO,MUNICIPAL,M,ZAPATA,N,AMISTAD-FALCON LAKE/RESERVOIR SYSTEM,284,284,284,284,284,284
3039,326,TARKINGTON SUD,MUNICIPAL,H,LIBERTY,N,GULF COAST AQUIFER SYSTEM | LIBERTY,565,573,589,603,621,636
3040,76,THE OAKS WSC,MUNICIPAL,L,BEXAR,N,CARRIZO-WILCOX AQUIFER | BEXAR,10,10,10,10,10,10
3040,79,THE OAKS WSC,MUNICIPAL,L,BEXAR,N,CARRIZO-WILCOX AQUIFER | BURLESON,10,10,10,10,10,10
3040,209,THE OAKS WSC,MUNICIPAL,L,BEXAR,N,EDWARDS-BFZ AQUIFER | BEXAR,30,30,30,30,30,30
3040,756,THE OAKS WSC,MUNICIPAL,L,BEXAR,N,TRINITY AQUIFER | BEXAR,120,120,120,120,120,120
3041,390,TALTY SUD,MUNICIPAL,C,KAUFMAN,N,TRINITY INDIRECT REUSE,652,640,824,1073,1405,1603
3041,738,TALTY SUD,MUNICIPAL,C,KAUFMAN,N,TAWAKONI LAKE/RESERVOIR,40,38,49,63,82,93
3041,1068,TALTY SUD,MUNICIPAL,C,KAUFMAN,N,NORTH TEXAS MWD LAKE/RESERVOIR SYSTEM,1085,1011,1256,1577,1977,2168
3042,368,TRAVIS COUNTY MUD 4,MUNICIPAL,K,TRAVIS,N,HIGHLAND LAKES LAKE/RESERVOIR SYSTEM,3524,3524,3524,3524,3524,3524
3043,368,TRAVIS COUNTY WCID 10,MUNICIPAL,K,TRAVIS,N,HIGHLAND LAKES LAKE/RESERVOIR SYSTEM,3644,3644,3644,3644,3644,3644
3044,6,UNION WSC,MUNICIPAL,M,STARR,N,AMISTAD-FALCON LAKE/RESERVOIR SYSTEM,542,542,542,542,542,542
3045,122,WALNUT GROVE WSC,MUNICIPAL,I,CHEROKEE,Y,CARRIZO-WILCOX AQUIFER | SMITH,6,5,5,5,4,4
3045,122,WALNUT GROVE WSC,MUNICIPAL,I,SMITH,Y,CARRIZO-WILCOX AQUIFER | SMITH,727,728,728,728,729,729
3045,600,WALNUT GROVE WSC,MUNICIPAL,I,CHEROKEE,Y,PALESTINE LAKE/RESERVOIR,6,6,5,5,5,4
3045,600,WALNUT GROVE WSC,MUNICIPAL,I,SMITH,Y,PALESTINE LAKE/RESERVOIR,750,752,756,759,761,765
3045,815,WALNUT GROVE WSC,MUNICIPAL,I,CHEROKEE,Y,TYLER LAKE/RESERVOIR,6,5,5,5,4,4
3045,815,WALNUT GROVE WSC,MUNICIPAL,I,SMITH,Y,TYLER LAKE/RESERVOIR,733,732,729,726,725,722
3046,330,WESTWOOD NORTH WSC,MUNICIPAL,H,MONTGOMERY,N,GULF COAST AQUIFER SYSTEM | MONTGOMERY,574,504,495,453,423,467
3047,54,WILLIAMSON COUNTY MUD 10,MUNICIPAL,G,WILLIAMSON,N,BRAZOS RIVER AUTHORITY LITTLE RIVER LAKE/RESERVOIR SYSTEM,722,721,720,719,718,718
3048,54,WILLIAMSON COUNTY MUD 11,MUNICIPAL,G,WILLIAMSON,N,BRAZOS RIVER AUTHORITY LITTLE RIVER LAKE/RESERVOIR SYSTEM,816,816,817,818,820,820
3049,54,VISTA OAKS MUD,MUNICIPAL,G,WILLIAMSON,N,BRAZOS RIVER AUTHORITY LITTLE RIVER LAKE/RESERVOIR SYSTEM,548,541,538,536,536,536
3051,122,WRIGHT CITY WSC,MUNICIPAL,I,CHEROKEE,Y,CARRIZO-WILCOX AQUIFER | SMITH,47,46,46,45,43,43
3051,122,WRIGHT CITY WSC,MUNICIPAL,I,RUSK,Y,CARRIZO-WILCOX AQUIFER | SMITH,23,22,21,20,18,17
3051,122,WRIGHT CITY WSC,MUNICIPAL,I,SMITH,Y,CARRIZO-WILCOX AQUIFER | SMITH,193,199,206,213,220,228
3052,6,ZAPATA COUNTY,MUNICIPAL,M,ZAPATA,N,AMISTAD-FALCON LAKE/RESERVOIR SYSTEM,2334,2334,2334,2334,2334,2334
3053,132,ZAVALA COUNTY WCID 1,MUNICIPAL,L,ZAVALA,N,CARRIZO-WILCOX AQUIFER | ZAVALA,1340,1340,1340,1340,1340,1340
3054,79,DEANVILLE WSC,MUNICIPAL,G,BURLESON,N,CARRIZO-WILCOX AQUIFER | BURLESON,651,659,659,659,659,659
3055,148,DENTON COUNTY FWSD 7,MUNICIPAL,C,DENTON,N,CHAPMAN/COOPER LAKE/RESERVOIR NON-SYSTEM PORTION,360,251,174,156,139,125
3055,390,DENTON COUNTY FWSD 7,MUNICIPAL,C,DENTON,N,TRINITY INDIRECT REUSE,108,100,88,78,69,63
3055,646,DENTON COUNTY FWSD 7,MUNICIPAL,C,DENTON,N,RALPH HALL LAKE/RESERVOIR,1294,919,659,601,546,507
3055,650,DENTON COUNTY FWSD 7,MUNICIPAL,C,DENTON,N,RAY ROBERTS-LEWISVILLE-GRAPEVINE LAKE/RESERVOIR SYSTEM,1424,1148,914,821,731,664
3056,148,PROVIDENCE VILLAGE WCID,MUNICIPAL,C,DENTON,N,CHAPMAN/COOPER LAKE/RESERVOIR NON-SYSTEM PORTION,103,67,46,41,36,34
3056,390,PROVIDENCE VILLAGE WCID,MUNICIPAL,C,DENTON,N,TRINITY INDIRECT REUSE,31,27,24,21,19,17
3056,646,PROVIDENCE VILLAGE WCID,MUNICIPAL,C,DENTON,N,RALPH HALL LAKE/RESERVOIR,368,247,177,162,147,136
3056,650,PROVIDENCE VILLAGE WCID,MUNICIPAL,C,DENTON,N,RAY ROBERTS-LEWISVILLE-GRAPEVINE LAKE/RESERVOIR SYSTEM,405,308,246,221,197,178
3057,148,DENTON COUNTY FWSD 10,MUNICIPAL,C,DENTON,N,CHAPMAN/COOPER LAKE/RESERVOIR NON-SYSTEM PORTION,131,85,60,54,47,43
3057,390,DENTON COUNTY FWSD 10,MUNICIPAL,C,DENTON,N,TRINITY INDIRECT REUSE,39,35,30,26,24,22
3057,646,DENTON COUNTY FWSD 10,MUNICIPAL,C,DENTON,N,RALPH HALL LAKE/RESERVOIR,469,315,226,206,187,174
3057,650,DENTON COUNTY FWSD 10,MUNICIPAL,C,DENTON,N,RAY ROBERTS-LEWISVILLE-GRAPEVINE LAKE/RESERVOIR SYSTEM,516,394,314,282,251,227
3058,390,WYLIE NORTHEAST SUD,MUNICIPAL,C,COLLIN,N,TRINITY INDIRECT REUSE,620,673,724,704,686,666
3058,738,WYLIE NORTHEAST SUD,MUNICIPAL,C,COLLIN,N,TAWAKONI LAKE/RESERVOIR,38,40,43,42,40,39
3058,1068,WYLIE NORTHEAST SUD,MUNICIPAL,C,COLLIN,N,NORTH TEXAS MWD LAKE/RESERVOIR SYSTEM,1032,1063,1105,1034,965,900
3059,163,NUECES WSC,MUNICIPAL,N,NUECES,N,CORPUS CHRISTI-CHOKE CANYON LAKE/RESERVOIR SYSTEM,493,498,499,498,497,496
3059,742,NUECES WSC,MUNICIPAL,N,NUECES,N,TEXANA LAKE/RESERVOIR,493,499,500,499,497,496
3060,390,SEIS LAGOS UD,MUNICIPAL,C,COLLIN,N,TRINITY INDIRECT REUSE,220,187,172,161,158,153
3060,738,SEIS LAGOS UD,MUNICIPAL,C,COLLIN,N,TAWAKONI LAKE/RESERVOIR,14,11,10,10,9,9
3060,1068,SEIS LAGOS UD,MUNICIPAL,C,COLLIN,N,NORTH TEXAS MWD LAKE/RESERVOIR SYSTEM,365,295,261,238,220,207
3061,169,HARRIS COUNTY MUD 278,MUNICIPAL,H,HARRIS,N,DIRECT REUSE,9,9,9,9,9,9
3061,315,HARRIS COUNTY MUD 278,MUNICIPAL,H,HARRIS,N,GULF COAST AQUIFER SYSTEM | HARRIS,939,752,765,769,772,773
3061,372,HARRIS COUNTY MUD 278,MUNICIPAL,H,HARRIS,N,HOUSTON LAKE/RESERVOIR,836,836,836,836,836,836
3062,315,HARRIS COUNTY MUD 400,MUNICIPAL,H,HARRIS,N,GULF COAST AQUIFER SYSTEM | HARRIS,1511,1212,1230,1237,1248,1251
3062,372,HARRIS COUNTY MUD 400,MUNICIPAL,H,HARRIS,N,HOUSTON LAKE/RESERVOIR,1050,1050,1050,1050,1050,1050
3063,315,HARRIS COUNTY MUD 49,MUNICIPAL,H,HARRIS,N,GULF COAST AQUIFER SYSTEM | HARRIS,827,664,674,678,679,679
3063,372,HARRIS COUNTY MUD 49,MUNICIPAL,H,HARRIS,N,HOUSTON LAKE/RESERVOIR,366,366,366,366,366,366
3064,315,HARRIS COUNTY MUD 96,MUNICIPAL,H,HARRIS,N,GULF COAST AQUIFER SYSTEM | HARRIS,279,139,149,152,153,155
3064,372,HARRIS COUNTY MUD 96,MUNICIPAL,H,HARRIS,N,HOUSTON LAKE/RESERVOIR,418,555,594,610,614,618
3065,315,HARRIS COUNTY MUD 148,MUNICIPAL,H,HARRIS,N,GULF COAST AQUIFER SYSTEM | HARRIS,119,121,133,139,139,139
3065,372,HARRIS COUNTY MUD 148,MUNICIPAL,H,HARRIS,N,HOUSTON LAKE/RESERVOIR,475,484,532,555,556,558
3066,315,HARRIS COUNTY WCID 74,MUNICIPAL,H,HARRIS,N,GULF COAST AQUIFER SYSTEM | HARRIS,671,538,542,543,541,541
3067,315,KIRKMONT MUD,MUNICIPAL,H,HARRIS,N,GULF COAST AQUIFER SYSTEM | HARRIS,78,80,79,78,79,79
3067,410,KIRKMONT MUD,MUNICIPAL,H,HARRIS,N,LIVINGSTON-WALLISVILLE LAKE/RESERVOIR SYSTEM,314,319,317,314,315,316
3068,315,NEWPORT MUD,MUNICIPAL,H,HARRIS,N,GULF COAST AQUIFER SYSTEM | HARRIS,516,308,331,343,358,358
3068,672,NEWPORT MUD,MUNICIPAL,H,HARRIS,N,SAN JACINTO RUN-OF-RIVER,2072,2072,2072,2072,2072,2072
3069,315,THE COMMONS WATER SUPPLY,MUNICIPAL,H,HARRIS,N,GULF COAST AQUIFER SYSTEM | HARRIS,520,416,416,416,416,416
3070,309,FORT BEND COUNTY MUD 121,MUNICIPAL,H,FORT BEND,N,GULF COAST AQUIFER SYSTEM | FORT BEND,183,182,182,182,182,182
3071,315,HARRIS COUNTY MUD 106,MUNICIPAL,H,HARRIS,N,GULF COAST AQUIFER SYSTEM | HARRIS,614,621,643,654,679,688
3072,315,HARRIS COUNTY MUD 290,MUNICIPAL,H,HARRIS,N,GULF COAST AQUIFER SYSTEM | HARRIS,1150,1173,1242,1271,1312,1327
3073,315,HARRIS COUNTY MUD 221,MUNICIPAL,H,HARRIS,N,GULF COAST AQUIFER SYSTEM | HARRIS,532,426,428,429,431,432
3074,169,HARRIS COUNTY WCID 96,MUNICIPAL,H,HARRIS,N,DIRECT REUSE,83,83,83,83,83,83
3074,315,HARRIS COUNTY WCID 96,MUNICIPAL,H,HARRIS,N,GULF COAST AQUIFER SYSTEM | HARRIS,598,304,345,358,351,352
3074,372,HARRIS COUNTY WCID 96,MUNICIPAL,H,HARRIS,N,HOUSTON LAKE/RESERVOIR,2464,2464,2464,2464,2464,2464
3075,330,MONTGOMERY COUNTY MUD 15,MUNICIPAL,H,MONTGOMERY,N,GULF COAST AQUIFER SYSTEM | MONTGOMERY,354,301,260,239,229,221
3076,145,GREATER GARDENDALE WSC,MUNICIPAL,F,ECTOR,Y,EDWARDS-TRINITY-PLATEAU AND PECOS VALLEY AQUIFERS | WARD,43,92,180,169,166,162
3076,145,GREATER GARDENDALE WSC,MUNICIPAL,F,MIDLAND,Y,EDWARDS-TRINITY-PLATEAU AND PECOS VALLEY AQUIFERS | WARD,27,61,125,121,121,121
3076,158,GREATER GARDENDALE WSC,MUNICIPAL,F,ECTOR,Y,COLORADO RIVER MWD LAKE/RESERVOIR SYSTEM,15,31,63,64,64,65
3076,158,GREATER GARDENDALE WSC,MUNICIPAL,F,MIDLAND,Y,COLORADO RIVER MWD LAKE/RESERVOIR SYSTEM,9,21,44,46,47,49
3076,169,GREATER GARDENDALE WSC,MUNICIPAL,F,ECTOR,Y,DIRECT REUSE,2,4,9,10,10,10
3076,169,GREATER GARDENDALE WSC,MUNICIPAL,F,MIDLAND,Y,DIRECT REUSE,1,3,6,7,7,8
3076,229,GREATER GARDENDALE WSC,MUNICIPAL,F,ECTOR,Y,"EDWARDS-TRINITY-PLATEAU, PECOS VALLEY, AND TRINITY AQUIFERS | ECTOR",181,139,0,0,0,0
3076,229,GREATER GARDENDALE WSC,MUNICIPAL,F,MIDLAND,Y,"EDWARDS-TRINITY-PLATEAU, PECOS VALLEY, AND TRINITY AQUIFERS | ECTOR",113,92,0,0,0,0
3076,492,GREATER GARDENDALE WSC,MUNICIPAL,F,ECTOR,Y,OGALLALA AND EDWARDS-TRINITY-HIGH PLAINS AQUIFERS | MARTIN,1,2,4,4,4,4
3076,492,GREATER GARDENDALE WSC,MUNICIPAL,F,MIDLAND,Y,OGALLALA AND EDWARDS-TRINITY-HIGH PLAINS AQUIFERS | MARTIN,1,1,3,3,3,3
3077,854,RIVERBEND WATER RESOURCES DISTRICT,MUNICIPAL,D,BOWIE,N,WRIGHT PATMAN LAKE/RESERVOIR,0,0,0,0,0,0
3078,78,TEXAS A&M UNIVERSITY,MUNICIPAL,G,BRAZOS,N,CARRIZO-WILCOX AQUIFER | BRAZOS,5146,5397,5397,5397,5397,5397
3078,712,TEXAS A&M UNIVERSITY,MUNICIPAL,G,BRAZOS,N,SPARTA AQUIFER | BRAZOS,920,1015,1015,1015,1015,1015
3079,148,PALOMA CREEK NORTH,MUNICIPAL,C,DENTON,N,CHAPMAN/COOPER LAKE/RESERVOIR NON-SYSTEM PORTION,135,89,62,55,48,45
3079,390,PALOMA CREEK NORTH,MUNICIPAL,C,DENTON,N,TRINITY INDIRECT REUSE,41,35,31,28,25,22
3079,646,PALOMA CREEK NORTH,MUNICIPAL,C,DENTON,N,RALPH HALL LAKE/RESERVOIR,485,326,234,213,194,180
3079,650,PALOMA CREEK NORTH,MUNICIPAL,C,DENTON,N,RAY ROBERTS-LEWISVILLE-GRAPEVINE LAKE/RESERVOIR SYSTEM,534,407,324,291,260,235
3081,315,NORTH CHANNEL WATER AUTHORITY,MUNICIPAL,H,HARRIS,N,GULF COAST AQUIFER SYSTEM | HARRIS,2526,2598,2739,2816,2820,2842
3081,410,NORTH CHANNEL WATER AUTHORITY,MUNICIPAL,H,HARRIS,N,LIVINGSTON-WALLISVILLE LAKE/RESERVOIR SYSTEM,8387,8742,9397,9741,9765,9858
3082,169,SIENNA PLANTATION,MUNICIPAL,H,FORT BEND,N,DIRECT REUSE,12,12,12,12,12,12
3082,309,SIENNA PLANTATION,MUNICIPAL,H,FORT BEND,N,GULF COAST AQUIFER SYSTEM | FORT BEND,23,105,229,284,345,428
3082,655,SIENNA PLANTATION,MUNICIPAL,H,FORT BEND,N,BRAZOS RUN-OF-RIVER,8315,8315,8315,8315,8315,8315
3085,555,"MINING, KING",MINING,B,KING,N,OTHER AQUIFER | KING,4,4,4,4,4,4
3090,1090,"MINING, ARCHER",MINING,B,ARCHER,N,CROSS TIMBERS AQUIFER | ARCHER,1,1,1,1,1,1
3091,476,"MINING, FLOYD",MINING,O,FLOYD,N,OGALLALA AND EDWARDS-TRINITY-HIGH PLAINS AQUIFERS | FLOYD,10,10,10,10,10,10
3094,981,"MINING, HARTLEY",MINING,A,HARTLEY,N,OGALLALA AND RITA BLANCA AQUIFERS | HARTLEY,85,85,85,85,85,85
3096,484,"MINING, HEMPHILL",MINING,A,HEMPHILL,N,OGALLALA AQUIFER | HEMPHILL,1555,1555,1555,1555,1555,1555
3100,655,"IRRIGATION, CORYELL",IRRIGATION,G,CORYELL,N,BRAZOS RUN-OF-RIVER,530,514,499,483,468,452
3100,767,"IRRIGATION, CORYELL",IRRIGATION,G,CORYELL,N,TRINITY AQUIFER | CORYELL,516,516,516,516,516,516
3102,660,"IRRIGATION, TITUS",IRRIGATION,D,TITUS,N,CYPRESS RUN-OF-RIVER,3,3,3,3,3,3
3102,674,"IRRIGATION, TITUS",IRRIGATION,D,TITUS,N,SULPHUR RUN-OF-RIVER,1196,1196,1196,1196,1196,1196
3103,669,"IRRIGATION, RAINS",IRRIGATION,D,RAINS,N,SABINE RUN-OF-RIVER,57,57,57,57,57,57
3104,660,"IRRIGATION, GREGG",IRRIGATION,D,GREGG,N,CYPRESS RUN-OF-RIVER,40,40,40,40,40,40
3104,669,"IRRIGATION, GREGG",IRRIGATION,D,GREGG,N,SABINE RUN-OF-RIVER,147,147,147,147,147,147
3105,674,"IRRIGATION, FRANKLIN",IRRIGATION,D,FRANKLIN,N,SULPHUR RUN-OF-RIVER,307,307,307,307,307,307
3106,675,"IRRIGATION, NAVARRO",IRRIGATION,C,NAVARRO,N,TRINITY RUN-OF-RIVER,535,535,535,535,535,535
3107,169,"IRRIGATION, JACK",IRRIGATION,C,JACK,N,DIRECT REUSE,25,25,25,25,25,25
3107,1071,"IRRIGATION, JACK",IRRIGATION,C,JACK,N,CROSS TIMBERS AQUIFER | JACK,59,59,59,59,59,59
3111,318,"IRRIGATION, JASPER",IRRIGATION,I,JASPER,N,GULF COAST AQUIFER SYSTEM | JASPER,210,210,210,210,210,210
3111,663,"IRRIGATION, JASPER",IRRIGATION,I,JASPER,N,NECHES RUN-OF-RIVER,93,93,93,93,93,93
3112,114,"IRRIGATION, PANOLA",IRRIGATION,I,PANOLA,N,CARRIZO-WILCOX AQUIFER | PANOLA,917,917,917,917,917,917
3112,669,"IRRIGATION, PANOLA",IRRIGATION,I,PANOLA,N,SABINE RUN-OF-RIVER,152,152,152,152,152,152
3115,368,BRIARCLIFF,MUNICIPAL,K,TRAVIS,N,HIGHLAND LAKES LAKE/RESERVOIR SYSTEM,400,400,400,400,400,400
3124,12,EAST GARRETT WSC,MUNICIPAL,C,ELLIS,N,BARDWELL LAKE/RESERVOIR,284,327,364,395,423,447
3124,390,EAST GARRETT WSC,MUNICIPAL,C,ELLIS,N,TRINITY INDIRECT REUSE,7,42,90,145,205,226
3124,810,EAST GARRETT WSC,MUNICIPAL,C,ELLIS,N,TRWD LAKE/RESERVOIR SYSTEM,0,0,0,0,4,37
3127,169,HORSESHOE BAY,MUNICIPAL,K,BURNET,Y,DIRECT REUSE,94,97,101,100,99,99
3127,169,HORSESHOE BAY,MUNICIPAL,K,LLANO,Y,DIRECT REUSE,386,383,379,380,381,381
3127,368,HORSESHOE BAY,MUNICIPAL,K,BURNET,Y,HIGHLAND LAKES LAKE/RESERVOIR SYSTEM,398,398,398,398,398,398
3127,368,HORSESHOE BAY,MUNICIPAL,K,LLANO,Y,HIGHLAND LAKES LAKE/RESERVOIR SYSTEM,1827,1827,1827,1827,1827,1827
3133,88,BUTLER WSC,MUNICIPAL,C,FREESTONE,N,CARRIZO-WILCOX AQUIFER | FREESTONE,180,177,175,170,164,158
3134,368,TRAVIS COUNTY WCID POINT VENTURE,MUNICIPAL,K,TRAVIS,N,HIGHLAND LAKES LAKE/RESERVOIR SYSTEM,285,285,285,285,285,285
3136,386,SCOTLAND,MUNICIPAL,B,ARCHER,N,RED INDIRECT REUSE,67,66,65,65,65,64
3136,830,SCOTLAND,MUNICIPAL,B,ARCHER,N,LITTLE WICHITA RIVER LAKE/RESERVOIR SYSTEM,122,113,104,96,88,80
3137,90,SMILEY,MUNICIPAL,L,GONZALES,N,CARRIZO-WILCOX AQUIFER | GONZALES,117,117,117,117,117,117
3138,215,SUNSET VALLEY,MUNICIPAL,K,TRAVIS,N,EDWARDS-BFZ AQUIFER | TRAVIS,40,40,40,40,40,40
3138,658,SUNSET VALLEY,MUNICIPAL,K,TRAVIS,N,COLORADO RUN-OF-RIVER,286,0,0,0,0,0
3142,810,WESTLAKE,MUNICIPAL,C,TARRANT,N,TRWD LAKE/RESERVOIR SYSTEM,3036,3503,3896,4033,4225,4470
3143,309,FORT BEND COUNTY MUD 81,MUNICIPAL,H,FORT BEND,N,GULF COAST AQUIFER SYSTEM | FORT BEND,1525,1524,2223,2731,3008,3202
3146,81,BI COUNTY WSC,MUNICIPAL,D,CAMP,Y,CARRIZO-WILCOX AQUIFER | CAMP,937,937,937,937,937,937
3146,111,BI COUNTY WSC,MUNICIPAL,D,CAMP,Y,CARRIZO-WILCOX AQUIFER | MORRIS,50,50,50,50,50,50
3146,111,BI COUNTY WSC,MUNICIPAL,D,MORRIS,Y,CARRIZO-WILCOX AQUIFER | MORRIS,132,132,132,132,132,132
3146,123,BI COUNTY WSC,MUNICIPAL,D,CAMP,Y,CARRIZO-WILCOX AQUIFER | TITUS,50,50,50,50,50,50
3146,123,BI COUNTY WSC,MUNICIPAL,D,TITUS,Y,CARRIZO-WILCOX AQUIFER | TITUS,126,126,126,126,126,126
3146,125,BI COUNTY WSC,MUNICIPAL,D,CAMP,Y,CARRIZO-WILCOX AQUIFER | UPSHUR,50,50,50,50,50,50
3146,125,BI COUNTY WSC,MUNICIPAL,D,UPSHUR,Y,CARRIZO-WILCOX AQUIFER | UPSHUR,479,479,479,479,479,479
3147,368,BLOCK HOUSE MUD,MUNICIPAL,G,WILLIAMSON,N,HIGHLAND LAKES LAKE/RESERVOIR SYSTEM,1098,1098,1098,1098,1098,1098
3148,683,BOLIVAR PENINSULA SUD,MUNICIPAL,H,GALVESTON,N,SAM RAYBURN-STEINHAGEN LAKE/RESERVOIR SYSTEM,6000,6000,6000,6000,6000,6000
3149,115,BRIGHT STAR SALEM SUD,MUNICIPAL,D,RAINS,Y,CARRIZO-WILCOX AQUIFER | RAINS,344,344,344,344,344,344
3149,131,BRIGHT STAR SALEM SUD,MUNICIPAL,D,WOOD,Y,CARRIZO-WILCOX AQUIFER | WOOD,343,343,343,343,343,343
3149,279,BRIGHT STAR SALEM SUD,MUNICIPAL,D,RAINS,Y,FORK LAKE/RESERVOIR,432,423,418,405,394,384
3149,279,BRIGHT STAR SALEM SUD,MUNICIPAL,D,WOOD,Y,FORK LAKE/RESERVOIR,320,321,318,323,325,327
3150,64,CANYON LAKE WATER SERVICE,MUNICIPAL,K,BLANCO,Y,CANYON LAKE/RESERVOIR,25,25,24,23,22,22
3150,64,CANYON LAKE WATER SERVICE,MUNICIPAL,K,HAYS,Y,CANYON LAKE/RESERVOIR,61,59,57,56,56,56
3150,64,CANYON LAKE WATER SERVICE,MUNICIPAL,K,TRAVIS,Y,CANYON LAKE/RESERVOIR,60,58,57,56,55,56
3150,64,CANYON LAKE WATER SERVICE,MUNICIPAL,L,COMAL,Y,CANYON LAKE/RESERVOIR,7424,7427,7433,7437,7446,7450
3150,64,CANYON LAKE WATER SERVICE,MUNICIPAL,L,MEDINA,Y,CANYON LAKE/RESERVOIR,32,33,31,30,23,18
3150,169,CANYON LAKE WATER SERVICE,MUNICIPAL,K,BLANCO,Y,DIRECT REUSE,1,1,1,1,1,1
3150,169,CANYON LAKE WATER SERVICE,MUNICIPAL,K,HAYS,Y,DIRECT REUSE,1,2,2,2,2,1
3150,169,CANYON LAKE WATER SERVICE,MUNICIPAL,K,TRAVIS,Y,DIRECT REUSE,1,2,2,2,2,1
3150,169,CANYON LAKE WATER SERVICE,MUNICIPAL,L,COMAL,Y,DIRECT REUSE,95,261,261,261,261,263
3150,169,CANYON LAKE WATER SERVICE,MUNICIPAL,L,MEDINA,Y,DIRECT REUSE,0,1,1,1,1,1
3150,757,CANYON LAKE WATER SERVICE,MUNICIPAL,K,BLANCO,Y,TRINITY AQUIFER | BLANCO,24,24,23,23,23,23
3150,757,CANYON LAKE WATER SERVICE,MUNICIPAL,K,HAYS,Y,TRINITY AQUIFER | BLANCO,59,59,60,60,60,60
3150,757,CANYON LAKE WATER SERVICE,MUNICIPAL,K,TRAVIS,Y,TRINITY AQUIFER | BLANCO,60,60,60,60,60,60
3150,764,CANYON LAKE WATER SERVICE,MUNICIPAL,L,COMAL,Y,TRINITY AQUIFER | COMAL,7771,7770,7771,7772,7779,7784
3150,764,CANYON LAKE WATER SERVICE,MUNICIPAL,L,MEDINA,Y,TRINITY AQUIFER | COMAL,32,33,32,31,24,19
3151,854,CENTRAL BOWIE COUNTY WSC,MUNICIPAL,D,BOWIE,N,WRIGHT PATMAN LAKE/RESERVOIR,0,0,0,0,0,0
3152,315,CLEAR BROOK CITY MUD,MUNICIPAL,H,HARRIS,N,GULF COAST AQUIFER SYSTEM | HARRIS,398,397,396,394,398,400
3152,410,CLEAR BROOK CITY MUD,MUNICIPAL,H,HARRIS,N,LIVINGSTON-WALLISVILLE LAKE/RESERVOIR SYSTEM,2800,2800,2800,2800,2800,2800
3153,57,COLEMAN COUNTY SUD,MUNICIPAL,F,BROWN,Y,BROWNWOOD LAKE/RESERVOIR,30,30,31,31,31,31
3153,57,COLEMAN COUNTY SUD,MUNICIPAL,F,COLEMAN,Y,BROWNWOOD LAKE/RESERVOIR,586,551,520,498,477,455
3153,57,COLEMAN COUNTY SUD,MUNICIPAL,F,RUNNELS,Y,BROWNWOOD LAKE/RESERVOIR,22,21,18,16,14,13
3153,57,COLEMAN COUNTY SUD,MUNICIPAL,G,CALLAHAN,Y,BROWNWOOD LAKE/RESERVOIR,40,41,43,45,47,49
3153,57,COLEMAN COUNTY SUD,MUNICIPAL,G,TAYLOR,Y,BROWNWOOD LAKE/RESERVOIR,40,41,41,41,41,41
3153,155,COLEMAN COUNTY SUD,MUNICIPAL,F,BROWN,Y,COLEMAN LAKE/RESERVOIR,0,0,0,0,0,0
3153,155,COLEMAN COUNTY SUD,MUNICIPAL,F,COLEMAN,Y,COLEMAN LAKE/RESERVOIR,0,0,0,0,0,0
3153,155,COLEMAN COUNTY SUD,MUNICIPAL,F,RUNNELS,Y,COLEMAN LAKE/RESERVOIR,0,0,0,0,0,0
3153,155,COLEMAN COUNTY SUD,MUNICIPAL,G,CALLAHAN,Y,COLEMAN LAKE/RESERVOIR,0,0,0,0,0,0
3153,155,COLEMAN COUNTY SUD,MUNICIPAL,G,TAYLOR,Y,COLEMAN LAKE/RESERVOIR,0,0,0,0,0,0
3153,370,COLEMAN COUNTY SUD,MUNICIPAL,F,BROWN,Y,HORDS CREEK LAKE/RESERVOIR,0,0,0,0,0,0
3153,370,COLEMAN COUNTY SUD,MUNICIPAL,F,COLEMAN,Y,HORDS CREEK LAKE/RESERVOIR,0,0,0,0,0,0
3153,370,COLEMAN COUNTY SUD,MUNICIPAL,F,RUNNELS,Y,HORDS CREEK LAKE/RESERVOIR,0,0,0,0,0,0
3153,370,COLEMAN COUNTY SUD,MUNICIPAL,G,CALLAHAN,Y,HORDS CREEK LAKE/RESERVOIR,0,0,0,0,0,0
3153,370,COLEMAN COUNTY SUD,MUNICIPAL,G,TAYLOR,Y,HORDS CREEK LAKE/RESERVOIR,0,0,0,0,0,0
3154,279,COMBINED CONSUMERS SUD,MUNICIPAL,D,HUNT,Y,FORK LAKE/RESERVOIR,1668,1648,1627,1606,1583,1563
3154,279,COMBINED CONSUMERS SUD,MUNICIPAL,D,VAN ZANDT,Y,FORK LAKE/RESERVOIR,338,336,335,334,335,334
3155,255,CONCHO RURAL WATER,MUNICIPAL,F,TOM GREEN,N,"EDWARDS-TRINITY-PLATEAU, PECOS VALLEY, AND TRINITY AQUIFERS | TOM GREEN",107,107,107,107,107,107
3155,364,CONCHO RURAL WATER,MUNICIPAL,F,TOM GREEN,N,HICKORY AQUIFER | MCCULLOCH,96,109,102,96,90,83
3155,408,CONCHO RURAL WATER,MUNICIPAL,F,TOM GREEN,N,LIPAN AQUIFER | TOM GREEN,688,803,908,1014,1128,1254
3155,434,CONCHO RURAL WATER,MUNICIPAL,F,TOM GREEN,N,MOUNTAIN CREEK LAKE/RESERVOIR | COLORADO,0,0,0,0,0,0
3155,507,CONCHO RURAL WATER,MUNICIPAL,F,TOM GREEN,N,OH IVIE LAKE/RESERVOIR NON-SYSTEM PORTION,45,41,37,33,30,28
3155,658,CONCHO RURAL WATER,MUNICIPAL,F,TOM GREEN,N,COLORADO RUN-OF-RIVER,4,4,4,3,3,3
3156,97,THE CONSOLIDATED WSC,MUNICIPAL,I,HOUSTON,Y,CARRIZO-WILCOX AQUIFER | HOUSTON,0,94,206,266,316,366
3156,371,THE CONSOLIDATED WSC,MUNICIPAL,I,ANDERSON,Y,HOUSTON COUNTY LAKE/RESERVOIR,477,529,592,630,663,695
3156,371,THE CONSOLIDATED WSC,MUNICIPAL,I,HOUSTON,Y,HOUSTON COUNTY LAKE/RESERVOIR,1311,1311,1311,1311,1311,1311
3157,87,CYPRESS SPRINGS SUD,MUNICIPAL,D,FRANKLIN,Y,CARRIZO-WILCOX AQUIFER | FRANKLIN,67,67,67,67,67,67
3157,166,CYPRESS SPRINGS SUD,MUNICIPAL,D,CAMP,Y,CYPRESS SPRINGS LAKE/RESERVOIR,10,10,10,10,10,10
3157,166,CYPRESS SPRINGS SUD,MUNICIPAL,D,FRANKLIN,Y,CYPRESS SPRINGS LAKE/RESERVOIR,2931,2750,2570,2411,2256,2102
3157,166,CYPRESS SPRINGS SUD,MUNICIPAL,D,HOPKINS,Y,CYPRESS SPRINGS LAKE/RESERVOIR,479,474,460,440,419,397
3157,166,CYPRESS SPRINGS SUD,MUNICIPAL,D,TITUS,Y,CYPRESS SPRINGS LAKE/RESERVOIR,189,209,242,256,269,284
3157,166,CYPRESS SPRINGS SUD,MUNICIPAL,D,WOOD,Y,CYPRESS SPRINGS LAKE/RESERVOIR,197,197,191,189,186,180
3158,386,DEAN DALE WSC,MUNICIPAL,B,CLAY,Y,RED INDIRECT REUSE,201,203,201,199,196,194
3158,386,DEAN DALE WSC,MUNICIPAL,B,WICHITA,Y,RED INDIRECT REUSE,100,95,93,93,94,93
3158,830,DEAN DALE WSC,MUNICIPAL,B,CLAY,Y,LITTLE WICHITA RIVER LAKE/RESERVOIR SYSTEM,371,346,320,294,270,242
3158,830,DEAN DALE WSC,MUNICIPAL,B,WICHITA,Y,LITTLE WICHITA RIVER LAKE/RESERVOIR SYSTEM,176,161,147,136,126,117
3159,94,DIANA SUD,MUNICIPAL,D,HARRISON,Y,CARRIZO-WILCOX AQUIFER | HARRISON,47,47,47,47,47,47
3159,106,DIANA SUD,MUNICIPAL,D,MARION,Y,CARRIZO-WILCOX AQUIFER | MARION,27,27,27,27,27,27
3159,125,DIANA SUD,MUNICIPAL,D,UPSHUR,Y,CARRIZO-WILCOX AQUIFER | UPSHUR,598,598,598,598,598,598
3159,457,DIANA SUD,MUNICIPAL,D,HARRISON,Y,O' THE PINES LAKE/RESERVOIR,47,47,47,47,47,47
3159,457,DIANA SUD,MUNICIPAL,D,MARION,Y,O' THE PINES LAKE/RESERVOIR,24,24,24,24,24,24
3159,457,DIANA SUD,MUNICIPAL,D,UPSHUR,Y,O' THE PINES LAKE/RESERVOIR,524,524,524,524,524,524
3160,54,EAST BELL WSC,MUNICIPAL,G,BELL,Y,BRAZOS RIVER AUTHORITY LITTLE RIVER LAKE/RESERVOIR SYSTEM,605,603,601,598,593,586
3160,54,EAST BELL WSC,MUNICIPAL,G,FALLS,Y,BRAZOS RIVER AUTHORITY LITTLE RIVER LAKE/RESERVOIR SYSTEM,31,33,35,38,43,50
3160,755,EAST BELL WSC,MUNICIPAL,G,BELL,Y,TRINITY AQUIFER | BELL,555,557,561,561,561,558
3160,755,EAST BELL WSC,MUNICIPAL,G,FALLS,Y,TRINITY AQUIFER | BELL,39,37,33,33,33,36
3161,64,EAST CENTRAL SUD,MUNICIPAL,L,BEXAR,Y,CANYON LAKE/RESERVOIR,1319,1317,1314,1310,1308,1307
3161,64,EAST CENTRAL SUD,MUNICIPAL,L,GUADALUPE,Y,CANYON LAKE/RESERVOIR,41,44,48,51,55,59
3161,64,EAST CENTRAL SUD,MUNICIPAL,L,WILSON,Y,CANYON LAKE/RESERVOIR,40,39,38,39,37,34
3161,76,EAST CENTRAL SUD,MUNICIPAL,L,BEXAR,Y,CARRIZO-WILCOX AQUIFER | BEXAR,10,10,10,10,10,10
3161,79,EAST CENTRAL SUD,MUNICIPAL,L,BEXAR,Y,CARRIZO-WILCOX AQUIFER | BURLESON,10,10,10,10,10,10
3161,90,EAST CENTRAL SUD,MUNICIPAL,L,BEXAR,Y,CARRIZO-WILCOX AQUIFER | GONZALES,943,941,938,936,935,934
3161,90,EAST CENTRAL SUD,MUNICIPAL,L,GUADALUPE,Y,CARRIZO-WILCOX AQUIFER | GONZALES,29,31,34,37,39,42
3161,90,EAST CENTRAL SUD,MUNICIPAL,L,WILSON,Y,CARRIZO-WILCOX AQUIFER | GONZALES,28,28,28,27,26,24
3161,169,EAST CENTRAL SUD,MUNICIPAL,L,BEXAR,Y,DIRECT REUSE,226,226,226,226,226,226
3161,209,EAST CENTRAL SUD,MUNICIPAL,L,BEXAR,Y,EDWARDS-BFZ AQUIFER | BEXAR,670,662,669,671,678,679
3161,209,EAST CENTRAL SUD,MUNICIPAL,L,GUADALUPE,Y,EDWARDS-BFZ AQUIFER | BEXAR,25,26,23,28,25,30
3161,209,EAST CENTRAL SUD,MUNICIPAL,L,WILSON,Y,EDWARDS-BFZ AQUIFER | BEXAR,75,82,78,71,67,61
3161,756,EAST CENTRAL SUD,MUNICIPAL,L,BEXAR,Y,TRINITY AQUIFER | BEXAR,10,10,10,10,10,10
3162,214,EAST MEDINA COUNTY SUD,MUNICIPAL,L,MEDINA,N,EDWARDS-BFZ AQUIFER | MEDINA,1000,1000,1000,1000,1000,1000
3163,6,EL JARDIN WSC,MUNICIPAL,M,CAMERON,N,AMISTAD-FALCON LAKE/RESERVOIR SYSTEM,1180,1180,1180,1180,1180,1180
6195,604,410 WSC,MUNICIPAL,D,RED RIVER,N,PAT MAYSE LAKE/RESERVOIR,218,213,212,211,211,211
6196,83,AFTON GROVE WSC,MUNICIPAL,I,CHEROKEE,N,CARRIZO-WILCOX AQUIFER | CHEROKEE,64,66,68,69,71,74
6196,391,AFTON GROVE WSC,MUNICIPAL,I,CHEROKEE,N,JACKSONVILLE LAKE/RESERVOIR,150,153,157,162,167,171
6197,209,AIR FORCE VILLAGE II INC,MUNICIPAL,L,BEXAR,N,EDWARDS-BFZ AQUIFER | BEXAR,263,263,263,263,263,263
6198,244,AIRLINE MOBILE HOME PARK LTD,MUNICIPAL,F,MIDLAND,N,"EDWARDS-TRINITY-PLATEAU, PECOS VALLEY, AND TRINITY AQUIFERS | MIDLAND",235,272,311,339,369,399
6198,493,AIRLINE MOBILE HOME PARK LTD,MUNICIPAL,F,MIDLAND,N,OGALLALA AQUIFER | MIDLAND,41,41,41,41,41,41
6199,71,ANDERSON COUNTY CEDAR CREEK WSC,MUNICIPAL,I,ANDERSON,N,CARRIZO-WILCOX AQUIFER | ANDERSON,114,114,112,110,109,108
6200,386,ARCHER COUNTY MUD 1,MUNICIPAL,B,ARCHER,N,RED INDIRECT REUSE,168,167,164,163,162,161
6200,830,ARCHER COUNTY MUD 1,MUNICIPAL,B,ARCHER,N,LITTLE WICHITA RIVER LAKE/RESERVOIR SYSTEM,306,284,262,241,221,201
6201,839,ARLEDGE RIDGE WSC,MUNICIPAL,C,FANNIN,N,WOODBINE AQUIFER | FANNIN,230,248,257,265,274,283
6202,297,AUSTIN COUNTY WSC,MUNICIPAL,H,AUSTIN,N,GULF COAST AQUIFER SYSTEM | AUSTIN,332,375,409,427,435,444
6203,772,AVALON WATER SUPPLY & SEWER SERVICE,MUNICIPAL,C,ELLIS,N,TRINITY AQUIFER | ELLIS,149,149,149,149,149,149
6204,791,AXTELL WSC,MUNICIPAL,G,MCLENNAN,N,TRINITY AQUIFER | MCLENNAN,287,287,287,287,287,287
6205,453,B AND B WSC,MUNICIPAL,C,NAVARRO,N,NAVARRO MILLS LAKE/RESERVOIR,256,274,277,279,281,282
6205,652,B AND B WSC,MUNICIPAL,C,NAVARRO,N,CORSICANA RICHLAND CHAMBERS-HALBERT LAKE/RESERVOIR SYSTEM,51,55,56,56,56,57
6206,71,B B S WSC,MUNICIPAL,C,HENDERSON,Y,CARRIZO-WILCOX AQUIFER | ANDERSON,2,2,2,2,2,2
6206,71,B B S WSC,MUNICIPAL,I,ANDERSON,Y,CARRIZO-WILCOX AQUIFER | ANDERSON,138,137,135,133,132,130
6207,71,B C Y WSC,MUNICIPAL,I,ANDERSON,N,CARRIZO-WILCOX AQUIFER | ANDERSON,264,262,258,255,252,249
6208,390,B H P WSC,MUNICIPAL,D,HUNT,N,TRINITY INDIRECT REUSE,188,207,219,233,242,257
6208,738,B H P WSC,MUNICIPAL,D,HUNT,N,TAWAKONI LAKE/RESERVOIR,11,11,10,10,9,10
6208,1068,B H P WSC,MUNICIPAL,D,HUNT,N,NORTH TEXAS MWD LAKE/RESERVOIR SYSTEM,316,304,290,280,279,282
6209,324,BAFFIN BAY WSC,MUNICIPAL,N,KLEBERG,N,GULF COAST AQUIFER SYSTEM | KLEBERG,129,132,136,143,150,156
6210,235,BALMORHEA,MUNICIPAL,F,REEVES,N,EDWARDS-TRINITY-PLATEAU AND PECOS VALLEY AQUIFERS | JEFF DAVIS,101,101,101,101,101,101
6210,1001,BALMORHEA,MUNICIPAL,F,REEVES,N,EDWARDS-TRINITY-PLATEAU AND PECOS VALLEY AQUIFERS | REEVES,68,68,68,68,68,68
6211,753,BANDERA COUNTY FWSD 1,MUNICIPAL,J,BANDERA,N,TRINITY AQUIFER | BANDERA,439,439,439,439,439,439
6212,196,BARSTOW,MUNICIPAL,F,WARD,N,DOCKUM AQUIFER | REEVES,154,174,196,214,235,257
6213,368,BARTON CREEK WSC,MUNICIPAL,K,TRAVIS,N,HIGHLAND LAKES LAKE/RESERVOIR SYSTEM,343,343,343,343,343,343
6214,132,BATESVILLE WSC,MUNICIPAL,L,ZAVALA,N,CARRIZO-WILCOX AQUIFER | ZAVALA,215,215,215,215,215,215
6215,315,BAYBROOK MUD 1,MUNICIPAL,H,HARRIS,N,GULF COAST AQUIFER SYSTEM | HARRIS,34,34,34,34,34,34
6215,410,BAYBROOK MUD 1,MUNICIPAL,H,HARRIS,N,LIVINGSTON-WALLISVILLE LAKE/RESERVOIR SYSTEM,2016,2016,2016,2016,2016,2016
6216,430,BAYLOR SUD,MUNICIPAL,B,BAYLOR,Y,MILLERS CREEK LAKE/RESERVOIR,6,5,4,2,1,0
6216,686,BAYLOR SUD,MUNICIPAL,B,ARCHER,Y,SEYMOUR AQUIFER | BAYLOR,45,43,42,40,39,38
6216,686,BAYLOR SUD,MUNICIPAL,B,BAYLOR,Y,SEYMOUR AQUIFER | BAYLOR,246,249,261,269,275,282
6216,686,BAYLOR SUD,MUNICIPAL,B,YOUNG,Y,SEYMOUR AQUIFER | BAYLOR,59,60,60,62,64,66
6216,686,BAYLOR SUD,MUNICIPAL,G,THROCKMORTON,Y,SEYMOUR AQUIFER | BAYLOR,2,1,1,1,1,1
6216,686,BAYLOR SUD,MUNICIPAL,G,YOUNG,Y,SEYMOUR AQUIFER | BAYLOR,25,25,25,25,25,25
6217,55,BAYVIEW MUD,MUNICIPAL,H,GALVESTON,N,BRAZOS RIVER AUTHORITY MAIN STEM LAKE/RESERVOIR SYSTEM,44,50,53,57,60,63
6217,310,BAYVIEW MUD,MUNICIPAL,H,GALVESTON,N,GULF COAST AQUIFER SYSTEM | GALVESTON,1,1,1,1,1,1
6217,655,BAYVIEW MUD,MUNICIPAL,H,GALVESTON,N,BRAZOS RUN-OF-RIVER,236,234,233,232,230,229
6217,1076,BAYVIEW MUD,MUNICIPAL,H,GALVESTON,N,BRA SYSTEM OPERATIONS PERMIT SUPPLY,77,71,65,59,53,47
6218,390,BECKER JIBA WSC,MUNICIPAL,C,KAUFMAN,N,TRINITY INDIRECT REUSE,131,180,214,229,254,287
6218,738,BECKER JIBA WSC,MUNICIPAL,C,KAUFMAN,N,TAWAKONI LAKE/RESERVOIR,8,11,13,14,15,17
6218,1068,BECKER JIBA WSC,MUNICIPAL,C,KAUFMAN,N,NORTH TEXAS MWD LAKE/RESERVOIR SYSTEM,218,285,326,336,358,387
6219,54,BELL COUNTY WCID 3,MUNICIPAL,G,BELL,N,BRAZOS RIVER AUTHORITY LITTLE RIVER LAKE/RESERVOIR SYSTEM,1285,1277,1269,1260,1252,1244
6220,127,BEN WHEELER WSC,MUNICIPAL,D,VAN ZANDT,Y,CARRIZO-WILCOX AQUIFER | VAN ZANDT,304,294,286,277,267,266
6220,127,BEN WHEELER WSC,MUNICIPAL,I,SMITH,Y,CARRIZO-WILCOX AQUIFER | VAN ZANDT,3,3,4,4,5,5
6222,453,BIROME WSC,MUNICIPAL,G,HILL,Y,NAVARRO MILLS LAKE/RESERVOIR,69,69,69,69,69,69
6222,453,BIROME WSC,MUNICIPAL,G,LIMESTONE,Y,NAVARRO MILLS LAKE/RESERVOIR,9,9,9,9,9,9
6222,453,BIROME WSC,MUNICIPAL,G,MCLENNAN,Y,NAVARRO MILLS LAKE/RESERVOIR,44,44,44,44,44,44
6222,652,BIROME WSC,MUNICIPAL,G,HILL,Y,CORSICANA RICHLAND CHAMBERS-HALBERT LAKE/RESERVOIR SYSTEM,14,14,14,14,14,14
6222,652,BIROME WSC,MUNICIPAL,G,LIMESTONE,Y,CORSICANA RICHLAND CHAMBERS-HALBERT LAKE/RESERVOIR SYSTEM,2,2,2,2,2,2
6222,652,BIROME WSC,MUNICIPAL,G,MCLENNAN,Y,CORSICANA RICHLAND CHAMBERS-HALBERT LAKE/RESERVOIR SYSTEM,9,9,9,9,9,9
6222,780,BIROME WSC,MUNICIPAL,G,HILL,Y,TRINITY AQUIFER | HILL,138,138,138,139,137,137
6222,780,BIROME WSC,MUNICIPAL,G,LIMESTONE,Y,TRINITY AQUIFER | HILL,18,19,18,18,19,19
6222,780,BIROME WSC,MUNICIPAL,G,MCLENNAN,Y,TRINITY AQUIFER | HILL,88,88,88,88,88,88
6223,770,BLACK ROCK WSC,MUNICIPAL,C,DENTON,N,TRINITY AQUIFER | DENTON,468,468,468,468,468,468
6224,83,BLACKJACK WSC,MUNICIPAL,I,CHEROKEE,N,CARRIZO-WILCOX AQUIFER | CHEROKEE,102,100,98,96,94,92
6225,94,BLOCKER CROSSROADS WSC,MUNICIPAL,D,HARRISON,N,CARRIZO-WILCOX AQUIFER | HARRISON,212,212,212,212,212,212
6226,169,BLUE RIDGE WEST MUD,MUNICIPAL,H,FORT BEND,N,DIRECT REUSE,9,9,9,9,9,9
6226,309,BLUE RIDGE WEST MUD,MUNICIPAL,H,FORT BEND,N,GULF COAST AQUIFER SYSTEM | FORT BEND,943,944,951,972,979,987
6227,839,BOIS D ARC MUD,MUNICIPAL,C,FANNIN,Y,WOODBINE AQUIFER | FANNIN,341,307,273,239,205,171
6227,839,BOIS D ARC MUD,MUNICIPAL,D,LAMAR,Y,WOODBINE AQUIFER | FANNIN,2,2,1,1,1,1
6228,791,BOLD SPRINGS WSC,MUNICIPAL,G,HILL,Y,TRINITY AQUIFER | MCLENNAN,49,50,49,49,50,50
6228,791,BOLD SPRINGS WSC,MUNICIPAL,G,MCLENNAN,Y,TRINITY AQUIFER | MCLENNAN,564,563,564,564,563,563
6228,818,BOLD SPRINGS WSC,MUNICIPAL,G,HILL,Y,WACO LAKE/RESERVOIR,45,45,45,44,45,45
6228,818,BOLD SPRINGS WSC,MUNICIPAL,G,MCLENNAN,Y,WACO LAKE/RESERVOIR,515,515,515,516,515,515
6229,347,BOLING MWD,MUNICIPAL,K,WHARTON,N,GULF COAST AQUIFER SYSTEM | WHARTON,156,156,156,156,156,156
6230,148,BRASHEAR WSC,MUNICIPAL,D,HOPKINS,N,CHAPMAN/COOPER LAKE/RESERVOIR NON-SYSTEM PORTION,210,225,228,236,245,253
6231,299,BRAZORIA COUNTY MUD 25,MUNICIPAL,H,BRAZORIA,N,GULF COAST AQUIFER SYSTEM | BRAZORIA,380,371,367,366,368,372
6232,299,BRAZORIA COUNTY MUD 29,MUNICIPAL,H,BRAZORIA,N,GULF COAST AQUIFER SYSTEM | BRAZORIA,309,320,313,311,316,321
6233,119,BROOKELAND FWSD,MUNICIPAL,I,SABINE,Y,CARRIZO-WILCOX AQUIFER | SABINE,10,9,8,8,7,7
6233,318,BROOKELAND FWSD,MUNICIPAL,I,JASPER,Y,GULF COAST AQUIFER SYSTEM | JASPER,24,22,21,20,18,17
6233,331,BROOKELAND FWSD,MUNICIPAL,I,NEWTON,Y,GULF COAST AQUIFER SYSTEM | NEWTON,61,55,49,43,37,32
6233,1194,BROOKELAND FWSD,MUNICIPAL,I,JASPER,Y,YEGUA-JACKSON AQUIFER | JASPER,21,20,19,17,17,15
6233,1194,BROOKELAND FWSD,MUNICIPAL,I,SABINE,Y,YEGUA-JACKSON AQUIFER | JASPER,70,63,58,54,51,47
6234,854,BURNS REDBANK WSC,MUNICIPAL,D,BOWIE,N,WRIGHT PATMAN LAKE/RESERVOIR,0,0,0,0,0,0
6235,55,CALLAHAN COUNTY WSC,MUNICIPAL,G,CALLAHAN,N,BRAZOS RIVER AUTHORITY MAIN STEM LAKE/RESERVOIR SYSTEM,190,0,0,0,0,0
6235,281,CALLAHAN COUNTY WSC,MUNICIPAL,G,CALLAHAN,N,FORT PHANTOM HILL LAKE/RESERVOIR,0,192,195,199,202,205
6236,766,CALLISBURG WSC,MUNICIPAL,C,COOKE,N,TRINITY AQUIFER | COOKE,141,146,149,150,151,152
6237,328,CANEY CREEK MUD OF MATAGORDA COUNTY,MUNICIPAL,K,MATAGORDA,N,GULF COAST AQUIFER SYSTEM | MATAGORDA,1226,1226,1226,1226,1226,1226
6238,337,CAPE ROYALE UD,MUNICIPAL,H,SAN JACINTO,N,GULF COAST AQUIFER SYSTEM | SAN JACINTO,171,169,165,160,155,150
6239,112,CARO WSC,MUNICIPAL,I,NACOGDOCHES,N,CARRIZO-WILCOX AQUIFER | NACOGDOCHES,372,383,394,413,431,449
6240,84,CARRIZO HILL WSC,MUNICIPAL,L,DIMMIT,N,CARRIZO-WILCOX AQUIFER | DIMMIT,154,154,154,154,160,217
6241,122,CARROLL WSC,MUNICIPAL,D,SMITH,Y,CARRIZO-WILCOX AQUIFER | SMITH,57,59,63,67,71,70
6241,122,CARROLL WSC,MUNICIPAL,D,VAN ZANDT,Y,CARRIZO-WILCOX AQUIFER | SMITH,0,0,0,0,0,5
6241,122,CARROLL WSC,MUNICIPAL,I,SMITH,Y,CARRIZO-WILCOX AQUIFER | SMITH,89,99,109,122,136,132
6241,127,CARROLL WSC,MUNICIPAL,D,VAN ZANDT,Y,CARRIZO-WILCOX AQUIFER | VAN ZANDT,93,93,93,93,93,93
6242,774,CEGO-DURANGO WSC,MUNICIPAL,G,FALLS,N,TRINITY AQUIFER | FALLS,205,205,205,205,205,205
6243,868,CENTERVILLE WSC,MUNICIPAL,I,TRINITY,N,YEGUA-JACKSON AQUIFER | TRINITY,119,106,91,81,70,58
6244,54,CENTRAL BOSQUE WSC,MUNICIPAL,G,MCLENNAN,N,BRAZOS RIVER AUTHORITY LITTLE RIVER LAKE/RESERVOIR SYSTEM,135,140,147,156,164,164
6244,818,CENTRAL BOSQUE WSC,MUNICIPAL,G,MCLENNAN,N,WACO LAKE/RESERVOIR,112,112,112,112,112,112
6245,54,CENTRAL TEXAS COLLEGE DISTRICT,MUNICIPAL,G,BELL,Y,BRAZOS RIVER AUTHORITY LITTLE RIVER LAKE/RESERVOIR SYSTEM,12,11,11,11,11,11
6245,54,CENTRAL TEXAS COLLEGE DISTRICT,MUNICIPAL,G,CORYELL,Y,BRAZOS RIVER AUTHORITY LITTLE RIVER LAKE/RESERVOIR SYSTEM,117,115,114,114,114,114
6246,345,CENTRAL WASHINGTON COUNTY WSC,MUNICIPAL,G,WASHINGTON,N,GULF COAST AQUIFER SYSTEM | WASHINGTON,605,605,605,605,605,605
6246,871,CENTRAL WASHINGTON COUNTY WSC,MUNICIPAL,G,WASHINGTON,N,YEGUA-JACKSON AQUIFER | WASHINGTON,0,0,0,0,0,0
6247,410,CHAMBERS COUNTY MUD 1,MUNICIPAL,H,CHAMBERS,N,LIVINGSTON-WALLISVILLE LAKE/RESERVOIR SYSTEM,422,452,490,531,575,624
6248,345,CHAPPELL HILL WSC,MUNICIPAL,G,WASHINGTON,N,GULF COAST AQUIFER SYSTEM | WASHINGTON,266,266,266,266,266,266
6249,330,CHATEAU WOODS MUD,MUNICIPAL,H,MONTGOMERY,N,GULF COAST AQUIFER SYSTEM | MONTGOMERY,328,361,317,293,277,267
6250,53,CHATT WSC,MUNICIPAL,G,HILL,N,BRAZOS RIVER AUTHORITY AQUILLA LAKE/RESERVOIR SYSTEM,86,86,86,86,82,78
6250,780,CHATT WSC,MUNICIPAL,G,HILL,N,TRINITY AQUIFER | HILL,34,29,24,19,14,14
6251,341,CHESTER WSC,MUNICIPAL,I,POLK,Y,GULF COAST AQUIFER SYSTEM | TYLER,49,53,55,57,59,61
6251,341,CHESTER WSC,MUNICIPAL,I,TYLER,Y,GULF COAST AQUIFER SYSTEM | TYLER,101,88,74,64,54,43
6252,121,CHOICE WSC,MUNICIPAL,I,SAN AUGUSTINE,Y,CARRIZO-WILCOX AQUIFER | SHELBY,2,2,2,2,2,2
6252,121,CHOICE WSC,MUNICIPAL,I,SHELBY,Y,CARRIZO-WILCOX AQUIFER | SHELBY,107,113,122,132,145,160
6253,764,CLEAR WATER ESTATES WATER SYSTEM,MUNICIPAL,L,COMAL,N,TRINITY AQUIFER | COMAL,984,984,984,984,984,984
6254,169,CORINTHIAN POINT MUD 2,MUNICIPAL,H,MONTGOMERY,N,DIRECT REUSE,13,13,13,13,13,13
6254,330,CORINTHIAN POINT MUD 2,MUNICIPAL,H,MONTGOMERY,N,GULF COAST AQUIFER SYSTEM | MONTGOMERY,168,174,194,195,197,198
6255,96,CORNERSVILLE WSC,MUNICIPAL,D,FRANKLIN,Y,CARRIZO-WILCOX AQUIFER | HOPKINS,6,7,7,7,9,8
6255,96,CORNERSVILLE WSC,MUNICIPAL,D,HOPKINS,Y,CARRIZO-WILCOX AQUIFER | HOPKINS,196,193,191,189,185,184
6255,96,CORNERSVILLE WSC,MUNICIPAL,D,WOOD,Y,CARRIZO-WILCOX AQUIFER | HOPKINS,52,54,56,58,60,62
6256,163,CORPUS CHRISTI NAVAL AIR STATION,MUNICIPAL,N,NUECES,N,CORPUS CHRISTI-CHOKE CANYON LAKE/RESERVOIR SYSTEM,1578,1611,1612,1605,1596,1586
6256,742,CORPUS CHRISTI NAVAL AIR STATION,MUNICIPAL,N,NUECES,N,TEXANA LAKE/RESERVOIR,500,500,500,500,500,500
6257,79,COTTONWOOD CREEK MUD 1,MUNICIPAL,K,TRAVIS,N,CARRIZO-WILCOX AQUIFER | BURLESON,336,336,336,336,336,336
6258,315,COUNTRY TERRACE WATER,MUNICIPAL,H,HARRIS,N,GULF COAST AQUIFER SYSTEM | HARRIS,33,33,33,33,33,33
6258,410,COUNTRY TERRACE WATER,MUNICIPAL,H,HARRIS,N,LIVINGSTON-WALLISVILLE LAKE/RESERVOIR SYSTEM,168,168,168,168,168,168
6259,95,CRESCENT HEIGHTS WSC,MUNICIPAL,C,HENDERSON,N,CARRIZO-WILCOX AQUIFER | HENDERSON,150,154,171,174,177,180
6260,118,CRYSTAL FARMS WSC,MUNICIPAL,I,RUSK,N,CARRIZO-WILCOX AQUIFER | RUSK,130,141,156,173,192,215
6261,341,CYPRESS CREEK WSC,MUNICIPAL,I,TYLER,N,GULF COAST AQUIFER SYSTEM | TYLER,101,89,79,71,63,57
6262,368,CYPRESS RANCH WCID 1,MUNICIPAL,K,TRAVIS,N,HIGHLAND LAKES LAKE/RESERVOIR SYSTEM,435,435,435,435,435,435
6262,805,CYPRESS RANCH WCID 1,MUNICIPAL,K,TRAVIS,N,TRINITY AQUIFER | TRAVIS,222,222,222,222,222,222
6263,408,DADS SUPPORTED LIVING CENTER,MUNICIPAL,F,TOM GREEN,N,LIPAN AQUIFER | TOM GREEN,183,183,183,183,183,183
6264,864,DAMASCUS-STRYKER WSC,MUNICIPAL,I,POLK,N,YEGUA-JACKSON AQUIFER | POLK,188,202,210,218,226,234
6265,489,DARROUZETT,MUNICIPAL,A,LIPSCOMB,N,OGALLALA AQUIFER | LIPSCOMB,84,79,74,69,64,59
6267,148,DELTA COUNTY MUD,MUNICIPAL,C,FANNIN,Y,CHAPMAN/COOPER LAKE/RESERVOIR NON-SYSTEM PORTION,7,8,9,10,10,11
6267,148,DELTA COUNTY MUD,MUNICIPAL,D,DELTA,Y,CHAPMAN/COOPER LAKE/RESERVOIR NON-SYSTEM PORTION,191,194,196,199,201,204
6268,839,DESERT WSC,MUNICIPAL,C,COLLIN,Y,WOODBINE AQUIFER | FANNIN,39,38,39,40,41,42
6268,839,DESERT WSC,MUNICIPAL,C,FANNIN,Y,WOODBINE AQUIFER | FANNIN,83,86,84,84,83,83
6268,839,DESERT WSC,MUNICIPAL,C,GRAYSON,Y,WOODBINE AQUIFER | FANNIN,74,72,73,72,72,71
6268,840,DESERT WSC,MUNICIPAL,C,COLLIN,Y,WOODBINE AQUIFER | GRAYSON,20,26,31,37,43,49
6268,840,DESERT WSC,MUNICIPAL,C,FANNIN,Y,WOODBINE AQUIFER | GRAYSON,45,59,69,77,86,96
6268,840,DESERT WSC,MUNICIPAL,C,GRAYSON,Y,WOODBINE AQUIFER | GRAYSON,39,50,58,66,74,84
6269,326,DEVERS,MUNICIPAL,H,LIBERTY,N,GULF COAST AQUIFER SYSTEM | LIBERTY,118,117,117,117,118,118
6270,337,DODGE OAKHURST WSC,MUNICIPAL,H,SAN JACINTO,Y,GULF COAST AQUIFER SYSTEM | SAN JACINTO,73,72,70,68,66,64
6270,343,DODGE OAKHURST WSC,MUNICIPAL,H,WALKER,Y,GULF COAST AQUIFER SYSTEM | WALKER,278,336,398,454,484,484
6271,95,DOGWOOD ESTATES WATER,MUNICIPAL,C,HENDERSON,N,CARRIZO-WILCOX AQUIFER | HENDERSON,175,170,181,183,185,187
6272,330,DOMESTIC WATER,MUNICIPAL,H,MONTGOMERY,N,GULF COAST AQUIFER SYSTEM | MONTGOMERY,121,101,90,89,90,86
6273,777,DORCHESTER,MUNICIPAL,C,GRAYSON,N,TRINITY AQUIFER | GRAYSON,62,68,72,74,77,80
6273,840,DORCHESTER,MUNICIPAL,C,GRAYSON,N,WOODBINE AQUIFER | GRAYSON,160,160,160,160,160,160
6274,82,E M C WSC,MUNICIPAL,D,CASS,Y,CARRIZO-WILCOX AQUIFER | CASS,43,43,43,43,43,43
6274,106,E M C WSC,MUNICIPAL,D,CASS,Y,CARRIZO-WILCOX AQUIFER | MARION,20,20,20,20,20,20
6274,106,E M C WSC,MUNICIPAL,D,MARION,Y,CARRIZO-WILCOX AQUIFER | MARION,243,243,243,243,243,243
6276,791,EAST CRAWFORD WSC,MUNICIPAL,G,MCLENNAN,N,TRINITY AQUIFER | MCLENNAN,215,215,215,215,215,215
6277,121,EAST LAMAR WSC,MUNICIPAL,I,SHELBY,N,CARRIZO-WILCOX AQUIFER | SHELBY,108,114,123,134,146,162
6278,375,EAST MONTANA WATER SYSTEM,MUNICIPAL,E,EL PASO,N,HUECO-MESILLA BOLSON AQUIFER | EL PASO,2810,2810,2810,2810,2810,2810
6279,118,EBENEZER WSC,MUNICIPAL,I,RUSK,N,CARRIZO-WILCOX AQUIFER | RUSK,181,175,166,156,146,137
6280,127,EDOM WSC,MUNICIPAL,D,VAN ZANDT,Y,CARRIZO-WILCOX AQUIFER | VAN ZANDT,88,85,82,79,77,77
6280,127,EDOM WSC,MUNICIPAL,I,HENDERSON,Y,CARRIZO-WILCOX AQUIFER | VAN ZANDT,14,14,14,14,13,13
6281,6,EL SAUZ WSC,MUNICIPAL,M,STARR,N,AMISTAD-FALCON LAKE/RESERVOIR SYSTEM,105,105,105,105,105,105
6282,6,EL TANQUE WSC,MUNICIPAL,M,STARR,N,AMISTAD-FALCON LAKE/RESERVOIR SYSTEM,177,177,177,177,177,177
6283,390,ELMO WSC,MUNICIPAL,C,KAUFMAN,N,TRINITY INDIRECT REUSE,64,65,67,72,80,89
6283,738,ELMO WSC,MUNICIPAL,C,KAUFMAN,N,TAWAKONI LAKE/RESERVOIR,4,4,4,4,5,5
6283,1068,ELMO WSC,MUNICIPAL,C,KAUFMAN,N,NORTH TEXAS MWD LAKE/RESERVOIR SYSTEM,105,104,104,107,112,122
6284,122,EMERALD BAY MUD,MUNICIPAL,I,SMITH,N,CARRIZO-WILCOX AQUIFER | SMITH,254,267,276,287,287,287
6285,791,EOL WSC,MUNICIPAL,G,MCLENNAN,N,TRINITY AQUIFER | MCLENNAN,368,368,368,368,368,368
6286,376,ESPERANZA WATER SERVICE,MUNICIPAL,E,HUDSPETH,N,HUECO-MESILLA BOLSON AQUIFER | HUDSPETH,484,484,484,484,484,484
6287,112,ETOILE WSC,MUNICIPAL,I,NACOGDOCHES,N,CARRIZO-WILCOX AQUIFER | NACOGDOCHES,337,347,357,374,391,407
6288,55,EULA WSC,MUNICIPAL,G,CALLAHAN,N,BRAZOS RIVER AUTHORITY MAIN STEM LAKE/RESERVOIR SYSTEM,53,0,0,0,0,0
6288,281,EULA WSC,MUNICIPAL,G,CALLAHAN,N,FORT PHANTOM HILL LAKE/RESERVOIR,0,57,94,126,130,133
6288,507,EULA WSC,MUNICIPAL,G,CALLAHAN,N,OH IVIE LAKE/RESERVOIR NON-SYSTEM PORTION,61,61,28,0,0,0
6289,6,FALCON RURAL WSC,MUNICIPAL,M,ZAPATA,N,AMISTAD-FALCON LAKE/RESERVOIR SYSTEM,309,309,309,309,309,309
6290,330,FAR HILLS UD,MUNICIPAL,H,MONTGOMERY,N,GULF COAST AQUIFER SYSTEM | MONTGOMERY,301,349,370,379,387,389
6291,308,FAYETTE COUNTY WCID MONUMENT HILL,MUNICIPAL,K,FAYETTE,N,GULF COAST AQUIFER SYSTEM | FAYETTE,235,235,235,235,235,235
6292,375,FEDERAL CORRECTIONAL INSTITUTION LA TUNA,MUNICIPAL,E,EL PASO,N,HUECO-MESILLA BOLSON AQUIFER | EL PASO,2017,2017,2017,2017,2017,2017
6293,309,FIRST COLONY MUD 9,MUNICIPAL,H,FORT BEND,N,GULF COAST AQUIFER SYSTEM | FORT BEND,1341,1345,1376,1403,1430,1453
6294,121,FIVE WAY WSC,MUNICIPAL,I,SHELBY,N,CARRIZO-WILCOX AQUIFER | SHELBY,151,152,153,152,152,151
6295,121,FLAT FORK WSC,MUNICIPAL,I,SHELBY,N,CARRIZO-WILCOX AQUIFER | SHELBY,114,94,79,65,53,44
6296,54,FLAT WSC,MUNICIPAL,G,CORYELL,N,BRAZOS RIVER AUTHORITY LITTLE RIVER LAKE/RESERVOIR SYSTEM,102,102,102,102,102,102
6297,489,FOLLETT,MUNICIPAL,A,LIPSCOMB,N,OGALLALA AQUIFER | LIPSCOMB,95,84,74,67,62,59
6298,169,FOREST HILLS MUD,MUNICIPAL,H,HARRIS,N,DIRECT REUSE,34,34,34,34,34,34
6298,315,FOREST HILLS MUD,MUNICIPAL,H,HARRIS,N,GULF COAST AQUIFER SYSTEM | HARRIS,263,210,210,210,125,209
6299,309,FORT BEND COUNTY MUD 115,MUNICIPAL,H,FORT BEND,N,GULF COAST AQUIFER SYSTEM | FORT BEND,2,5,32,38,48,56
6299,655,FORT BEND COUNTY MUD 115,MUNICIPAL,H,FORT BEND,N,BRAZOS RUN-OF-RIVER,698,698,698,698,698,698
6300,169,FORT BEND COUNTY MUD 128,MUNICIPAL,H,FORT BEND,N,DIRECT REUSE,411,411,411,411,411,411
6300,655,FORT BEND COUNTY MUD 128,MUNICIPAL,H,FORT BEND,N,BRAZOS RUN-OF-RIVER,1948,1948,1948,1948,1948,1948
6301,55,FORT BEND COUNTY MUD 140,MUNICIPAL,H,FORT BEND,N,BRAZOS RIVER AUTHORITY MAIN STEM LAKE/RESERVOIR SYSTEM,505,505,505,505,505,505
6301,309,FORT BEND COUNTY MUD 140,MUNICIPAL,H,FORT BEND,N,GULF COAST AQUIFER SYSTEM | FORT BEND,148,148,149,149,170,186
6302,309,FORT BEND COUNTY MUD 149,MUNICIPAL,H,FORT BEND,N,GULF COAST AQUIFER SYSTEM | FORT BEND,5,5,24,25,28,39
6302,655,FORT BEND COUNTY MUD 149,MUNICIPAL,H,FORT BEND,N,BRAZOS RUN-OF-RIVER,1595,1595,1595,1595,1595,1595
6303,309,FORT BEND COUNTY MUD 152,MUNICIPAL,H,FORT BEND,N,GULF COAST AQUIFER SYSTEM | FORT BEND,680,679,681,694,706,708
6304,309,FORT BEND COUNTY MUD 155,MUNICIPAL,H,FORT BEND,N,GULF COAST AQUIFER SYSTEM | FORT BEND,629,683,748,800,845,872
6305,309,FORT BEND COUNTY MUD 158,MUNICIPAL,H,FORT BEND,N,GULF COAST AQUIFER SYSTEM | FORT BEND,443,466,495,519,539,551
6306,309,FORT BEND COUNTY MUD 162,MUNICIPAL,H,FORT BEND,N,GULF COAST AQUIFER SYSTEM | FORT BEND,266,266,274,285,318,331
6308,309,FORT BEND COUNTY MUD 24,MUNICIPAL,H,FORT BEND,N,GULF COAST AQUIFER SYSTEM | FORT BEND,286,298,298,298,298,299
6309,309,FORT BEND COUNTY MUD 26,MUNICIPAL,H,FORT BEND,N,GULF COAST AQUIFER SYSTEM | FORT BEND,620,629,638,654,659,667
6310,309,FORT BEND COUNTY MUD 42,MUNICIPAL,H,FORT BEND,N,GULF COAST AQUIFER SYSTEM | FORT BEND,705,718,726,734,742,751
6311,309,FORT BEND COUNTY MUD 46,MUNICIPAL,H,FORT BEND,N,GULF COAST AQUIFER SYSTEM | FORT BEND,2,26,44,53,54,55
6311,655,FORT BEND COUNTY MUD 46,MUNICIPAL,H,FORT BEND,N,BRAZOS RUN-OF-RIVER,747,747,747,747,747,747
6312,309,FORT BEND COUNTY MUD 47,MUNICIPAL,H,FORT BEND,N,GULF COAST AQUIFER SYSTEM | FORT BEND,1,1,1,1,1,8
6312,655,FORT BEND COUNTY MUD 47,MUNICIPAL,H,FORT BEND,N,BRAZOS RUN-OF-RIVER,346,346,346,346,346,346
6313,309,FORT BEND COUNTY MUD 48,MUNICIPAL,H,FORT BEND,N,GULF COAST AQUIFER SYSTEM | FORT BEND,2,4,6,18,23,26
6313,655,FORT BEND COUNTY MUD 48,MUNICIPAL,H,FORT BEND,N,BRAZOS RUN-OF-RIVER,497,497,497,497,497,497
6314,309,FORT BEND COUNTY MUD 49,MUNICIPAL,H,FORT BEND,N,GULF COAST AQUIFER SYSTEM | FORT BEND,7,9,9,9,15,15
6314,655,FORT BEND COUNTY MUD 49,MUNICIPAL,H,FORT BEND,N,BRAZOS RUN-OF-RIVER,116,116,116,116,116,116
6315,309,FORT BEND COUNTY MUD 5,MUNICIPAL,H,FORT BEND,N,GULF COAST AQUIFER SYSTEM | FORT BEND,367,384,404,412,414,415
6316,309,FORT BEND COUNTY WCID 3,MUNICIPAL,H,FORT BEND,N,GULF COAST AQUIFER SYSTEM | FORT BEND,360,360,360,360,372,379
6317,54,FORT GATES WSC,MUNICIPAL,G,CORYELL,N,BRAZOS RIVER AUTHORITY LITTLE RIVER LAKE/RESERVOIR SYSTEM,287,286,285,284,282,281
6318,209,FORT SAM HOUSTON,MUNICIPAL,L,BEXAR,N,EDWARDS-BFZ AQUIFER | BEXAR,3363,3363,3363,3363,3363,3363
6319,71,FRANKSTON RURAL WSC,MUNICIPAL,I,ANDERSON,N,CARRIZO-WILCOX AQUIFER | ANDERSON,236,234,231,228,225,222
6320,833,FROGNOT WSC,MUNICIPAL,C,COLLIN,Y,WOODBINE AQUIFER | COLLIN,208,259,318,377,441,513
6320,833,FROGNOT WSC,MUNICIPAL,C,FANNIN,Y,WOODBINE AQUIFER | COLLIN,3,4,5,5,6,7
6320,833,FROGNOT WSC,MUNICIPAL,D,HUNT,Y,WOODBINE AQUIFER | COLLIN,2,3,3,4,4,5
6321,127,FRUITVALE WSC,MUNICIPAL,D,VAN ZANDT,N,CARRIZO-WILCOX AQUIFER | VAN ZANDT,358,358,373,378,375,386
6322,148,GAFFORD CHAPEL WSC,MUNICIPAL,D,HOPKINS,N,CHAPMAN/COOPER LAKE/RESERVOIR NON-SYSTEM PORTION,111,115,121,128,135,135
6322,442,GAFFORD CHAPEL WSC,MUNICIPAL,D,HOPKINS,N,NACATOCH AQUIFER | HOPKINS,52,52,52,52,52,52
6322,443,GAFFORD CHAPEL WSC,MUNICIPAL,D,HOPKINS,N,NACATOCH AQUIFER | HUNT,3,3,3,3,3,3
6323,55,GALVESTON COUNTY WCID 12,MUNICIPAL,H,GALVESTON,N,BRAZOS RIVER AUTHORITY MAIN STEM LAKE/RESERVOIR SYSTEM,353,397,427,454,480,504
6323,310,GALVESTON COUNTY WCID 12,MUNICIPAL,H,GALVESTON,N,GULF COAST AQUIFER SYSTEM | GALVESTON,37,37,37,37,37,37
6323,655,GALVESTON COUNTY WCID 12,MUNICIPAL,H,GALVESTON,N,BRAZOS RUN-OF-RIVER,1871,1860,1850,1839,1828,1818
6323,1076,GALVESTON COUNTY WCID 12,MUNICIPAL,H,GALVESTON,N,BRA SYSTEM OPERATIONS PERMIT SUPPLY,610,563,514,467,419,371
6324,805,GARFIELD WSC,MUNICIPAL,K,TRAVIS,N,TRINITY AQUIFER | TRAVIS,260,260,260,260,260,260
6325,118,GASTON WSC,MUNICIPAL,I,RUSK,N,CARRIZO-WILCOX AQUIFER | RUSK,149,144,137,128,120,112
6326,868,GLENDALE WSC,MUNICIPAL,H,TRINITY,N,YEGUA-JACKSON AQUIFER | TRINITY,73,68,64,61,58,54
6327,125,GLENWOOD WSC,MUNICIPAL,D,GREGG,Y,CARRIZO-WILCOX AQUIFER | UPSHUR,24,25,25,25,25,25
6327,125,GLENWOOD WSC,MUNICIPAL,D,UPSHUR,Y,CARRIZO-WILCOX AQUIFER | UPSHUR,352,351,351,351,351,351
6328,364,GOODFELLOW AIR FORCE BASE,MUNICIPAL,F,TOM GREEN,N,HICKORY AQUIFER | MCCULLOCH,247,281,265,251,237,224
6328,507,GOODFELLOW AIR FORCE BASE,MUNICIPAL,F,TOM GREEN,N,OH IVIE LAKE/RESERVOIR NON-SYSTEM PORTION,117,106,97,89,81,74
6328,658,GOODFELLOW AIR FORCE BASE,MUNICIPAL,F,TOM GREEN,N,COLORADO RUN-OF-RIVER,12,11,11,10,10,9
6329,118,GOODSPRINGS WSC,MUNICIPAL,I,RUSK,N,CARRIZO-WILCOX AQUIFER | RUSK,230,221,210,198,185,173
6330,940,GORDON,MUNICIPAL,G,ERATH,Y,GORDON LAKE/RESERVOIR,0,0,0,0,0,0
6330,940,GORDON,MUNICIPAL,G,PALO PINTO,Y,GORDON LAKE/RESERVOIR,0,0,0,0,0,0
6330,1231,GORDON,MUNICIPAL,G,ERATH,Y,C.B. LONG LAKE/RESERVOIR,0,0,0,0,0,0
6330,1231,GORDON,MUNICIPAL,G,PALO PINTO,Y,C.B. LONG LAKE/RESERVOIR,0,0,0,0,0,0
6331,145,GRANDFALLS,MUNICIPAL,F,WARD,N,EDWARDS-TRINITY-PLATEAU AND PECOS VALLEY AQUIFERS | WARD,225,255,287,315,344,377
6332,493,GREENWOOD WATER,MUNICIPAL,F,MIDLAND,N,OGALLALA AQUIFER | MIDLAND,221,216,213,211,209,209
6333,83,GUM CREEK WSC,MUNICIPAL,I,CHEROKEE,N,CARRIZO-WILCOX AQUIFER | CHEROKEE,31,30,30,29,29,28
6333,391,GUM CREEK WSC,MUNICIPAL,I,CHEROKEE,N,JACKSONVILLE LAKE/RESERVOIR,72,71,69,68,66,64
6334,375,HACIENDAS DEL NORTE WID,MUNICIPAL,E,EL PASO,N,HUECO-MESILLA BOLSON AQUIFER | EL PASO,306,306,306,306,306,306
6335,281,HAMBY WSC,MUNICIPAL,G,CALLAHAN,Y,FORT PHANTOM HILL LAKE/RESERVOIR,0,0,17,33,34,35
6335,281,HAMBY WSC,MUNICIPAL,G,JONES,Y,FORT PHANTOM HILL LAKE/RESERVOIR,0,0,11,18,15,11
6335,281,HAMBY WSC,MUNICIPAL,G,SHACKELFORD,Y,FORT PHANTOM HILL LAKE/RESERVOIR,0,0,37,70,72,74
6335,281,HAMBY WSC,MUNICIPAL,G,TAYLOR,Y,FORT PHANTOM HILL LAKE/RESERVOIR,0,0,45,98,113,130
6335,507,HAMBY WSC,MUNICIPAL,G,CALLAHAN,Y,OH IVIE LAKE/RESERVOIR NON-SYSTEM PORTION,30,31,15,0,0,0
6335,507,HAMBY WSC,MUNICIPAL,G,JONES,Y,OH IVIE LAKE/RESERVOIR NON-SYSTEM PORTION,26,23,10,0,0,0
6335,507,HAMBY WSC,MUNICIPAL,G,SHACKELFORD,Y,OH IVIE LAKE/RESERVOIR NON-SYSTEM PORTION,60,65,32,0,0,0
6335,507,HAMBY WSC,MUNICIPAL,G,TAYLOR,Y,OH IVIE LAKE/RESERVOIR NON-SYSTEM PORTION,60,73,39,0,0,0
6336,314,HARDIN COUNTY WCID 1,MUNICIPAL,I,HARDIN,N,GULF COAST AQUIFER SYSTEM | HARDIN,130,131,134,136,139,141
6337,94,HARLETON WSC,MUNICIPAL,D,HARRISON,Y,CARRIZO-WILCOX AQUIFER | HARRISON,247,247,247,247,247,247
6337,94,HARLETON WSC,MUNICIPAL,D,MARION,Y,CARRIZO-WILCOX AQUIFER | HARRISON,81,81,81,81,81,81
6337,457,HARLETON WSC,MUNICIPAL,D,HARRISON,Y,O' THE PINES LAKE/RESERVOIR,51,51,51,51,55,59
6337,457,HARLETON WSC,MUNICIPAL,D,MARION,Y,O' THE PINES LAKE/RESERVOIR,17,17,17,17,13,9
6338,315,HARRIS COUNTY FWSD 1-A,MUNICIPAL,H,HARRIS,N,GULF COAST AQUIFER SYSTEM | HARRIS,45,45,45,45,45,44
6338,410,HARRIS COUNTY FWSD 1-A,MUNICIPAL,H,HARRIS,N,LIVINGSTON-WALLISVILLE LAKE/RESERVOIR SYSTEM,185,185,185,185,185,185
6339,315,HARRIS COUNTY FWSD 27,MUNICIPAL,H,HARRIS,N,GULF COAST AQUIFER SYSTEM | HARRIS,30,36,38,39,45,43
6339,410,HARRIS COUNTY FWSD 27,MUNICIPAL,H,HARRIS,N,LIVINGSTON-WALLISVILLE LAKE/RESERVOIR SYSTEM,235,235,235,235,235,235
6340,315,HARRIS COUNTY FWSD 58,MUNICIPAL,H,HARRIS,N,GULF COAST AQUIFER SYSTEM | HARRIS,336,269,269,269,269,269
6341,315,HARRIS COUNTY MUD 122,MUNICIPAL,H,HARRIS,N,GULF COAST AQUIFER SYSTEM | HARRIS,41,27,27,27,28,29
6341,655,HARRIS COUNTY MUD 122,MUNICIPAL,H,HARRIS,N,BRAZOS RUN-OF-RIVER,133,133,133,133,133,133
6342,315,HARRIS COUNTY MUD 216,MUNICIPAL,H,HARRIS,N,GULF COAST AQUIFER SYSTEM | HARRIS,498,400,400,400,400,401
6343,315,HARRIS COUNTY MUD 321,MUNICIPAL,H,HARRIS,N,GULF COAST AQUIFER SYSTEM | HARRIS,102,56,57,58,57,57
6343,372,HARRIS COUNTY MUD 321,MUNICIPAL,H,HARRIS,N,HOUSTON LAKE/RESERVOIR,152,222,228,230,228,227
6344,315,HARRIS COUNTY MUD 342,MUNICIPAL,H,HARRIS,N,GULF COAST AQUIFER SYSTEM | HARRIS,735,589,621,635,636,639
6345,315,HARRIS COUNTY MUD 344,MUNICIPAL,H,HARRIS,N,GULF COAST AQUIFER SYSTEM | HARRIS,1101,929,929,929,929,929
6345,372,HARRIS COUNTY MUD 344,MUNICIPAL,H,HARRIS,N,HOUSTON LAKE/RESERVOIR,638,638,638,638,638,638
6346,315,HARRIS COUNTY MUD 36,MUNICIPAL,H,HARRIS,N,GULF COAST AQUIFER SYSTEM | HARRIS,606,491,536,556,557,563
6347,315,HARRIS COUNTY MUD 361,MUNICIPAL,H,HARRIS,N,GULF COAST AQUIFER SYSTEM | HARRIS,639,526,533,536,539,540
6348,315,HARRIS COUNTY MUD 372,MUNICIPAL,H,HARRIS,N,GULF COAST AQUIFER SYSTEM | HARRIS,307,162,162,162,167,172
6348,410,HARRIS COUNTY MUD 372,MUNICIPAL,H,HARRIS,N,LIVINGSTON-WALLISVILLE LAKE/RESERVOIR SYSTEM,627,648,647,648,666,688
6349,160,HARRIS-MONTGOMERY COUNTIES MUD 386,MUNICIPAL,H,MONTGOMERY,N,CONROE LAKE/RESERVOIR,374,387,387,389,392,416
6350,315,HARRIS COUNTY MUD 412,MUNICIPAL,H,HARRIS,N,GULF COAST AQUIFER SYSTEM | HARRIS,1304,1047,1072,1083,1086,1090
6350,372,HARRIS COUNTY MUD 412,MUNICIPAL,H,HARRIS,N,HOUSTON LAKE/RESERVOIR,365,367,366,365,364,362
6351,315,HARRIS COUNTY MUD 420,MUNICIPAL,H,HARRIS,N,GULF COAST AQUIFER SYSTEM | HARRIS,29,29,30,30,30,30
6351,410,HARRIS COUNTY MUD 420,MUNICIPAL,H,HARRIS,N,LIVINGSTON-WALLISVILLE LAKE/RESERVOIR SYSTEM,116,114,122,122,118,118
6352,315,HARRIS COUNTY MUD 58,MUNICIPAL,H,HARRIS,N,GULF COAST AQUIFER SYSTEM | HARRIS,262,209,209,209,209,209
6353,315,HARRIS COUNTY WCID 156,MUNICIPAL,H,HARRIS,N,GULF COAST AQUIFER SYSTEM | HARRIS,18,18,18,18,18,18
6353,410,HARRIS COUNTY WCID 156,MUNICIPAL,H,HARRIS,N,LIVINGSTON-WALLISVILLE LAKE/RESERVOIR SYSTEM,210,210,210,210,210,210
6354,315,HARRIS COUNTY WCID 70,MUNICIPAL,H,HARRIS,N,GULF COAST AQUIFER SYSTEM | HARRIS,229,183,183,183,183,183
6355,169,HARRIS COUNTY WCID 89,MUNICIPAL,H,HARRIS,N,DIRECT REUSE,9,9,9,9,9,9
6355,315,HARRIS COUNTY WCID 89,MUNICIPAL,H,HARRIS,N,GULF COAST AQUIFER SYSTEM | HARRIS,158,159,159,159,157,157
6355,410,HARRIS COUNTY WCID 89,MUNICIPAL,H,HARRIS,N,LIVINGSTON-WALLISVILLE LAKE/RESERVOIR SYSTEM,2879,2879,2879,2879,2879,2879
6356,315,HARRIS COUNTY WCID-FONDREN ROAD,MUNICIPAL,H,HARRIS,N,GULF COAST AQUIFER SYSTEM | HARRIS,52,53,53,53,52,52
6356,410,HARRIS COUNTY WCID-FONDREN ROAD,MUNICIPAL,H,HARRIS,N,LIVINGSTON-WALLISVILLE LAKE/RESERVOIR SYSTEM,308,308,308,308,308,308
6357,386,HARROLD WSC,MUNICIPAL,B,WICHITA,Y,RED INDIRECT REUSE,6,6,6,6,6,6
6357,386,HARROLD WSC,MUNICIPAL,B,WILBARGER,Y,RED INDIRECT REUSE,12,11,11,10,10,9
6357,830,HARROLD WSC,MUNICIPAL,B,WICHITA,Y,LITTLE WICHITA RIVER LAKE/RESERVOIR SYSTEM,11,11,10,9,8,7
6357,830,HARROLD WSC,MUNICIPAL,B,WILBARGER,Y,LITTLE WICHITA RIVER LAKE/RESERVOIR SYSTEM,21,19,17,16,14,12
6358,981,HARTLEY WSC,MUNICIPAL,A,HARTLEY,N,OGALLALA AND RITA BLANCA AQUIFERS | HARTLEY,168,163,160,159,158,157
6359,212,HAYS,MUNICIPAL,K,HAYS,N,EDWARDS-BFZ AQUIFER | HAYS,183,180,180,180,180,180
6360,368,HAYS COUNTY WCID 1,MUNICIPAL,K,HAYS,N,HIGHLAND LAKES LAKE/RESERVOIR SYSTEM,717,717,717,717,717,717
6361,368,HAYS COUNTY WCID 2,MUNICIPAL,K,HAYS,N,HIGHLAND LAKES LAKE/RESERVOIR SYSTEM,684,684,684,684,684,684
6362,489,HIGGINS MUNICIPAL WATER SYSTEM,MUNICIPAL,A,LIPSCOMB,N,OGALLALA AQUIFER | LIPSCOMB,87,82,75,70,65,59
6363,758,HIGHLAND PARK WSC,MUNICIPAL,G,BOSQUE,Y,TRINITY AQUIFER | BOSQUE,60,60,60,60,60,60
6363,758,HIGHLAND PARK WSC,MUNICIPAL,G,MCLENNAN,Y,TRINITY AQUIFER | BOSQUE,24,24,24,24,24,24
6364,53,HILCO UNITED SERVICES,MUNICIPAL,C,ELLIS,Y,BRAZOS RIVER AUTHORITY AQUILLA LAKE/RESERVOIR SYSTEM,14,14,15,15,15,15
6364,53,HILCO UNITED SERVICES,MUNICIPAL,G,BOSQUE,Y,BRAZOS RIVER AUTHORITY AQUILLA LAKE/RESERVOIR SYSTEM,30,31,32,33,33,32
6364,53,HILCO UNITED SERVICES,MUNICIPAL,G,HILL,Y,BRAZOS RIVER AUTHORITY AQUILLA LAKE/RESERVOIR SYSTEM,106,105,103,102,95,90
6364,780,HILCO UNITED SERVICES,MUNICIPAL,C,ELLIS,Y,TRINITY AQUIFER | HILL,76,79,82,84,87,90
6364,780,HILCO UNITED SERVICES,MUNICIPAL,G,BOSQUE,Y,TRINITY AQUIFER | HILL,165,170,176,183,189,195
6364,780,HILCO UNITED SERVICES,MUNICIPAL,G,HILL,Y,TRINITY AQUIFER | HILL,586,579,570,561,552,543
6364,838,HILCO UNITED SERVICES,MUNICIPAL,C,ELLIS,Y,WOODBINE AQUIFER | ELLIS,34,36,36,36,36,36
6364,838,HILCO UNITED SERVICES,MUNICIPAL,G,HILL,Y,WOODBINE AQUIFER | ELLIS,2,0,0,0,0,0
6365,102,HILLTOP LAKES WSC,MUNICIPAL,H,LEON,N,CARRIZO-WILCOX AQUIFER | LEON,200,243,297,326,359,400
6365,630,HILLTOP LAKES WSC,MUNICIPAL,H,LEON,N,QUEEN CITY AQUIFER | LEON,86,104,127,140,154,171
6366,791,HILLTOP WSC,MUNICIPAL,G,MCLENNAN,N,TRINITY AQUIFER | MCLENNAN,329,329,329,329,329,329
6366,818,HILLTOP WSC,MUNICIPAL,G,MCLENNAN,N,WACO LAKE/RESERVOIR,97,97,97,97,97,97
6367,315,HMW SUD,MUNICIPAL,H,HARRIS,Y,GULF COAST AQUIFER SYSTEM | HARRIS,304,243,244,244,246,248
6367,330,HMW SUD,MUNICIPAL,H,MONTGOMERY,Y,GULF COAST AQUIFER SYSTEM | MONTGOMERY,916,896,886,860,850,830
6368,457,HOLLY SPRINGS WSC,MUNICIPAL,D,CASS,Y,O' THE PINES LAKE/RESERVOIR,60,60,59,59,59,59
6368,457,HOLLY SPRINGS WSC,MUNICIPAL,D,MORRIS,Y,O' THE PINES LAKE/RESERVOIR,32,32,33,33,33,33
6369,79,HORNSBY BEND UTILITY,MUNICIPAL,K,TRAVIS,N,CARRIZO-WILCOX AQUIFER | BURLESON,281,285,285,285,285,285
6369,1222,HORNSBY BEND UTILITY,MUNICIPAL,K,TRAVIS,N,COLORADO RIVER ALLUVIUM AQUIFER | TRAVIS,688,688,688,688,688,688
6370,798,HORSESHOE BEND WATER SYSTEM,MUNICIPAL,C,PARKER,N,TRINITY AQUIFER | PARKER,179,201,255,335,456,597
6371,169,HURST CREEK MUD,MUNICIPAL,K,TRAVIS,N,DIRECT REUSE,106,106,106,106,106,106
6371,368,HURST CREEK MUD,MUNICIPAL,K,TRAVIS,N,HIGHLAND LAKES LAKE/RESERVOIR SYSTEM,1200,1200,1200,1200,1200,1200
6372,748,HUXLEY,MUNICIPAL,I,SHELBY,N,TOLEDO BEND LAKE/RESERVOIR,280,280,280,280,280,280
6373,118,JACOBS WSC,MUNICIPAL,I,RUSK,N,CARRIZO-WILCOX AQUIFER | RUSK,309,326,346,370,371,371
6374,321,JIM WELLS COUNTY FWSD 1,MUNICIPAL,N,JIM WELLS,N,GULF COAST AQUIFER SYSTEM | JIM WELLS,112,112,112,113,114,117
6375,330,JOHNSTON WATER UTILITY,MUNICIPAL,H,MONTGOMERY,N,GULF COAST AQUIFER SYSTEM | MONTGOMERY,721,603,520,468,438,410
6376,390,KAUFMAN COUNTY DEVELOPMENT DISTRICT 1,MUNICIPAL,C,KAUFMAN,N,TRINITY INDIRECT REUSE,303,283,383,539,759,851
6376,738,KAUFMAN COUNTY DEVELOPMENT DISTRICT 1,MUNICIPAL,C,KAUFMAN,N,TAWAKONI LAKE/RESERVOIR,19,17,23,32,44,49
6376,1068,KAUFMAN COUNTY DEVELOPMENT DISTRICT 1,MUNICIPAL,C,KAUFMAN,N,NORTH TEXAS MWD LAKE/RESERVOIR SYSTEM,505,448,584,790,1067,1151
6377,390,KAUFMAN COUNTY MUD 11,MUNICIPAL,C,KAUFMAN,N,TRINITY INDIRECT REUSE,241,252,283,324,377,406
6377,738,KAUFMAN COUNTY MUD 11,MUNICIPAL,C,KAUFMAN,N,TAWAKONI LAKE/RESERVOIR,15,15,17,19,22,24
6377,1068,KAUFMAN COUNTY MUD 11,MUNICIPAL,C,KAUFMAN,N,NORTH TEXAS MWD LAKE/RESERVOIR SYSTEM,402,398,431,477,531,548
6378,333,KELLY G BREWER,MUNICIPAL,I,ORANGE,N,GULF COAST AQUIFER SYSTEM | ORANGE,315,317,318,311,305,298
6379,110,KELLY LANE WCID 1,MUNICIPAL,K,TRAVIS,N,CARRIZO-WILCOX AQUIFER | MILAM,467,465,465,465,465,465
6380,106,KELLYVILLE-BEREA WSC,MUNICIPAL,D,MARION,N,CARRIZO-WILCOX AQUIFER | MARION,148,148,148,148,148,148
6381,786,KENDALL WEST UTILITY,MUNICIPAL,L,KENDALL,N,TRINITY AQUIFER | KENDALL,500,500,500,500,500,500
6382,309,KENDLETON,MUNICIPAL,H,FORT BEND,N,GULF COAST AQUIFER SYSTEM | FORT BEND,90,492,492,492,514,527
6383,216,KNIPPA WSC,MUNICIPAL,L,UVALDE,N,EDWARDS-BFZ AQUIFER | UVALDE,127,127,127,127,127,127
6383,886,KNIPPA WSC,MUNICIPAL,L,UVALDE,N,AUSTIN CHALK AQUIFER | UVALDE,100,100,100,100,100,100
6384,764,KT WATER DEVELOPMENT,MUNICIPAL,L,COMAL,N,TRINITY AQUIFER | COMAL,406,406,406,406,406,406
6385,518,LAJITAS MUNICIPAL SERVICES,MUNICIPAL,E,BREWSTER,N,OTHER AQUIFER | BREWSTER,331,331,331,331,331,331
6386,330,LAKE BONANZA WSC,MUNICIPAL,H,MONTGOMERY,N,GULF COAST AQUIFER SYSTEM | MONTGOMERY,224,227,232,233,233,228
6387,330,LAKE CONROE HILLS MUD,MUNICIPAL,H,MONTGOMERY,N,GULF COAST AQUIFER SYSTEM | MONTGOMERY,186,182,163,152,147,142
6388,131,LAKE FORK WSC,MUNICIPAL,D,HOPKINS,Y,CARRIZO-WILCOX AQUIFER | WOOD,46,46,46,46,46,46
6388,131,LAKE FORK WSC,MUNICIPAL,D,WOOD,Y,CARRIZO-WILCOX AQUIFER | WOOD,690,690,690,690,690,690
6389,315,LAKE MUD,MUNICIPAL,H,HARRIS,N,GULF COAST AQUIFER SYSTEM | HARRIS,137,141,143,145,152,154
6389,410,LAKE MUD,MUNICIPAL,H,HARRIS,N,LIVINGSTON-WALLISVILLE LAKE/RESERVOIR SYSTEM,958,958,958,958,958,958
6390,602,LAKE PALO PINTO AREA WSC,MUNICIPAL,G,PALO PINTO,N,PALO PINTO LAKE/RESERVOIR,128,127,126,125,124,123
6391,368,LAKEWAY MUD,MUNICIPAL,K,TRAVIS,N,HIGHLAND LAKES LAKE/RESERVOIR SYSTEM,3069,3069,3069,3069,3069,3069
6392,55,LAWN,MUNICIPAL,G,TAYLOR,N,BRAZOS RIVER AUTHORITY MAIN STEM LAKE/RESERVOIR SYSTEM,0,0,12,24,20,17
6392,507,LAWN,MUNICIPAL,G,TAYLOR,N,OH IVIE LAKE/RESERVOIR NON-SYSTEM PORTION,47,40,16,0,0,0
6393,169,LAZY RIVER IMPROVEMENT DISTRICT,MUNICIPAL,H,MONTGOMERY,N,DIRECT REUSE,17,17,17,17,17,17
6393,330,LAZY RIVER IMPROVEMENT DISTRICT,MUNICIPAL,H,MONTGOMERY,N,GULF COAST AQUIFER SYSTEM | MONTGOMERY,241,213,190,181,178,175
6394,95,LEAGUEVILLE WSC,MUNICIPAL,I,HENDERSON,N,CARRIZO-WILCOX AQUIFER | HENDERSON,229,242,242,249,255,262
6395,1069,LEAKEY,MUNICIPAL,J,REAL,N,FRIO RIVER ALLUVIUM AQUIFER | REAL,577,577,577,577,577,577
6396,334,LEGGETT WSC,MUNICIPAL,H,POLK,Y,GULF COAST AQUIFER SYSTEM | POLK,267,288,298,310,323,337
6396,334,LEGGETT WSC,MUNICIPAL,I,POLK,Y,GULF COAST AQUIFER SYSTEM | POLK,2,2,3,3,3,3
6397,94,LEIGH WSC,MUNICIPAL,D,HARRISON,N,CARRIZO-WILCOX AQUIFER | HARRISON,517,517,517,517,517,517
6398,791,LEROY TOURS GERALD WSC,MUNICIPAL,G,MCLENNAN,N,TRINITY AQUIFER | MCLENNAN,383,383,383,383,383,383
6399,791,LEVI WSC,MUNICIPAL,G,MCLENNAN,Y,TRINITY AQUIFER | MCLENNAN,498,498,498,498,498,498
6400,326,LIBERTY COUNTY FWSD 1 HULL,MUNICIPAL,H,LIBERTY,N,GULF COAST AQUIFER SYSTEM | LIBERTY,85,85,85,85,85,85
6401,781,LIPAN,MUNICIPAL,G,HOOD,N,TRINITY AQUIFER | HOOD,173,173,173,173,173,173
6402,54,LITTLE ELM VALLEY WSC,MUNICIPAL,G,BELL,Y,BRAZOS RIVER AUTHORITY LITTLE RIVER LAKE/RESERVOIR SYSTEM,400,397,393,390,387,384
6402,54,LITTLE ELM VALLEY WSC,MUNICIPAL,G,FALLS,Y,BRAZOS RIVER AUTHORITY LITTLE RIVER LAKE/RESERVOIR SYSTEM,11,14,18,21,24,27
6402,755,LITTLE ELM VALLEY WSC,MUNICIPAL,G,BELL,Y,TRINITY AQUIFER | BELL,221,219,218,216,216,215
6402,755,LITTLE ELM VALLEY WSC,MUNICIPAL,G,FALLS,Y,TRINITY AQUIFER | BELL,7,9,10,12,12,13
6403,127,LITTLE HOPE MOORE WSC,MUNICIPAL,D,VAN ZANDT,N,CARRIZO-WILCOX AQUIFER | VAN ZANDT,121,118,115,111,108,108
6404,132,LOMA ALTA CHULA VISTA WATER SYSTEM,MUNICIPAL,L,ZAVALA,N,CARRIZO-WILCOX AQUIFER | ZAVALA,205,205,205,205,205,205
6405,315,LUCE BAYOU PUD,MUNICIPAL,H,HARRIS,N,GULF COAST AQUIFER SYSTEM | HARRIS,80,79,79,79,79,79
6406,72,M & M WSC,MUNICIPAL,I,ANGELINA,N,CARRIZO-WILCOX AQUIFER | ANGELINA,260,262,264,267,269,272
6407,723,HIGH PRAIRIE WSC,MUNICIPAL,H,LEON,Y,SPARTA AQUIFER | MADISON,5,9,14,16,17,20
6407,723,HIGH PRAIRIE WSC,MUNICIPAL,H,MADISON,Y,SPARTA AQUIFER | MADISON,190,218,238,236,235,232
6408,417,MARATHON WATER SUPPLY & SEWER SERVICE,MUNICIPAL,E,BREWSTER,N,MARATHON AQUIFER | BREWSTER,242,242,242,242,242,242
6409,328,MARKHAM MUD,MUNICIPAL,K,MATAGORDA,N,GULF COAST AQUIFER SYSTEM | MATAGORDA,116,116,116,116,116,116
6410,390,MARKOUT WSC,MUNICIPAL,C,KAUFMAN,N,TRINITY INDIRECT REUSE,113,118,122,124,128,131
6410,738,MARKOUT WSC,MUNICIPAL,C,KAUFMAN,N,TAWAKONI LAKE/RESERVOIR,7,7,7,7,8,8
6410,1068,MARKOUT WSC,MUNICIPAL,C,KAUFMAN,N,NORTH TEXAS MWD LAKE/RESERVOIR SYSTEM,189,187,184,183,180,177
6411,328,MATAGORDA COUNTY WCID 6,MUNICIPAL,K,MATAGORDA,N,GULF COAST AQUIFER SYSTEM | MATAGORDA,116,116,116,116,116,116
6412,328,MATAGORDA WASTE DISPOSAL & WSC,MUNICIPAL,K,MATAGORDA,N,GULF COAST AQUIFER SYSTEM | MATAGORDA,385,385,385,385,385,385
6413,6,MAVERICK COUNTY,MUNICIPAL,M,MAVERICK,N,AMISTAD-FALCON LAKE/RESERVOIR SYSTEM,547,547,547,546,544,543
6413,668,MAVERICK COUNTY,MUNICIPAL,M,MAVERICK,N,RIO GRANDE RUN-OF-RIVER,182,182,182,182,182,182
6414,121,MCCLELLAND WSC,MUNICIPAL,I,SHELBY,N,CARRIZO-WILCOX AQUIFER | SHELBY,188,167,138,119,99,78
6415,791,MCLENNAN COUNTY WCID 2,MUNICIPAL,G,MCLENNAN,N,TRINITY AQUIFER | MCLENNAN,705,705,705,705,705,705
6416,309,MEADOWCREEK MUD,MUNICIPAL,H,FORT BEND,N,GULF COAST AQUIFER SYSTEM | FORT BEND,256,256,260,262,263,265
6417,214,MEDINA COUNTY WCID 2,MUNICIPAL,L,MEDINA,N,EDWARDS-BFZ AQUIFER | MEDINA,102,102,102,102,102,102
6417,792,MEDINA COUNTY WCID 2,MUNICIPAL,L,MEDINA,N,TRINITY AQUIFER | MEDINA,468,468,468,468,468,468
6418,214,MEDINA RIVER WEST WSC,MUNICIPAL,L,MEDINA,N,EDWARDS-BFZ AQUIFER | MEDINA,102,102,102,102,102,102
6418,792,MEDINA RIVER WEST WSC,MUNICIPAL,L,MEDINA,N,TRINITY AQUIFER | MEDINA,324,324,324,324,324,324
6419,334,MEMORIAL POINT UD,MUNICIPAL,H,POLK,N,GULF COAST AQUIFER SYSTEM | POLK,143,155,162,168,175,184
6419,410,MEMORIAL POINT UD,MUNICIPAL,H,POLK,N,LIVINGSTON-WALLISVILLE LAKE/RESERVOIR SYSTEM,10,10,10,10,10,10
6420,315,MEMORIAL VILLAGES WATER AUTHORITY,MUNICIPAL,H,HARRIS,N,GULF COAST AQUIFER SYSTEM | HARRIS,1220,1231,1330,1371,1351,1351
6420,410,MEMORIAL VILLAGES WATER AUTHORITY,MUNICIPAL,H,HARRIS,N,LIVINGSTON-WALLISVILLE LAKE/RESERVOIR SYSTEM,2283,2283,2283,2283,2283,2283
6421,326,MERCY WSC,MUNICIPAL,H,LIBERTY,Y,GULF COAST AQUIFER SYSTEM | LIBERTY,63,63,63,63,63,67
6421,337,MERCY WSC,MUNICIPAL,H,SAN JACINTO,Y,GULF COAST AQUIFER SYSTEM | SAN JACINTO,377,372,362,352,342,330
6422,96,MILLER GROVE WSC,MUNICIPAL,D,HOPKINS,Y,CARRIZO-WILCOX AQUIFER | HOPKINS,163,162,162,160,159,158
6422,96,MILLER GROVE WSC,MUNICIPAL,D,RAINS,Y,CARRIZO-WILCOX AQUIFER | HOPKINS,33,34,34,36,37,38
6423,390,MILLIGAN WSC,MUNICIPAL,C,COLLIN,N,TRINITY INDIRECT REUSE,129,120,122,129,143,154
6423,738,MILLIGAN WSC,MUNICIPAL,C,COLLIN,N,TAWAKONI LAKE/RESERVOIR,8,7,7,8,8,9
6423,1068,MILLIGAN WSC,MUNICIPAL,C,COLLIN,N,NORTH TEXAS MWD LAKE/RESERVOIR SYSTEM,216,188,187,190,201,208
6424,457,MIMS WSC,MUNICIPAL,D,CASS,Y,O' THE PINES LAKE/RESERVOIR,133,133,133,133,133,133
6424,457,MIMS WSC,MUNICIPAL,D,MARION,Y,O' THE PINES LAKE/RESERVOIR,763,763,763,763,763,763
6425,118,MINDEN BRACHFIELD WSC,MUNICIPAL,I,PANOLA,Y,CARRIZO-WILCOX AQUIFER | RUSK,13,15,19,20,22,24
6425,118,MINDEN BRACHFIELD WSC,MUNICIPAL,I,RUSK,Y,CARRIZO-WILCOX AQUIFER | RUSK,213,207,196,185,173,161
6426,346,MIRANDO CITY WSC,MUNICIPAL,M,WEBB,N,GULF COAST AQUIFER SYSTEM | WEBB,70,70,70,70,70,70
6427,55,MISSOURI CITY,MUNICIPAL,H,FORT BEND,N,BRAZOS RIVER AUTHORITY MAIN STEM LAKE/RESERVOIR SYSTEM,2854,3214,3456,3681,3888,4080
6427,309,MISSOURI CITY,MUNICIPAL,H,FORT BEND,N,GULF COAST AQUIFER SYSTEM | FORT BEND,5,109,159,181,223,242
6427,655,MISSOURI CITY,MUNICIPAL,H,FORT BEND,N,BRAZOS RUN-OF-RIVER,1548,1463,1376,1289,1202,1115
6427,1076,MISSOURI CITY,MUNICIPAL,H,FORT BEND,N,BRA SYSTEM OPERATIONS PERMIT SUPPLY,4389,4114,3959,3779,3392,3004
6429,330,MONTGOMERY COUNTY MUD 112,MUNICIPAL,H,MONTGOMERY,N,GULF COAST AQUIFER SYSTEM | MONTGOMERY,833,738,678,614,587,695
6430,330,MONTGOMERY COUNTY MUD 115,MUNICIPAL,H,MONTGOMERY,N,GULF COAST AQUIFER SYSTEM | MONTGOMERY,692,613,581,544,543,526
6431,330,MONTGOMERY COUNTY MUD 119,MUNICIPAL,H,MONTGOMERY,N,GULF COAST AQUIFER SYSTEM | MONTGOMERY,1386,1267,1139,1071,1042,1015
6432,330,MONTGOMERY COUNTY MUD 56,MUNICIPAL,H,MONTGOMERY,N,GULF COAST AQUIFER SYSTEM | MONTGOMERY,100,87,81,75,72,68
6433,330,MONTGOMERY COUNTY MUD 84,MUNICIPAL,H,MONTGOMERY,N,GULF COAST AQUIFER SYSTEM | MONTGOMERY,867,948,995,1042,1095,1151
6434,330,MONTGOMERY COUNTY MUD 88,MUNICIPAL,H,MONTGOMERY,N,GULF COAST AQUIFER SYSTEM | MONTGOMERY,640,535,463,418,403,391
6435,330,MONTGOMERY COUNTY MUD 95,MUNICIPAL,H,MONTGOMERY,N,GULF COAST AQUIFER SYSTEM | MONTGOMERY,2261,2262,2234,2204,2192,2178
6436,330,MONTGOMERY COUNTY MUD 98,MUNICIPAL,H,MONTGOMERY,N,GULF COAST AQUIFER SYSTEM | MONTGOMERY,265,265,265,265,265,265
6437,160,MONTGOMERY COUNTY MUD 99,MUNICIPAL,H,MONTGOMERY,N,CONROE LAKE/RESERVOIR,473,473,473,473,473,473
6437,330,MONTGOMERY COUNTY MUD 99,MUNICIPAL,H,MONTGOMERY,N,GULF COAST AQUIFER SYSTEM | MONTGOMERY,0,0,0,0,0,0
6438,95,MOORE STATION WSC,MUNICIPAL,I,HENDERSON,N,CARRIZO-WILCOX AQUIFER | HENDERSON,382,412,408,420,433,445
6439,89,MOORE WSC,MUNICIPAL,L,FRIO,N,CARRIZO-WILCOX AQUIFER | FRIO,4033,4033,4033,4033,4033,4033
6440,315,MORGANS POINT,MUNICIPAL,H,HARRIS,N,GULF COAST AQUIFER SYSTEM | HARRIS,15,16,16,16,16,15
6440,410,MORGANS POINT,MUNICIPAL,H,HARRIS,N,LIVINGSTON-WALLISVILLE LAKE/RESERVOIR SYSTEM,616,616,616,616,616,616
6441,334,MOSCOW WSC,MUNICIPAL,H,POLK,Y,GULF COAST AQUIFER SYSTEM | POLK,30,32,33,35,36,38
6441,334,MOSCOW WSC,MUNICIPAL,I,POLK,Y,GULF COAST AQUIFER SYSTEM | POLK,85,91,95,98,102,106
6441,334,MOSCOW WSC,MUNICIPAL,I,TYLER,Y,GULF COAST AQUIFER SYSTEM | POLK,3,4,5,6,7,8
6442,54,MOUNTAIN WSC,MUNICIPAL,G,CORYELL,N,BRAZOS RIVER AUTHORITY LITTLE RIVER LAKE/RESERVOIR SYSTEM,280,280,280,280,280,280
6442,767,MOUNTAIN WSC,MUNICIPAL,G,CORYELL,N,TRINITY AQUIFER | CORYELL,74,74,74,74,74,74
6442,784,MOUNTAIN WSC,MUNICIPAL,G,CORYELL,N,TRINITY AQUIFER | JOHNSON,73,73,73,73,73,73
6443,160,MSEC ENTERPRISES,MUNICIPAL,H,MONTGOMERY,Y,CONROE LAKE/RESERVOIR,821,821,821,821,821,821
6443,330,MSEC ENTERPRISES,MUNICIPAL,G,GRIMES,Y,GULF COAST AQUIFER SYSTEM | MONTGOMERY,44,69,107,166,257,400
6443,330,MSEC ENTERPRISES,MUNICIPAL,H,MONTGOMERY,Y,GULF COAST AQUIFER SYSTEM | MONTGOMERY,3251,3675,3819,3770,3532,3338
6444,118,MT ENTERPRISE WSC,MUNICIPAL,I,RUSK,N,CARRIZO-WILCOX AQUIFER | RUSK,222,214,204,191,179,167
6445,758,MUSTANG VALLEY WSC,MUNICIPAL,G,BOSQUE,Y,TRINITY AQUIFER | BOSQUE,483,482,482,482,482,482
6445,758,MUSTANG VALLEY WSC,MUNICIPAL,G,CORYELL,Y,TRINITY AQUIFER | BOSQUE,6,7,7,7,7,7
6446,127,MYRTLE SPRINGS WSC,MUNICIPAL,D,VAN ZANDT,N,CARRIZO-WILCOX AQUIFER | VAN ZANDT,251,251,251,251,251,251
6447,163,NAVAL AIR STATION KINGSVILLE,MUNICIPAL,N,KLEBERG,N,CORPUS CHRISTI-CHOKE CANYON LAKE/RESERVOIR SYSTEM,113,118,122,128,132,134
6447,742,NAVAL AIR STATION KINGSVILLE,MUNICIPAL,N,KLEBERG,N,TEXANA LAKE/RESERVOIR,151,155,160,164,169,172
6448,466,NAZARETH,MUNICIPAL,O,CASTRO,N,OGALLALA AND EDWARDS-TRINITY-HIGH PLAINS AQUIFERS | CASTRO,552,552,552,552,552,552
6449,71,NECHES WSC,MUNICIPAL,I,ANDERSON,N,CARRIZO-WILCOX AQUIFER | ANDERSON,156,154,152,151,149,147
6450,118,NEW PROSPECT WSC,MUNICIPAL,I,RUSK,N,CARRIZO-WILCOX AQUIFER | RUSK,149,143,136,128,120,112
6451,795,NOCONA HILLS WSC,MUNICIPAL,B,MONTAGUE,N,TRINITY AQUIFER | MONTAGUE,201,228,255,283,310,337
6452,390,NORTH FARMERSVILLE WSC,MUNICIPAL,C,COLLIN,N,TRINITY INDIRECT REUSE,34,34,39,41,45,45
6452,738,NORTH FARMERSVILLE WSC,MUNICIPAL,C,COLLIN,N,TAWAKONI LAKE/RESERVOIR,2,2,2,2,3,3
6452,1068,NORTH FARMERSVILLE WSC,MUNICIPAL,C,COLLIN,N,NORTH TEXAS MWD LAKE/RESERVOIR SYSTEM,55,55,60,61,62,61
6453,315,NORTH FOREST MUD,MUNICIPAL,H,HARRIS,N,GULF COAST AQUIFER SYSTEM | HARRIS,201,161,161,161,161,163
6454,94,NORTH HARRISON WSC,MUNICIPAL,D,HARRISON,N,CARRIZO-WILCOX AQUIFER | HARRISON,260,260,260,260,260,260
6455,390,NORTH KAUFMAN WSC,MUNICIPAL,C,KAUFMAN,N,TRINITY INDIRECT REUSE,78,91,102,118,138,161
6455,738,NORTH KAUFMAN WSC,MUNICIPAL,C,KAUFMAN,N,TAWAKONI LAKE/RESERVOIR,5,6,6,7,8,9
6455,1068,NORTH KAUFMAN WSC,MUNICIPAL,C,KAUFMAN,N,NORTH TEXAS MWD LAKE/RESERVOIR SYSTEM,129,141,157,174,194,219
6456,110,NORTH MILAM WSC,MUNICIPAL,G,FALLS,Y,CARRIZO-WILCOX AQUIFER | MILAM,3,3,3,3,3,3
6456,110,NORTH MILAM WSC,MUNICIPAL,G,MILAM,Y,CARRIZO-WILCOX AQUIFER | MILAM,265,265,265,265,265,265
6456,655,NORTH MILAM WSC,MUNICIPAL,G,FALLS,Y,BRAZOS RUN-OF-RIVER,0,0,0,0,0,0
6456,655,NORTH MILAM WSC,MUNICIPAL,G,MILAM,Y,BRAZOS RUN-OF-RIVER,0,0,0,0,0,0
6457,832,NORTH RUNNELS WSC,MUNICIPAL,F,RUNNELS,Y,WINTERS LAKE/RESERVOIR,0,0,0,0,0,0
6457,832,NORTH RUNNELS WSC,MUNICIPAL,G,TAYLOR,Y,WINTERS LAKE/RESERVOIR,0,0,0,0,0,0
6458,602,NORTH RURAL WSC,MUNICIPAL,C,PARKER,Y,PALO PINTO LAKE/RESERVOIR,149,179,214,252,292,337
6458,602,NORTH RURAL WSC,MUNICIPAL,G,PALO PINTO,Y,PALO PINTO LAKE/RESERVOIR,177,176,174,173,172,171
6459,271,NORTH SAN SABA WSC,MUNICIPAL,K,SAN SABA,N,ELLENBURGER-SAN SABA AQUIFER | SAN SABA,195,195,195,195,195,195
6460,723,NORTH ZULCH MUD,MUNICIPAL,H,MADISON,N,SPARTA AQUIFER | MADISON,200,233,259,261,261,261
6461,777,NORTHWEST GRAYSON COUNTY WCID 1,MUNICIPAL,C,GRAYSON,N,TRINITY AQUIFER | GRAYSON,163,163,163,163,163,163
6462,315,NORTHWEST HARRIS COUNTY MUD 16,MUNICIPAL,H,HARRIS,N,GULF COAST AQUIFER SYSTEM | HARRIS,479,385,386,387,390,393
6463,71,NORWOOD WSC,MUNICIPAL,I,ANDERSON,N,CARRIZO-WILCOX AQUIFER | ANDERSON,150,149,147,145,144,142
6464,344,OAK HOLLOW UTILITY,MUNICIPAL,H,WALLER,N,GULF COAST AQUIFER SYSTEM | WALLER,193,192,192,194,196,196
6465,647,OAK RIDGE SOUTH GALE WSC,MUNICIPAL,C,GRAYSON,N,RANDELL LAKE/RESERVOIR,29,24,20,18,15,14
6465,744,OAK RIDGE SOUTH GALE WSC,MUNICIPAL,C,GRAYSON,N,TEXOMA LAKE/RESERVOIR NON-SYSTEM PORTION,112,91,79,68,59,55
6467,767,OGLESBY,MUNICIPAL,G,CORYELL,N,TRINITY AQUIFER | CORYELL,211,211,211,211,211,211
6468,337,ONE FIVE O WSC,MUNICIPAL,H,SAN JACINTO,Y,GULF COAST AQUIFER SYSTEM | SAN JACINTO,238,235,229,223,216,208
6468,337,ONE FIVE O WSC,MUNICIPAL,H,WALKER,Y,GULF COAST AQUIFER SYSTEM | SAN JACINTO,6,7,9,11,14,16
6469,337,P B & S C WSC,MUNICIPAL,H,SAN JACINTO,N,GULF COAST AQUIFER SYSTEM | SAN JACINTO,245,242,235,229,222,214
6470,309,PALMER PLANTATION MUD 1,MUNICIPAL,H,FORT BEND,N,GULF COAST AQUIFER SYSTEM | FORT BEND,437,438,438,438,439,447
6471,309,PALMER PLANTATION MUD 2,MUNICIPAL,H,FORT BEND,N,GULF COAST AQUIFER SYSTEM | FORT BEND,332,331,331,331,331,331
6472,602,PALO PINTO WSC,MUNICIPAL,G,PALO PINTO,N,PALO PINTO LAKE/RESERVOIR,179,179,179,179,179,179
6473,54,PALOMA LAKE MUD 1,MUNICIPAL,G,WILLIAMSON,N,BRAZOS RIVER AUTHORITY LITTLE RIVER LAKE/RESERVOIR SYSTEM,409,403,400,399,399,399
6474,54,PALOMA LAKE MUD 2,MUNICIPAL,G,WILLIAMSON,N,BRAZOS RIVER AUTHORITY LITTLE RIVER LAKE/RESERVOIR SYSTEM,287,282,280,279,279,279
6475,114,PANOLA-BETHANY WSC,MUNICIPAL,D,HARRISON,Y,CARRIZO-WILCOX AQUIFER | PANOLA,82,66,54,44,36,29
6475,114,PANOLA-BETHANY WSC,MUNICIPAL,I,PANOLA,Y,CARRIZO-WILCOX AQUIFER | PANOLA,141,125,112,101,91,84
6476,375,PASEO DEL ESTE MUD 1,MUNICIPAL,E,EL PASO,N,HUECO-MESILLA BOLSON AQUIFER | EL PASO,5647,5647,5647,5647,5647,5647
6477,344,PATTISON WSC,MUNICIPAL,H,WALLER,N,GULF COAST AQUIFER SYSTEM | WALLER,225,226,238,244,250,256
6478,246,PECOS COUNTY FRESH WATER,MUNICIPAL,F,PECOS,N,"EDWARDS-TRINITY-PLATEAU, PECOS VALLEY, AND TRINITY AQUIFERS | PECOS",252,238,235,264,297,336
6479,860,PENNINGTON WSC,MUNICIPAL,H,TRINITY,Y,YEGUA-JACKSON AQUIFER | HOUSTON,54,50,46,45,42,40
6479,860,PENNINGTON WSC,MUNICIPAL,I,HOUSTON,Y,YEGUA-JACKSON AQUIFER | HOUSTON,35,32,27,26,24,21
6479,860,PENNINGTON WSC,MUNICIPAL,I,TRINITY,Y,YEGUA-JACKSON AQUIFER | HOUSTON,16,13,11,9,7,6
6479,868,PENNINGTON WSC,MUNICIPAL,H,TRINITY,Y,YEGUA-JACKSON AQUIFER | TRINITY,52,49,46,43,42,39
6479,868,PENNINGTON WSC,MUNICIPAL,I,HOUSTON,Y,YEGUA-JACKSON AQUIFER | TRINITY,36,32,27,26,23,22
6479,868,PENNINGTON WSC,MUNICIPAL,I,TRINITY,Y,YEGUA-JACKSON AQUIFER | TRINITY,16,13,10,9,7,6
6480,298,PETTUS MUD,MUNICIPAL,N,BEE,N,GULF COAST AQUIFER SYSTEM | BEE,65,68,73,79,85,91
6481,343,PHELPS SUD,MUNICIPAL,H,WALKER,N,GULF COAST AQUIFER SYSTEM | WALKER,193,196,204,208,214,221
6482,130,PICOSA WSC,MUNICIPAL,L,WILSON,N,CARRIZO-WILCOX AQUIFER | WILSON,306,306,306,306,306,306
6483,122,PINE RIDGE WSC,MUNICIPAL,D,SMITH,Y,CARRIZO-WILCOX AQUIFER | SMITH,285,285,285,285,280,282
6483,122,PINE RIDGE WSC,MUNICIPAL,D,VAN ZANDT,Y,CARRIZO-WILCOX AQUIFER | SMITH,89,89,89,89,94,92
6484,315,PINE VILLAGE PUD,MUNICIPAL,H,HARRIS,N,GULF COAST AQUIFER SYSTEM | HARRIS,281,227,227,229,228,228
6484,372,PINE VILLAGE PUD,MUNICIPAL,H,HARRIS,N,HOUSTON LAKE/RESERVOIR,367,367,367,367,367,367
6485,315,PINEWOOD COMMUNITY,MUNICIPAL,H,HARRIS,N,GULF COAST AQUIFER SYSTEM | HARRIS,84,67,68,68,69,69
6486,777,PINK HILL WSC,MUNICIPAL,C,GRAYSON,N,TRINITY AQUIFER | GRAYSON,128,128,128,128,128,128
6486,840,PINK HILL WSC,MUNICIPAL,C,GRAYSON,N,WOODBINE AQUIFER | GRAYSON,118,144,166,186,208,233
6487,88,PLEASANT GROVE WSC,MUNICIPAL,C,FREESTONE,Y,CARRIZO-WILCOX AQUIFER | FREESTONE,126,136,149,145,141,136
6487,88,PLEASANT GROVE WSC,MUNICIPAL,C,NAVARRO,Y,CARRIZO-WILCOX AQUIFER | FREESTONE,12,12,13,14,14,15
6488,71,PLEASANT SPRINGS WSC,MUNICIPAL,I,ANDERSON,N,CARRIZO-WILCOX AQUIFER | ANDERSON,176,176,176,176,176,176
6488,600,PLEASANT SPRINGS WSC,MUNICIPAL,I,ANDERSON,N,PALESTINE LAKE/RESERVOIR,121,121,121,121,121,121
6489,390,POETRY WSC,MUNICIPAL,C,KAUFMAN,Y,TRINITY INDIRECT REUSE,72,81,117,168,251,292
6489,390,POETRY WSC,MUNICIPAL,D,HUNT,Y,TRINITY INDIRECT REUSE,79,80,77,74,58,57
6489,738,POETRY WSC,MUNICIPAL,C,KAUFMAN,Y,TAWAKONI LAKE/RESERVOIR,4,5,7,10,15,17
6489,738,POETRY WSC,MUNICIPAL,D,HUNT,Y,TAWAKONI LAKE/RESERVOIR,5,5,4,4,3,3
6489,1068,POETRY WSC,MUNICIPAL,C,KAUFMAN,Y,NORTH TEXAS MWD LAKE/RESERVOIR SYSTEM,121,130,177,247,353,394
6489,1068,POETRY WSC,MUNICIPAL,D,HUNT,Y,NORTH TEXAS MWD LAKE/RESERVOIR SYSTEM,133,126,117,109,83,78
6490,88,POINT ENTERPRISE WSC,MUNICIPAL,C,FREESTONE,Y,CARRIZO-WILCOX AQUIFER | FREESTONE,116,115,113,113,113,113
6490,88,POINT ENTERPRISE WSC,MUNICIPAL,G,LIMESTONE,Y,CARRIZO-WILCOX AQUIFER | FREESTONE,65,63,60,58,55,52
6491,72,POLLOK-REDTOWN WSC,MUNICIPAL,I,ANGELINA,Y,CARRIZO-WILCOX AQUIFER | ANGELINA,197,199,200,202,204,206
6491,72,POLLOK-REDTOWN WSC,MUNICIPAL,I,CHEROKEE,Y,CARRIZO-WILCOX AQUIFER | ANGELINA,8,8,8,8,8,7
6492,6,PORT MANSFIELD PUD,MUNICIPAL,M,WILLACY,N,AMISTAD-FALCON LAKE/RESERVOIR SYSTEM,98,98,98,98,98,98
6493,453,POST OAK SUD,MUNICIPAL,C,NAVARRO,Y,NAVARRO MILLS LAKE/RESERVOIR,94,86,76,66,56,47
6493,453,POST OAK SUD,MUNICIPAL,G,HILL,Y,NAVARRO MILLS LAKE/RESERVOIR,164,164,158,151,145,139
6493,453,POST OAK SUD,MUNICIPAL,G,LIMESTONE,Y,NAVARRO MILLS LAKE/RESERVOIR,24,23,20,19,16,16
6493,652,POST OAK SUD,MUNICIPAL,C,NAVARRO,Y,CORSICANA RICHLAND CHAMBERS-HALBERT LAKE/RESERVOIR SYSTEM,19,18,15,13,11,9
6493,652,POST OAK SUD,MUNICIPAL,G,HILL,Y,CORSICANA RICHLAND CHAMBERS-HALBERT LAKE/RESERVOIR SYSTEM,33,33,32,30,30,29
6493,652,POST OAK SUD,MUNICIPAL,G,LIMESTONE,Y,CORSICANA RICHLAND CHAMBERS-HALBERT LAKE/RESERVOIR SYSTEM,5,4,4,4,3,3
6494,103,PRAIRIE HILL WSC,MUNICIPAL,G,LIMESTONE,Y,CARRIZO-WILCOX AQUIFER | LIMESTONE,0,0,0,0,0,0
6494,103,PRAIRIE HILL WSC,MUNICIPAL,G,MCLENNAN,Y,CARRIZO-WILCOX AQUIFER | LIMESTONE,0,0,0,0,0,0
6495,344,PRAIRIE VIEW A&M UNIVERSITY,MUNICIPAL,H,WALLER,N,GULF COAST AQUIFER SYSTEM | WALLER,711,723,728,734,741,750
6496,334,PROVIDENCE WSC,MUNICIPAL,H,POLK,N,GULF COAST AQUIFER SYSTEM | POLK,379,409,425,442,462,483
6497,127,PRUITT SANDFLAT WSC,MUNICIPAL,D,VAN ZANDT,N,CARRIZO-WILCOX AQUIFER | VAN ZANDT,226,226,235,238,237,244
6498,299,QUADVEST,MUNICIPAL,H,BRAZORIA,Y,GULF COAST AQUIFER SYSTEM | BRAZORIA,142,139,137,135,132,128
6498,309,QUADVEST,MUNICIPAL,H,FORT BEND,Y,GULF COAST AQUIFER SYSTEM | FORT BEND,575,708,851,977,1075,1135
6498,315,QUADVEST,MUNICIPAL,H,HARRIS,Y,GULF COAST AQUIFER SYSTEM | HARRIS,31,25,26,27,27,27
6498,317,QUADVEST,MUNICIPAL,P,JACKSON,Y,GULF COAST AQUIFER SYSTEM | JACKSON,31,31,31,31,31,31
6498,326,QUADVEST,MUNICIPAL,H,LIBERTY,Y,GULF COAST AQUIFER SYSTEM | LIBERTY,1132,1132,1132,1132,1132,1132
6498,328,QUADVEST,MUNICIPAL,K,MATAGORDA,Y,GULF COAST AQUIFER SYSTEM | MATAGORDA,20,20,19,18,17,16
6498,330,QUADVEST,MUNICIPAL,H,MONTGOMERY,Y,GULF COAST AQUIFER SYSTEM | MONTGOMERY,4988,5217,5199,5054,4936,4897
6498,343,QUADVEST,MUNICIPAL,H,WALKER,Y,GULF COAST AQUIFER SYSTEM | WALKER,129,167,231,319,412,511
6498,344,QUADVEST,MUNICIPAL,H,WALLER,Y,GULF COAST AQUIFER SYSTEM | WALLER,28,28,28,28,66,94
6499,342,QUAIL CREEK MUD,MUNICIPAL,L,VICTORIA,N,GULF COAST AQUIFER SYSTEM | VICTORIA,1235,1235,1235,1235,1235,1235
6500,169,QUAIL VALLEY UD,MUNICIPAL,H,FORT BEND,N,DIRECT REUSE,634,634,634,634,634,634
6500,309,QUAIL VALLEY UD,MUNICIPAL,H,FORT BEND,N,GULF COAST AQUIFER SYSTEM | FORT BEND,1823,1850,1860,1909,1934,1959
6501,464,QUITAQUE,MUNICIPAL,O,BRISCOE,N,OGALLALA AND EDWARDS-TRINITY-HIGH PLAINS AQUIFERS | BRISCOE,318,318,318,318,318,318
6502,390,R C H WSC,MUNICIPAL,C,ROCKWALL,N,TRINITY INDIRECT REUSE,395,394,440,533,616,729
6502,738,R C H WSC,MUNICIPAL,C,ROCKWALL,N,TAWAKONI LAKE/RESERVOIR,24,24,26,31,36,42
6502,1068,R C H WSC,MUNICIPAL,C,ROCKWALL,N,NORTH TEXAS MWD LAKE/RESERVOIR SYSTEM,658,623,671,783,868,988
6504,1194,RAYBURN COUNTRY MUD,MUNICIPAL,I,JASPER,N,YEGUA-JACKSON AQUIFER | JASPER,278,264,247,231,216,201
6505,293,RED RIVER AUTHORITY OF TEXAS,MUNICIPAL,A,CHILDRESS,Y,GREENBELT LAKE/RESERVOIR,253,234,230,237,242,253
6505,293,RED RIVER AUTHORITY OF TEXAS,MUNICIPAL,A,COLLINGSWORTH,Y,GREENBELT LAKE/RESERVOIR,11,10,10,10,11,11
6505,293,RED RIVER AUTHORITY OF TEXAS,MUNICIPAL,A,DONLEY,Y,GREENBELT LAKE/RESERVOIR,20,20,20,20,20,20
6505,293,RED RIVER AUTHORITY OF TEXAS,MUNICIPAL,A,HALL,Y,GREENBELT LAKE/RESERVOIR,66,65,65,65,66,67
6505,293,RED RIVER AUTHORITY OF TEXAS,MUNICIPAL,B,FOARD,Y,GREENBELT LAKE/RESERVOIR,48,48,48,49,51,52
6505,293,RED RIVER AUTHORITY OF TEXAS,MUNICIPAL,B,HARDEMAN,Y,GREENBELT LAKE/RESERVOIR,129,126,125,123,122,122
6505,293,RED RIVER AUTHORITY OF TEXAS,MUNICIPAL,B,WILBARGER,Y,GREENBELT LAKE/RESERVOIR,5,5,5,5,5,5
6505,386,RED RIVER AUTHORITY OF TEXAS,MUNICIPAL,B,CLAY,Y,RED INDIRECT REUSE,136,134,133,132,131,130
6505,474,RED RIVER AUTHORITY OF TEXAS,MUNICIPAL,A,CHILDRESS,Y,OGALLALA AQUIFER | DONLEY,129,124,122,125,127,126
6505,474,RED RIVER AUTHORITY OF TEXAS,MUNICIPAL,A,COLLINGSWORTH,Y,OGALLALA AQUIFER | DONLEY,5,6,6,6,5,5
6505,474,RED RIVER AUTHORITY OF TEXAS,MUNICIPAL,A,DONLEY,Y,OGALLALA AQUIFER | DONLEY,62,56,50,47,44,40
6505,474,RED RIVER AUTHORITY OF TEXAS,MUNICIPAL,A,HALL,Y,OGALLALA AQUIFER | DONLEY,34,35,35,35,34,33
6505,474,RED RIVER AUTHORITY OF TEXAS,MUNICIPAL,B,FOARD,Y,OGALLALA AQUIFER | DONLEY,25,25,26,26,26,26
6505,474,RED RIVER AUTHORITY OF TEXAS,MUNICIPAL,B,HARDEMAN,Y,OGALLALA AQUIFER | DONLEY,66,67,67,65,64,61
6505,474,RED RIVER AUTHORITY OF TEXAS,MUNICIPAL,B,WILBARGER,Y,OGALLALA AQUIFER | DONLEY,2,2,2,2,2,2
6505,531,RED RIVER AUTHORITY OF TEXAS,MUNICIPAL,B,COTTLE,Y,OTHER AQUIFER | COTTLE,29,29,29,30,30,30
6505,535,RED RIVER AUTHORITY OF TEXAS,MUNICIPAL,B,KING,Y,OTHER AQUIFER | DICKENS,61,62,62,64,65,66
6505,535,RED RIVER AUTHORITY OF TEXAS,MUNICIPAL,O,DICKENS,Y,OTHER AQUIFER | DICKENS,1,1,1,1,1,0
6505,564,RED RIVER AUTHORITY OF TEXAS,MUNICIPAL,O,MOTLEY,Y,OTHER AQUIFER | MOTLEY,2,1,1,1,1,1
6505,690,RED RIVER AUTHORITY OF TEXAS,MUNICIPAL,A,COLLINGSWORTH,Y,SEYMOUR AQUIFER | COLLINGSWORTH,74,72,67,63,59,56
6505,696,RED RIVER AUTHORITY OF TEXAS,MUNICIPAL,A,HALL,Y,SEYMOUR AQUIFER | HALL,10,10,10,13,14,30
6505,697,RED RIVER AUTHORITY OF TEXAS,MUNICIPAL,B,WILBARGER,Y,SEYMOUR AQUIFER | HARDEMAN,46,46,47,47,47,47
6505,701,RED RIVER AUTHORITY OF TEXAS,MUNICIPAL,G,KNOX,Y,SEYMOUR AQUIFER | KNOX,13,13,12,11,10,8
6505,706,RED RIVER AUTHORITY OF TEXAS,MUNICIPAL,B,WILBARGER,Y,SEYMOUR AQUIFER | WILBARGER,263,263,264,264,264,264
6505,744,RED RIVER AUTHORITY OF TEXAS,MUNICIPAL,C,GRAYSON,Y,TEXOMA LAKE/RESERVOIR NON-SYSTEM PORTION,247,247,247,247,247,247
6505,795,RED RIVER AUTHORITY OF TEXAS,MUNICIPAL,B,MONTAGUE,Y,TRINITY AQUIFER | MONTAGUE,44,45,46,48,50,50
6505,830,RED RIVER AUTHORITY OF TEXAS,MUNICIPAL,B,CLAY,Y,LITTLE WICHITA RIVER LAKE/RESERVOIR SYSTEM,247,229,211,194,178,163
6506,324,RIVIERA WATER SYSTEM,MUNICIPAL,N,KLEBERG,N,GULF COAST AQUIFER SYSTEM | KLEBERG,128,131,136,142,149,155
6507,791,ROSS WSC,MUNICIPAL,G,MCLENNAN,N,TRINITY AQUIFER | MCLENNAN,421,421,421,421,421,421
6507,818,ROSS WSC,MUNICIPAL,G,MCLENNAN,N,WACO LAKE/RESERVOIR,336,336,336,336,336,336
6508,309,ROYAL VALLEY UTILITIES,MUNICIPAL,H,FORT BEND,N,GULF COAST AQUIFER SYSTEM | FORT BEND,899,937,953,1010,1021,1045
6509,318,RURAL WSC,MUNICIPAL,I,JASPER,N,GULF COAST AQUIFER SYSTEM | JASPER,106,100,94,88,82,76
6510,54,SALEM ELM RIDGE WSC,MUNICIPAL,G,MILAM,N,BRAZOS RIVER AUTHORITY LITTLE RIVER LAKE/RESERVOIR SYSTEM,347,184,174,174,174,174
6510,655,SALEM ELM RIDGE WSC,MUNICIPAL,G,MILAM,N,BRAZOS RUN-OF-RIVER,0,0,0,0,0,0
6510,755,SALEM ELM RIDGE WSC,MUNICIPAL,G,MILAM,N,TRINITY AQUIFER | BELL,0,163,173,173,173,173
6511,684,SAN AUGUSTINE RURAL WSC,MUNICIPAL,I,SAN AUGUSTINE,N,SAN AUGUSTINE LAKE/RESERVOIR,286,312,331,324,315,306
6512,122,SAND FLAT WSC,MUNICIPAL,D,SMITH,N,CARRIZO-WILCOX AQUIFER | SMITH,546,546,546,546,546,546
6513,121,SAND HILLS WSC,MUNICIPAL,I,SAN AUGUSTINE,Y,CARRIZO-WILCOX AQUIFER | SHELBY,6,7,8,8,8,8
6513,121,SAND HILLS WSC,MUNICIPAL,I,SHELBY,Y,CARRIZO-WILCOX AQUIFER | SHELBY,284,283,282,282,282,282
6513,147,SAND HILLS WSC,MUNICIPAL,I,SHELBY,Y,CENTER LAKE/RESERVOIR,36,42,49,53,57,62
6513,607,SAND HILLS WSC,MUNICIPAL,I,SHELBY,Y,PINKSTON LAKE/RESERVOIR,264,299,349,379,410,441
6514,602,SANTO SUD,MUNICIPAL,C,PARKER,Y,PALO PINTO LAKE/RESERVOIR,21,25,29,34,40,46
6514,602,SANTO SUD,MUNICIPAL,G,HOOD,Y,PALO PINTO LAKE/RESERVOIR,8,8,9,8,9,9
6514,602,SANTO SUD,MUNICIPAL,G,PALO PINTO,Y,PALO PINTO LAKE/RESERVOIR,302,298,293,289,282,276
6515,94,SCOTTSVILLE,MUNICIPAL,D,HARRISON,N,CARRIZO-WILCOX AQUIFER | HARRISON,216,216,216,216,216,216
6516,299,SEDONA LAKES MUD 1,MUNICIPAL,H,BRAZORIA,N,GULF COAST AQUIFER SYSTEM | BRAZORIA,256,258,283,292,292,296
6517,368,SENNA HILLS MUD,MUNICIPAL,K,TRAVIS,N,HIGHLAND LAKES LAKE/RESERVOIR SYSTEM,336,336,336,336,336,336
6518,315,SEQUOIA IMPROVEMENT DISTRICT,MUNICIPAL,H,HARRIS,N,GULF COAST AQUIFER SYSTEM | HARRIS,138,111,111,111,110,110
6519,373,FORT GRIFFIN SUD,MUNICIPAL,G,SHACKELFORD,Y,HUBBARD CREEK LAKE/RESERVOIR,94,93,92,92,92,92
6519,373,FORT GRIFFIN SUD,MUNICIPAL,G,STEPHENS,Y,HUBBARD CREEK LAKE/RESERVOIR,102,100,100,100,100,100
6519,373,FORT GRIFFIN SUD,MUNICIPAL,G,THROCKMORTON,Y,HUBBARD CREEK LAKE/RESERVOIR,19,19,19,19,19,19
6520,148,SHADY GROVE NO 2 WSC,MUNICIPAL,D,HOPKINS,N,CHAPMAN/COOPER LAKE/RESERVOIR NON-SYSTEM PORTION,59,63,63,66,68,70
6520,735,SHADY GROVE NO 2 WSC,MUNICIPAL,D,HOPKINS,N,SULPHUR SPRINGS LAKE/RESERVOIR,58,62,63,65,67,70
6521,738,SHADY GROVE SUD,MUNICIPAL,D,HUNT,N,TAWAKONI LAKE/RESERVOIR,174,220,280,357,455,580
6522,386,SHEPPARD AIR FORCE BASE,MUNICIPAL,B,WICHITA,N,RED INDIRECT REUSE,350,345,340,338,335,333
6522,830,SHEPPARD AIR FORCE BASE,MUNICIPAL,B,WICHITA,N,LITTLE WICHITA RIVER LAKE/RESERVOIR SYSTEM,636,587,541,499,457,415
6523,96,SHIRLEY WSC,MUNICIPAL,D,HOPKINS,Y,CARRIZO-WILCOX AQUIFER | HOPKINS,232,231,228,224,220,217
6523,96,SHIRLEY WSC,MUNICIPAL,D,RAINS,Y,CARRIZO-WILCOX AQUIFER | HOPKINS,110,112,115,120,124,127
6523,96,SHIRLEY WSC,MUNICIPAL,D,WOOD,Y,CARRIZO-WILCOX AQUIFER | HOPKINS,16,15,15,14,14,14
6523,115,SHIRLEY WSC,MUNICIPAL,D,HOPKINS,Y,CARRIZO-WILCOX AQUIFER | RAINS,102,101,100,99,97,96
6523,115,SHIRLEY WSC,MUNICIPAL,D,RAINS,Y,CARRIZO-WILCOX AQUIFER | RAINS,48,50,51,53,55,56
6523,115,SHIRLEY WSC,MUNICIPAL,D,WOOD,Y,CARRIZO-WILCOX AQUIFER | RAINS,7,7,7,6,6,6
6524,6,SIESTA SHORES WCID,MUNICIPAL,M,ZAPATA,N,AMISTAD-FALCON LAKE/RESERVOIR SYSTEM,363,363,363,363,363,363
6525,55,SLC WSC,MUNICIPAL,G,LIMESTONE,N,BRAZOS RIVER AUTHORITY MAIN STEM LAKE/RESERVOIR SYSTEM,181,180,179,177,176,175
6526,71,SLOCUM WSC,MUNICIPAL,I,ANDERSON,N,CARRIZO-WILCOX AQUIFER | ANDERSON,325,323,318,314,310,306
6527,758,SMITH BEND WSC,MUNICIPAL,G,BOSQUE,N,TRINITY AQUIFER | BOSQUE,215,215,215,215,215,215
6528,334,SODA WSC,MUNICIPAL,H,POLK,Y,GULF COAST AQUIFER SYSTEM | POLK,209,226,234,244,255,266
6528,334,SODA WSC,MUNICIPAL,I,POLK,Y,GULF COAST AQUIFER SYSTEM | POLK,17,18,19,20,20,21
6529,802,SOMERVELL COUNTY WATER DISTRICT,MUNICIPAL,G,SOMERVELL,N,TRINITY AQUIFER | SOMERVELL,184,231,285,288,291,294
6529,827,SOMERVELL COUNTY WATER DISTRICT,MUNICIPAL,G,SOMERVELL,N,WHEELER BRANCH OFF-CHANNEL LAKE/RESERVOIR,1065,1062,1061,1059,1057,1055
6530,54,SONTERRA MUD,MUNICIPAL,G,WILLIAMSON,N,BRAZOS RIVER AUTHORITY LITTLE RIVER LAKE/RESERVOIR SYSTEM,1137,1130,1122,1115,1108,1101
6530,217,SONTERRA MUD,MUNICIPAL,G,WILLIAMSON,N,EDWARDS-BFZ AQUIFER | WILLIAMSON,221,210,201,201,201,201
6531,779,SOUTH BUDA WCID 1,MUNICIPAL,L,HAYS,N,TRINITY AQUIFER | HAYS,850,850,850,850,850,850
6532,326,SOUTH CLEVELAND WSC,MUNICIPAL,H,LIBERTY,N,GULF COAST AQUIFER SYSTEM | LIBERTY,625,958,1285,1402,1402,1402
6533,772,SOUTH ELLIS COUNTY WSC,MUNICIPAL,C,ELLIS,Y,TRINITY AQUIFER | ELLIS,430,429,430,431,431,432
6533,772,SOUTH ELLIS COUNTY WSC,MUNICIPAL,C,NAVARRO,Y,TRINITY AQUIFER | ELLIS,20,21,20,19,19,18
6534,88,SOUTH FREESTONE COUNTY WSC,MUNICIPAL,C,FREESTONE,N,CARRIZO-WILCOX AQUIFER | FREESTONE,250,260,275,267,258,249
6535,318,SOUTH JASPER COUNTY WSC,MUNICIPAL,I,JASPER,N,GULF COAST AQUIFER SYSTEM | JASPER,215,203,190,178,166,154
6536,115,SOUTH RAINS SUD,MUNICIPAL,D,RAINS,N,CARRIZO-WILCOX AQUIFER | RAINS,90,90,90,90,90,90
6536,738,SOUTH RAINS SUD,MUNICIPAL,D,RAINS,N,TAWAKONI LAKE/RESERVOIR,192,188,187,187,188,188
6537,118,SOUTH RUSK COUNTY WSC,MUNICIPAL,I,CHEROKEE,Y,CARRIZO-WILCOX AQUIFER | RUSK,5,5,5,5,4,4
6537,118,SOUTH RUSK COUNTY WSC,MUNICIPAL,I,RUSK,Y,CARRIZO-WILCOX AQUIFER | RUSK,242,234,222,209,196,182
6538,102,SOUTHEAST WSC,MUNICIPAL,H,LEON,N,CARRIZO-WILCOX AQUIFER | LEON,269,265,262,260,258,255
6539,315,SOUTHERN WATER,MUNICIPAL,H,HARRIS,N,GULF COAST AQUIFER SYSTEM | HARRIS,493,395,400,402,400,400
6540,315,SOUTHWEST HARRIS COUNTY MUD 1,MUNICIPAL,H,HARRIS,N,GULF COAST AQUIFER SYSTEM | HARRIS,24,24,24,24,24,24
6540,410,SOUTHWEST HARRIS COUNTY MUD 1,MUNICIPAL,H,HARRIS,N,LIVINGSTON-WALLISVILLE LAKE/RESERVOIR SYSTEM,146,146,146,146,146,146
6541,145,SOUTHWEST SANDHILLS WSC,MUNICIPAL,F,WARD,N,EDWARDS-TRINITY-PLATEAU AND PECOS VALLEY AQUIFERS | WARD,378,426,479,524,574,628
6542,55,SPORTSMANS WORLD MUD,MUNICIPAL,G,PALO PINTO,N,BRAZOS RIVER AUTHORITY MAIN STEM LAKE/RESERVOIR SYSTEM,89,89,89,89,89,89
6543,315,SPRING MEADOWS MUD,MUNICIPAL,H,HARRIS,N,GULF COAST AQUIFER SYSTEM | HARRIS,70,85,85,85,85,85
6543,410,SPRING MEADOWS MUD,MUNICIPAL,H,HARRIS,N,LIVINGSTON-WALLISVILLE LAKE/RESERVOIR SYSTEM,280,336,340,340,340,340
6544,54,SPRING VALLEY WSC,MUNICIPAL,G,MCLENNAN,N,BRAZOS RIVER AUTHORITY LITTLE RIVER LAKE/RESERVOIR SYSTEM,290,288,286,284,282,282
6544,791,SPRING VALLEY WSC,MUNICIPAL,G,MCLENNAN,N,TRINITY AQUIFER | MCLENNAN,166,166,166,166,166,166
6545,404,STAFF WSC,MUNICIPAL,G,EASTLAND,Y,LEON LAKE/RESERVOIR,197,198,216,227,240,255
6545,404,STAFF WSC,MUNICIPAL,G,STEPHENS,Y,LEON LAKE/RESERVOIR,65,64,46,35,22,7
6546,122,STAR MOUNTAIN WSC,MUNICIPAL,D,SMITH,N,CARRIZO-WILCOX AQUIFER | SMITH,339,339,339,339,339,339
6547,777,STARR WSC,MUNICIPAL,C,GRAYSON,N,TRINITY AQUIFER | GRAYSON,230,249,266,281,298,316
6548,91,STARRVILLE-FRIENDSHIP WSC,MUNICIPAL,D,GREGG,Y,CARRIZO-WILCOX AQUIFER | GREGG,60,60,60,60,60,60
6548,91,STARRVILLE-FRIENDSHIP WSC,MUNICIPAL,D,SMITH,Y,CARRIZO-WILCOX AQUIFER | GREGG,147,147,147,147,147,147
6548,122,STARRVILLE-FRIENDSHIP WSC,MUNICIPAL,D,GREGG,Y,CARRIZO-WILCOX AQUIFER | SMITH,38,38,38,38,38,38
6548,122,STARRVILLE-FRIENDSHIP WSC,MUNICIPAL,D,SMITH,Y,CARRIZO-WILCOX AQUIFER | SMITH,92,92,92,92,92,92
6549,602,STURDIVANT PROGRESS WSC,MUNICIPAL,C,PARKER,Y,PALO PINTO LAKE/RESERVOIR,2,2,2,2,1,1
6549,602,STURDIVANT PROGRESS WSC,MUNICIPAL,G,PALO PINTO,Y,PALO PINTO LAKE/RESERVOIR,305,305,305,305,306,306
6550,315,SUBURBAN UTILITY,MUNICIPAL,H,HARRIS,N,GULF COAST AQUIFER SYSTEM | HARRIS,562,543,575,583,586,587
6551,299,SURFSIDE BEACH,MUNICIPAL,H,BRAZORIA,N,GULF COAST AQUIFER SYSTEM | BRAZORIA,107,103,100,94,89,83
6551,655,SURFSIDE BEACH,MUNICIPAL,H,BRAZORIA,N,BRAZOS RUN-OF-RIVER,336,336,336,336,336,336
6552,326,T & W WATER SERVICE,MUNICIPAL,H,LIBERTY,Y,GULF COAST AQUIFER SYSTEM | LIBERTY,253,331,410,478,542,610
6552,330,T & W WATER SERVICE,MUNICIPAL,H,MONTGOMERY,Y,GULF COAST AQUIFER SYSTEM | MONTGOMERY,1684,1581,1590,1585,1610,1562
6553,94,TALLEY WSC,MUNICIPAL,D,HARRISON,N,CARRIZO-WILCOX AQUIFER | HARRISON,198,198,198,198,198,198
6554,71,TDCJ BETO GURNEY & POWLEDGE UNITS,MUNICIPAL,I,ANDERSON,N,CARRIZO-WILCOX AQUIFER | ANDERSON,1741,1738,1738,1738,1738,1738
6555,298,TDCJ CHASE FIELD,MUNICIPAL,N,BEE,N,GULF COAST AQUIFER SYSTEM | BEE,1290,1290,1290,1290,1290,1290
6556,71,TDCJ COFFIELD MICHAEL,MUNICIPAL,I,ANDERSON,N,CARRIZO-WILCOX AQUIFER | ANDERSON,3469,3465,3465,3465,3465,3465
6557,719,TDCJ EASTHAM UNIT,MUNICIPAL,I,HOUSTON,N,SPARTA AQUIFER | HOUSTON,977,977,977,977,977,977
6558,309,TDCJ JESTER UNITS,MUNICIPAL,H,FORT BEND,N,GULF COAST AQUIFER SYSTEM | FORT BEND,549,548,548,548,548,548
6559,313,TDCJ LUTHER UNITS,MUNICIPAL,G,GRIMES,N,GULF COAST AQUIFER SYSTEM | GRIMES,655,655,655,655,655,655
6560,299,TDCJ RAMSEY AREA,MUNICIPAL,H,BRAZORIA,N,GULF COAST AQUIFER SYSTEM | BRAZORIA,1636,1565,1546,1529,1523,1519
6560,655,TDCJ RAMSEY AREA,MUNICIPAL,H,BRAZORIA,N,BRAZOS RUN-OF-RIVER,1008,1008,1008,1008,1008,1008
6561,313,TDCJ W PACK UNIT,MUNICIPAL,G,GRIMES,N,GULF COAST AQUIFER SYSTEM | GRIMES,631,631,631,631,631,631
6562,334,TEMPE WSC 1,MUNICIPAL,H,POLK,N,GULF COAST AQUIFER SYSTEM | POLK,219,236,245,255,266,278
6563,443,TEXAS A&M UNIVERSITY COMMERCE,MUNICIPAL,D,HUNT,N,NACATOCH AQUIFER | HUNT,157,157,157,157,157,157
6564,818,TEXAS STATE TECHNICAL COLLEGE,MUNICIPAL,G,MCLENNAN,N,WACO LAKE/RESERVOIR,1680,1680,1680,1680,1680,1680
6565,212,TEXAS STATE UNIVERSITY,MUNICIPAL,L,HAYS,N,EDWARDS-BFZ AQUIFER | HAYS,1143,1143,1143,1143,1143,1143
6566,502,TEXHOMA,MUNICIPAL,A,SHERMAN,N,OGALLALA AQUIFER | SHERMAN,85,83,80,77,74,71
6567,54,THE GROVE WSC,MUNICIPAL,G,BELL,Y,BRAZOS RIVER AUTHORITY LITTLE RIVER LAKE/RESERVOIR SYSTEM,184,209,235,261,288,288
6567,54,THE GROVE WSC,MUNICIPAL,G,CORYELL,Y,BRAZOS RIVER AUTHORITY LITTLE RIVER LAKE/RESERVOIR SYSTEM,27,30,34,38,42,42
6568,309,THUNDERBIRD UD,MUNICIPAL,H,FORT BEND,N,GULF COAST AQUIFER SYSTEM | FORT BEND,821,829,851,856,863,879
6569,408,TOM GREEN COUNTY FWSD 3,MUNICIPAL,F,TOM GREEN,N,LIPAN AQUIFER | TOM GREEN,114,127,139,150,163,177
6570,368,TRAVIS COUNTY MUD 10,MUNICIPAL,K,TRAVIS,N,HIGHLAND LAKES LAKE/RESERVOIR SYSTEM,96,96,96,96,96,96
6571,368,ROUGH HOLLOW IN TRAVIS COUNTY,MUNICIPAL,K,TRAVIS,N,HIGHLAND LAKES LAKE/RESERVOIR SYSTEM,1193,1193,1193,1193,1193,1193
6572,74,TRAVIS COUNTY MUD 14,MUNICIPAL,K,TRAVIS,N,CARRIZO-WILCOX AQUIFER | BASTROP,245,291,332,373,419,472
6573,79,TRAVIS COUNTY MUD 2,MUNICIPAL,K,TRAVIS,N,CARRIZO-WILCOX AQUIFER | BURLESON,318,322,322,322,322,322
6573,805,TRAVIS COUNTY MUD 2,MUNICIPAL,K,TRAVIS,N,TRINITY AQUIFER | TRAVIS,218,218,218,218,218,218
6574,661,TRI COMMUNITY WSC,MUNICIPAL,L,CALDWELL,Y,GUADALUPE RUN-OF-RIVER,492,490,490,491,490,490
6574,661,TRI COMMUNITY WSC,MUNICIPAL,L,GUADALUPE,Y,GUADALUPE RUN-OF-RIVER,8,10,10,9,10,10
6575,71,TUCKER WSC,MUNICIPAL,I,ANDERSON,N,CARRIZO-WILCOX AQUIFER | ANDERSON,130,130,128,126,124,122
6576,696,TURKEY MUNICIPAL WATER SYSTEM,MUNICIPAL,A,HALL,N,SEYMOUR AQUIFER | HALL,89,84,75,68,62,57
6577,117,TWIN CREEK WSC,MUNICIPAL,G,ROBERTSON,N,CARRIZO-WILCOX AQUIFER | ROBERTSON,692,692,692,692,692,692
6578,125,UNION GROVE WSC,MUNICIPAL,D,UPSHUR,N,CARRIZO-WILCOX AQUIFER | UPSHUR,376,376,376,376,376,376
6579,72,UPPER JASPER COUNTY WATER AUTHORITY,MUNICIPAL,I,ANGELINA,Y,CARRIZO-WILCOX AQUIFER | ANGELINA,29,29,29,29,29,29
6579,318,UPPER JASPER COUNTY WATER AUTHORITY,MUNICIPAL,I,JASPER,Y,GULF COAST AQUIFER SYSTEM | JASPER,419,396,370,347,324,301
6580,330,VALLEY RANCH MUD 1,MUNICIPAL,H,MONTGOMERY,N,GULF COAST AQUIFER SYSTEM | MONTGOMERY,322,443,517,562,604,649
6581,833,VERONA SUD,MUNICIPAL,C,COLLIN,N,WOODBINE AQUIFER | COLLIN,442,555,685,816,961,1120
6582,342,VICTORIA COUNTY WCID 1,MUNICIPAL,L,VICTORIA,N,GULF COAST AQUIFER SYSTEM | VICTORIA,370,370,370,370,370,370
6583,55,VIEW CAPS WSC,MUNICIPAL,G,TAYLOR,N,BRAZOS RIVER AUTHORITY MAIN STEM LAKE/RESERVOIR SYSTEM,0,0,107,199,199,199
6583,507,VIEW CAPS WSC,MUNICIPAL,G,TAYLOR,N,OH IVIE LAKE/RESERVOIR NON-SYSTEM PORTION,199,199,92,0,0,0
6584,163,VIOLET WSC,MUNICIPAL,N,NUECES,N,CORPUS CHRISTI-CHOKE CANYON LAKE/RESERVOIR SYSTEM,114,114,115,114,113,112
6584,742,VIOLET WSC,MUNICIPAL,N,NUECES,N,TEXANA LAKE/RESERVOIR,114,115,115,114,114,113
6585,54,WALSH RANCH MUD,MUNICIPAL,G,WILLIAMSON,N,BRAZOS RIVER AUTHORITY LITTLE RIVER LAKE/RESERVOIR SYSTEM,196,195,195,194,194,194
6586,341,WARREN WSC,MUNICIPAL,I,TYLER,N,GULF COAST AQUIFER SYSTEM | TYLER,273,272,272,272,272,272
6587,337,WATERWOOD MUD 1,MUNICIPAL,H,SAN JACINTO,N,GULF COAST AQUIFER SYSTEM | SAN JACINTO,111,110,107,104,101,97
6587,410,WATERWOOD MUD 1,MUNICIPAL,H,SAN JACINTO,N,LIVINGSTON-WALLISVILLE LAKE/RESERVOIR SYSTEM,224,224,224,224,224,224
6588,297,WEST END WSC,MUNICIPAL,G,WASHINGTON,Y,GULF COAST AQUIFER SYSTEM | AUSTIN,34,35,34,34,34,34
6588,297,WEST END WSC,MUNICIPAL,H,AUSTIN,Y,GULF COAST AQUIFER SYSTEM | AUSTIN,118,117,117,117,117,117
6588,297,WEST END WSC,MUNICIPAL,K,FAYETTE,Y,GULF COAST AQUIFER SYSTEM | AUSTIN,79,77,75,74,74,73
6589,94,WEST HARRISON WSC,MUNICIPAL,D,HARRISON,N,CARRIZO-WILCOX AQUIFER | HARRISON,360,360,360,360,360,360
6590,83,WEST JACKSONVILLE WSC,MUNICIPAL,I,CHEROKEE,N,CARRIZO-WILCOX AQUIFER | CHEROKEE,231,227,222,218,213,208
6591,839,WEST LEONARD WSC,MUNICIPAL,C,COLLIN,Y,WOODBINE AQUIFER | FANNIN,44,55,67,79,93,108
6591,839,WEST LEONARD WSC,MUNICIPAL,C,FANNIN,Y,WOODBINE AQUIFER | FANNIN,248,297,320,344,370,398
6591,839,WEST LEONARD WSC,MUNICIPAL,D,HUNT,Y,WOODBINE AQUIFER | FANNIN,5,5,6,7,7,8
6592,214,WEST MEDINA WSC,MUNICIPAL,L,MEDINA,N,EDWARDS-BFZ AQUIFER | MEDINA,246,246,246,246,246,246
6593,82,WESTERN CASS WSC,MUNICIPAL,D,CASS,Y,CARRIZO-WILCOX AQUIFER | CASS,1063,1063,1063,1063,1063,1063
6593,82,WESTERN CASS WSC,MUNICIPAL,D,MORRIS,Y,CARRIZO-WILCOX AQUIFER | CASS,20,20,20,20,20,20
6594,833,WESTMINSTER SUD,MUNICIPAL,C,COLLIN,Y,WOODBINE AQUIFER | COLLIN,404,504,618,733,860,1000
6594,833,WESTMINSTER SUD,MUNICIPAL,C,GRAYSON,Y,WOODBINE AQUIFER | COLLIN,6,7,8,9,10,11
6595,410,WESTWOOD SHORES MUD,MUNICIPAL,H,TRINITY,N,LIVINGSTON-WALLISVILLE LAKE/RESERVOIR SYSTEM,132,132,132,132,132,132
6596,347,WHARTON COUNTY WCID 1,MUNICIPAL,P,WHARTON,N,GULF COAST AQUIFER SYSTEM | WHARTON,145,145,145,145,145,145
6598,330,WHITE OAK WSC,MUNICIPAL,H,MONTGOMERY,N,GULF COAST AQUIFER SYSTEM | MONTGOMERY,153,153,145,151,150,153
6599,103,WHITE ROCK WATER SUD,MUNICIPAL,G,LIMESTONE,N,CARRIZO-WILCOX AQUIFER | LIMESTONE,76,85,96,105,117,117
6599,428,WHITE ROCK WATER SUD,MUNICIPAL,G,LIMESTONE,N,MEXIA LAKE/RESERVOIR,249,247,244,240,236,222
6600,839,WHITE SHED WSC,MUNICIPAL,C,FANNIN,N,WOODBINE AQUIFER | FANNIN,245,256,263,267,272,277
6601,467,WHITEFACE,MUNICIPAL,O,COCHRAN,N,OGALLALA AND EDWARDS-TRINITY-HIGH PLAINS AQUIFERS | COCHRAN,314,314,314,314,314,314
6602,145,WICKETT,MUNICIPAL,F,WARD,N,EDWARDS-TRINITY-PLATEAU AND PECOS VALLEY AQUIFERS | WARD,194,219,246,269,295,323
6603,314,WILDWOOD POA,MUNICIPAL,I,HARDIN,Y,GULF COAST AQUIFER SYSTEM | HARDIN,118,117,116,113,110,108
6603,341,WILDWOOD POA,MUNICIPAL,I,TYLER,Y,GULF COAST AQUIFER SYSTEM | TYLER,76,69,63,58,53,48
6604,215,WILLIAMSON COUNTY WSID 3,MUNICIPAL,G,WILLIAMSON,Y,EDWARDS-BFZ AQUIFER | TRAVIS,805,833,851,861,869,873
6604,215,WILLIAMSON COUNTY WSID 3,MUNICIPAL,K,TRAVIS,Y,EDWARDS-BFZ AQUIFER | TRAVIS,79,51,33,23,15,11
6605,215,WINDERMERE UTILITY,MUNICIPAL,K,TRAVIS,N,EDWARDS-BFZ AQUIFER | TRAVIS,1831,1831,1831,1831,1831,1831
6605,368,WINDERMERE UTILITY,MUNICIPAL,K,TRAVIS,N,HIGHLAND LAKES LAKE/RESERVOIR SYSTEM,307,307,307,307,307,307
6606,886,WINDMILL WSC,MUNICIPAL,L,UVALDE,N,AUSTIN CHALK AQUIFER | UVALDE,480,480,480,480,480,480
6607,791,WINDSOR WATER,MUNICIPAL,G,MCLENNAN,N,TRINITY AQUIFER | MCLENNAN,230,230,230,230,230,230
6608,779,WINGERT WATER SYSTEMS,MUNICIPAL,L,COMAL,N,TRINITY AQUIFER | HAYS,251,251,251,251,251,251
6609,326,WOODCREEK WATER OF LIBERTY,MUNICIPAL,H,LIBERTY,N,GULF COAST AQUIFER SYSTEM | LIBERTY,8,8,11,13,14,14
6610,72,WOODLAWN WSC,MUNICIPAL,I,ANGELINA,N,CARRIZO-WILCOX AQUIFER | ANGELINA,242,245,246,249,251,254
6611,6,ZAPATA COUNTY WCID-HWY 16 EAST,MUNICIPAL,M,ZAPATA,N,AMISTAD-FALCON LAKE/RESERVOIR SYSTEM,502,502,502,502,502,502
6612,309,FORT BEND COUNTY FWSD 1,MUNICIPAL,H,BRAZORIA,Y,GULF COAST AQUIFER SYSTEM | FORT BEND,3,3,3,5,5,5
6612,309,FORT BEND COUNTY FWSD 1,MUNICIPAL,H,FORT BEND,Y,GULF COAST AQUIFER SYSTEM | FORT BEND,689,854,916,933,956,979
6613,309,FORT BEND COUNTY FWSD 2,MUNICIPAL,H,FORT BEND,N,GULF COAST AQUIFER SYSTEM | FORT BEND,242,250,267,279,293,308
6614,315,HARRIS COUNTY MUD 23,MUNICIPAL,H,HARRIS,N,GULF COAST AQUIFER SYSTEM | HARRIS,161,80,80,80,80,79
6614,410,HARRIS COUNTY MUD 23,MUNICIPAL,H,HARRIS,N,LIVINGSTON-WALLISVILLE LAKE/RESERVOIR SYSTEM,242,322,322,322,319,318
6615,315,HARRIS COUNTY MUD 6,MUNICIPAL,H,HARRIS,N,GULF COAST AQUIFER SYSTEM | HARRIS,163,82,82,82,81,81
6615,410,HARRIS COUNTY MUD 6,MUNICIPAL,H,HARRIS,N,LIVINGSTON-WALLISVILLE LAKE/RESERVOIR SYSTEM,264,264,264,264,264,264
6616,315,ROLLING FORK PUD,MUNICIPAL,H,HARRIS,N,GULF COAST AQUIFER SYSTEM | HARRIS,162,83,86,87,86,86
6616,410,ROLLING FORK PUD,MUNICIPAL,H,HARRIS,N,LIVINGSTON-WALLISVILLE LAKE/RESERVOIR SYSTEM,205,205,205,205,205,205
6617,315,BAKER ROAD MUD,MUNICIPAL,H,HARRIS,N,GULF COAST AQUIFER SYSTEM | HARRIS,247,199,199,199,202,205
6618,148,PALOMA CREEK SOUTH,MUNICIPAL,C,DENTON,N,CHAPMAN/COOPER LAKE/RESERVOIR NON-SYSTEM PORTION,208,136,95,84,76,68
6618,390,PALOMA CREEK SOUTH,MUNICIPAL,C,DENTON,N,TRINITY INDIRECT REUSE,62,55,48,43,38,34
6618,646,PALOMA CREEK SOUTH,MUNICIPAL,C,DENTON,N,RALPH HALL LAKE/RESERVOIR,746,501,359,328,297,277
6618,650,PALOMA CREEK SOUTH,MUNICIPAL,C,DENTON,N,RAY ROBERTS-LEWISVILLE-GRAPEVINE LAKE/RESERVOIR SYSTEM,821,626,498,448,398,362
6619,368,SWEETWATER COMMUNITY,MUNICIPAL,K,TRAVIS,N,HIGHLAND LAKES LAKE/RESERVOIR SYSTEM,840,840,840,840,840,840
6620,46,"IRRIGATION, GRIMES",IRRIGATION,G,GRIMES,N,BRAZOS RIVER ALLUVIUM AQUIFER | GRIMES,105,105,105,105,105,105
6620,313,"IRRIGATION, GRIMES",IRRIGATION,G,GRIMES,N,GULF COAST AQUIFER SYSTEM | GRIMES,354,354,354,354,354,354
6620,969,"IRRIGATION, GRIMES",IRRIGATION,G,GRIMES,N,NAVASOTA RIVER ALLUVIUM AQUIFER | GRIMES,58,58,58,58,58,58
6621,103,"IRRIGATION, LIMESTONE",IRRIGATION,G,LIMESTONE,N,CARRIZO-WILCOX AQUIFER | LIMESTONE,1,1,1,1,1,1
6621,428,"IRRIGATION, LIMESTONE",IRRIGATION,G,LIMESTONE,N,MEXIA LAKE/RESERVOIR,14,14,14,14,14,14
6621,655,"IRRIGATION, LIMESTONE",IRRIGATION,G,LIMESTONE,N,BRAZOS RUN-OF-RIVER,14,14,14,14,14,14
6622,106,"IRRIGATION, MARION",IRRIGATION,D,MARION,N,CARRIZO-WILCOX AQUIFER | MARION,12,12,12,12,12,12
6622,660,"IRRIGATION, MARION",IRRIGATION,D,MARION,N,CYPRESS RUN-OF-RIVER,303,303,303,303,303,303
6623,111,"IRRIGATION, MORRIS",IRRIGATION,D,MORRIS,N,CARRIZO-WILCOX AQUIFER | MORRIS,11,11,11,11,11,11
6623,660,"IRRIGATION, MORRIS",IRRIGATION,D,MORRIS,N,CYPRESS RUN-OF-RIVER,58,58,58,58,58,58
6624,169,"IRRIGATION, SHACKELFORD",IRRIGATION,G,SHACKELFORD,N,DIRECT REUSE,166,166,166,166,166,166
6624,1096,"IRRIGATION, SHACKELFORD",IRRIGATION,G,SHACKELFORD,N,CROSS TIMBERS AQUIFER | SHACKELFORD,350,350,350,350,350,350
6625,1024,"IRRIGATION, THROCKMORTON",IRRIGATION,G,THROCKMORTON,N,SEYMOUR AQUIFER | THROCKMORTON,71,71,71,71,71,71
6627,176,"MANUFACTURING, CRANE",MANUFACTURING,F,CRANE,N,DOCKUM AQUIFER | CRANE,94,94,94,94,94,94
6627,999,"MANUFACTURING, CRANE",MANUFACTURING,F,CRANE,N,EDWARDS-TRINITY-PLATEAU AND PECOS VALLEY AQUIFERS | CRANE,375,392,410,429,448,468
6628,227,"MANUFACTURING, CROCKETT",MANUFACTURING,F,CROCKETT,N,"EDWARDS-TRINITY-PLATEAU, PECOS VALLEY, AND TRINITY AQUIFERS | CROCKETT",36,37,38,39,40,41
6629,823,"MANUFACTURING, CULBERSON",MANUFACTURING,E,CULBERSON,N,WEST TEXAS BOLSONS AQUIFER | CULBERSON,5,5,5,5,5,5
6631,232,"MANUFACTURING, GLASSCOCK",MANUFACTURING,F,GLASSCOCK,N,"EDWARDS-TRINITY-PLATEAU, PECOS VALLEY, AND TRINITY AQUIFERS | GLASSCOCK",42,44,46,48,50,52
6632,234,"MANUFACTURING, IRION",MANUFACTURING,F,IRION,N,"EDWARDS-TRINITY-PLATEAU, PECOS VALLEY, AND TRINITY AQUIFERS | IRION",7,7,7,7,7,7
6633,320,"MANUFACTURING, JIM HOGG",MANUFACTURING,M,JIM HOGG,N,GULF COAST AQUIFER SYSTEM | JIM HOGG,52,52,52,52,52,52
6634,321,"MANUFACTURING, JIM WELLS",MANUFACTURING,N,JIM WELLS,N,GULF COAST AQUIFER SYSTEM | JIM WELLS,79,79,79,79,79,79
6635,786,"MANUFACTURING, KENDALL",MANUFACTURING,L,KENDALL,N,TRINITY AQUIFER | KENDALL,3,3,3,3,3,3
6636,324,"MANUFACTURING, KLEBERG",MANUFACTURING,N,KLEBERG,N,GULF COAST AQUIFER SYSTEM | KLEBERG,1088,1128,1170,1213,1258,1305
6638,108,"MANUFACTURING, MCMULLEN",MANUFACTURING,N,MCMULLEN,N,CARRIZO-WILCOX AQUIFER | MCMULLEN,34,34,34,34,34,34
6639,188,"MANUFACTURING, MITCHELL",MANUFACTURING,F,MITCHELL,N,DOCKUM AQUIFER | MITCHELL,4,4,4,4,4,4
6640,496,"MANUFACTURING, OCHILTREE",MANUFACTURING,A,OCHILTREE,N,OGALLALA AQUIFER | OCHILTREE,34,35,36,37,38,39
6642,502,"MANUFACTURING, SHERMAN",MANUFACTURING,A,SHERMAN,N,OGALLALA AQUIFER | SHERMAN,2,2,2,2,2,2
6644,252,"MANUFACTURING, SUTTON",MANUFACTURING,F,SUTTON,N,"EDWARDS-TRINITY-PLATEAU, PECOS VALLEY, AND TRINITY AQUIFERS | SUTTON",3,3,3,3,3,3
6645,201,"MANUFACTURING, UPTON",MANUFACTURING,F,UPTON,N,DOCKUM AQUIFER | UPTON,6,6,6,6,7,7
6645,256,"MANUFACTURING, UPTON",MANUFACTURING,F,UPTON,N,"EDWARDS-TRINITY-PLATEAU, PECOS VALLEY, AND TRINITY AQUIFERS | UPTON",122,127,132,137,141,146
6646,203,"MANUFACTURING, WINKLER",MANUFACTURING,F,WINKLER,N,DOCKUM AQUIFER | WINKLER,107,111,115,119,123,128
6648,379,"MINING, JEFF DAVIS",MINING,E,JEFF DAVIS,N,IGNEOUS AQUIFER | JEFF DAVIS,81,81,81,81,81,81
6649,305,"STEAM-ELECTRIC POWER, COLORADO",STEAM ELECTRIC POWER,K,COLORADO,N,GULF COAST AQUIFER SYSTEM | COLORADO,226,226,226,226,226,226
6650,766,"STEAM-ELECTRIC POWER, COOKE",STEAM ELECTRIC POWER,C,COOKE,N,TRINITY AQUIFER | COOKE,6,6,6,6,6,6
6651,314,"STEAM-ELECTRIC POWER, HARDIN",STEAM ELECTRIC POWER,I,HARDIN,N,GULF COAST AQUIFER SYSTEM | HARDIN,1,1,1,1,1,1
6653,145,"STEAM-ELECTRIC POWER, HOWARD",STEAM ELECTRIC POWER,F,HOWARD,N,EDWARDS-TRINITY-PLATEAU AND PECOS VALLEY AQUIFERS | WARD,597,562,489,424,386,350
6653,158,"STEAM-ELECTRIC POWER, HOWARD",STEAM ELECTRIC POWER,F,HOWARD,N,COLORADO RIVER MWD LAKE/RESERVOIR SYSTEM,214,192,171,161,150,141
6653,169,"STEAM-ELECTRIC POWER, HOWARD",STEAM ELECTRIC POWER,F,HOWARD,N,DIRECT REUSE,30,27,25,24,23,22
6653,486,"STEAM-ELECTRIC POWER, HOWARD",STEAM ELECTRIC POWER,F,HOWARD,N,OGALLALA AND EDWARDS-TRINITY-HIGH PLAINS AQUIFERS | HOWARD,283,283,283,283,283,283
6653,492,"STEAM-ELECTRIC POWER, HOWARD",STEAM ELECTRIC POWER,F,HOWARD,N,OGALLALA AND EDWARDS-TRINITY-HIGH PLAINS AQUIFERS | MARTIN,17,14,11,10,9,9
6655,163,"STEAM-ELECTRIC POWER, SAN PATRICIO",STEAM ELECTRIC POWER,N,SAN PATRICIO,N,CORPUS CHRISTI-CHOKE CANYON LAKE/RESERVOIR SYSTEM,2576,2576,2576,2576,2576,2576
10061,299,BRAZORIA COUNTY MUD 31,MUNICIPAL,H,BRAZORIA,N,GULF COAST AQUIFER SYSTEM | BRAZORIA,815,783,755,734,725,713
10080,194,SIESTA ESTATES,MUNICIPAL,A,RANDALL,N,DOCKUM AQUIFER | RANDALL,119,134,149,162,176,190
10081,293,CHILLICOTHE,MUNICIPAL,B,HARDEMAN,N,GREENBELT LAKE/RESERVOIR,19,19,18,18,18,18
10081,474,CHILLICOTHE,MUNICIPAL,B,HARDEMAN,N,OGALLALA AQUIFER | DONLEY,10,10,10,9,8,8
10081,697,CHILLICOTHE,MUNICIPAL,B,HARDEMAN,N,SEYMOUR AQUIFER | HARDEMAN,43,43,42,42,41,41
10082,770,AMC CREEKSIDE,MUNICIPAL,C,DALLAS,Y,TRINITY AQUIFER | DENTON,37,45,50,53,56,59
10082,770,AMC CREEKSIDE,MUNICIPAL,C,DENTON,Y,TRINITY AQUIFER | DENTON,144,181,219,258,302,349
10083,457,AVINGER,MUNICIPAL,D,CASS,N,O' THE PINES LAKE/RESERVOIR,302,302,302,302,302,302
10084,518,STUDY BUTTE TERLINGUA WATER SYSTEM,MUNICIPAL,E,BREWSTER,N,OTHER AQUIFER | BREWSTER,387,387,387,387,387,387
10085,471,BORDEN COUNTY WATER SYSTEM,MUNICIPAL,F,BORDEN,N,OGALLALA AND EDWARDS-TRINITY-HIGH PLAINS AQUIFERS | DAWSON,138,155,184,201,201,201
10086,54,BELL COUNTY WCID 1,MUNICIPAL,G,BELL,N,BRAZOS RIVER AUTHORITY LITTLE RIVER LAKE/RESERVOIR SYSTEM,98,98,98,98,98,98
10087,326,AMES MINGLEWOOD WSC,MUNICIPAL,H,LIBERTY,N,GULF COAST AQUIFER SYSTEM | LIBERTY,142,141,141,141,149,156
10088,331,BON WIER WSC,MUNICIPAL,I,NEWTON,N,GULF COAST AQUIFER SYSTEM | NEWTON,86,74,63,52,41,30
10089,101,KELLY LANE WCID 2,MUNICIPAL,K,TRAVIS,N,CARRIZO-WILCOX AQUIFER | LEE,181,354,505,652,820,1010
10089,368,KELLY LANE WCID 2,MUNICIPAL,K,TRAVIS,N,HIGHLAND LAKES LAKE/RESERVOIR SYSTEM,237,237,237,237,237,237
10090,764,3009 WATER,MUNICIPAL,L,COMAL,N,TRINITY AQUIFER | COMAL,1677,1677,1677,1677,1677,1677
10091,327,OLD MARBACH SCHOOL WSC,MUNICIPAL,N,LIVE OAK,N,GULF COAST AQUIFER SYSTEM | LIVE OAK,86,82,79,78,76,75
10092,481,SETH WARD WSC,MUNICIPAL,O,HALE,N,OGALLALA AND EDWARDS-TRINITY-HIGH PLAINS AQUIFERS | HALE,100,100,100,100,100,100
10094,803,BLUE MOUND,MUNICIPAL,C,TARRANT,N,TRINITY AQUIFER | TARRANT,195,214,231,244,258,275
10095,95,LOG CABIN,MUNICIPAL,C,HENDERSON,N,CARRIZO-WILCOX AQUIFER | HENDERSON,114,114,119,121,123,125
10096,839,SAVOY,MUNICIPAL,C,FANNIN,N,WOODBINE AQUIFER | FANNIN,94,93,93,92,91,89
10097,148,DENTON COUNTY FWSD 11-C,MUNICIPAL,C,DENTON,N,CHAPMAN/COOPER LAKE/RESERVOIR NON-SYSTEM PORTION,41,42,41,47,51,57
10097,390,DENTON COUNTY FWSD 11-C,MUNICIPAL,C,DENTON,N,TRINITY INDIRECT REUSE,12,17,20,23,26,28
10097,646,DENTON COUNTY FWSD 11-C,MUNICIPAL,C,DENTON,N,RALPH HALL LAKE/RESERVOIR,147,156,154,180,202,228
10097,650,DENTON COUNTY FWSD 11-C,MUNICIPAL,C,DENTON,N,RAY ROBERTS-LEWISVILLE-GRAPEVINE LAKE/RESERVOIR SYSTEM,162,194,213,245,271,298
10098,390,KAUFMAN COUNTY MUD 14,MUNICIPAL,C,KAUFMAN,N,TRINITY INDIRECT REUSE,573,506,442,401,381,369
10098,738,KAUFMAN COUNTY MUD 14,MUNICIPAL,C,KAUFMAN,N,TAWAKONI LAKE/RESERVOIR,35,30,26,24,22,21
10098,1068,KAUFMAN COUNTY MUD 14,MUNICIPAL,C,KAUFMAN,N,NORTH TEXAS MWD LAKE/RESERVOIR SYSTEM,957,799,674,588,535,500
10099,279,LANCASTER MUD 1,MUNICIPAL,C,DALLAS,N,FORK LAKE/RESERVOIR,26,32,34,35,37,39
10099,390,LANCASTER MUD 1,MUNICIPAL,C,DALLAS,N,TRINITY INDIRECT REUSE,27,36,44,47,49,53
10099,648,LANCASTER MUD 1,MUNICIPAL,C,DALLAS,N,RAY HUBBARD LAKE/RESERVOIR,27,31,32,32,32,32
10099,650,LANCASTER MUD 1,MUNICIPAL,C,DALLAS,N,RAY ROBERTS-LEWISVILLE-GRAPEVINE LAKE/RESERVOIR SYSTEM,65,74,72,73,73,75
10099,738,LANCASTER MUD 1,MUNICIPAL,C,DALLAS,N,TAWAKONI LAKE/RESERVOIR,109,127,132,132,133,134
10100,12,NASH FORRESTON WSC,MUNICIPAL,C,ELLIS,N,BARDWELL LAKE/RESERVOIR,74,71,68,66,64,61
10100,390,NASH FORRESTON WSC,MUNICIPAL,C,ELLIS,N,TRINITY INDIRECT REUSE,50,55,60,64,68,72
10100,772,NASH FORRESTON WSC,MUNICIPAL,C,ELLIS,N,TRINITY AQUIFER | ELLIS,100,100,100,100,100,100
10100,810,NASH FORRESTON WSC,MUNICIPAL,C,ELLIS,N,TRWD LAKE/RESERVOIR SYSTEM,13,47,81,108,135,162
10100,819,NASH FORRESTON WSC,MUNICIPAL,C,ELLIS,N,WAXAHACHIE LAKE/RESERVOIR,52,51,50,49,48,47
10101,88,SOUTHERN OAKS WATER SUPPLY,MUNICIPAL,C,FREESTONE,Y,CARRIZO-WILCOX AQUIFER | FREESTONE,209,206,208,200,191,181
10101,88,SOUTHERN OAKS WATER SUPPLY,MUNICIPAL,C,NAVARRO,Y,CARRIZO-WILCOX AQUIFER | FREESTONE,50,53,51,59,68,78
10102,390,TERRA SOUTHWEST,MUNICIPAL,C,DENTON,N,TRINITY INDIRECT REUSE,12,29,43,55,69,84
10102,738,TERRA SOUTHWEST,MUNICIPAL,C,DENTON,N,TAWAKONI LAKE/RESERVOIR,1,2,3,3,4,5
10102,770,TERRA SOUTHWEST,MUNICIPAL,C,DENTON,N,TRINITY AQUIFER | DENTON,100,100,100,100,100,100
10102,837,TERRA SOUTHWEST,MUNICIPAL,C,DENTON,N,WOODBINE AQUIFER | DENTON,100,100,100,100,100,100
10102,1068,TERRA SOUTHWEST,MUNICIPAL,C,DENTON,N,NORTH TEXAS MWD LAKE/RESERVOIR SYSTEM,19,45,63,79,96,113
10104,96,COMO,MUNICIPAL,D,HOPKINS,N,CARRIZO-WILCOX AQUIFER | HOPKINS,124,124,124,124,124,124
10105,448,TALCO,MUNICIPAL,D,RED RIVER,Y,NACATOCH AQUIFER | RED RIVER,16,16,16,16,16,16
10105,448,TALCO,MUNICIPAL,D,TITUS,Y,NACATOCH AQUIFER | RED RIVER,467,467,467,467,467,467
10106,625,CYPRESS VALLEY WSC,MUNICIPAL,D,HARRISON,N,QUEEN CITY AQUIFER | HARRISON,316,316,316,316,316,316
10107,94,ELYSIAN FIELDS WSC,MUNICIPAL,D,HARRISON,Y,CARRIZO-WILCOX AQUIFER | HARRISON,165,191,195,224,252,279
10107,94,ELYSIAN FIELDS WSC,MUNICIPAL,I,PANOLA,Y,CARRIZO-WILCOX AQUIFER | HARRISON,5,6,6,6,6,6
10108,145,U & F WSC,MUNICIPAL,F,SCURRY,Y,EDWARDS-TRINITY-PLATEAU AND PECOS VALLEY AQUIFERS | WARD,4,3,3,2,2,2
10108,158,U & F WSC,MUNICIPAL,F,SCURRY,Y,COLORADO RIVER MWD LAKE/RESERVOIR SYSTEM,1,1,1,1,1,1
10108,197,U & F WSC,MUNICIPAL,F,BORDEN,Y,DOCKUM AQUIFER | SCURRY,1,1,1,1,1,1
10108,197,U & F WSC,MUNICIPAL,F,SCURRY,Y,DOCKUM AQUIFER | SCURRY,89,86,85,87,89,91
10109,79,CADE LAKES WSC,MUNICIPAL,G,BURLESON,N,CARRIZO-WILCOX AQUIFER | BURLESON,165,165,165,165,165,165
10110,430,BENJAMIN,MUNICIPAL,G,KNOX,N,MILLERS CREEK LAKE/RESERVOIR,14,12,10,7,5,3
10110,701,BENJAMIN,MUNICIPAL,G,KNOX,N,SEYMOUR AQUIFER | KNOX,17,15,18,11,21,0
10111,791,HOG CREEK WSC,MUNICIPAL,G,BOSQUE,Y,TRINITY AQUIFER | MCLENNAN,53,51,50,49,46,45
10111,791,HOG CREEK WSC,MUNICIPAL,G,MCLENNAN,Y,TRINITY AQUIFER | MCLENNAN,215,217,218,219,222,223
10112,54,NOACK WSC,MUNICIPAL,G,WILLIAMSON,N,BRAZOS RIVER AUTHORITY LITTLE RIVER LAKE/RESERVOIR SYSTEM,152,156,160,165,170,175
10113,281,S U N WSC,MUNICIPAL,G,FISHER,Y,FORT PHANTOM HILL LAKE/RESERVOIR,1,2,2,2,2,1
10113,281,S U N WSC,MUNICIPAL,G,JONES,Y,FORT PHANTOM HILL LAKE/RESERVOIR,54,106,114,124,134,145
10113,281,S U N WSC,MUNICIPAL,G,TAYLOR,Y,FORT PHANTOM HILL LAKE/RESERVOIR,75,122,114,104,94,84
10113,507,S U N WSC,MUNICIPAL,G,FISHER,Y,OH IVIE LAKE/RESERVOIR NON-SYSTEM PORTION,1,0,0,0,0,0
10113,507,S U N WSC,MUNICIPAL,G,JONES,Y,OH IVIE LAKE/RESERVOIR NON-SYSTEM PORTION,42,0,0,0,0,0
10113,507,S U N WSC,MUNICIPAL,G,TAYLOR,Y,OH IVIE LAKE/RESERVOIR NON-SYSTEM PORTION,57,0,0,0,0,0
10114,404,WESTBOUND WSC,MUNICIPAL,G,CALLAHAN,Y,LEON LAKE/RESERVOIR,6,6,6,6,6,6
10114,404,WESTBOUND WSC,MUNICIPAL,G,EASTLAND,Y,LEON LAKE/RESERVOIR,81,84,88,89,91,93
10114,771,WESTBOUND WSC,MUNICIPAL,G,CALLAHAN,Y,TRINITY AQUIFER | EASTLAND,7,7,7,7,7,7
10114,771,WESTBOUND WSC,MUNICIPAL,G,EASTLAND,Y,TRINITY AQUIFER | EASTLAND,89,89,89,89,89,89
10115,330,BLAKETREE MUD 1 OF MONTGOMERY COUNTY,MUNICIPAL,H,MONTGOMERY,N,GULF COAST AQUIFER SYSTEM | MONTGOMERY,51,79,120,119,111,104
10116,299,BRAZORIA COUNTY MUD 22,MUNICIPAL,H,BRAZORIA,N,GULF COAST AQUIFER SYSTEM | BRAZORIA,474,478,479,479,506,522
10117,299,BRAZORIA COUNTY MUD 39,MUNICIPAL,H,BRAZORIA,N,GULF COAST AQUIFER SYSTEM | BRAZORIA,370,355,351,347,346,345
10118,299,BRAZORIA COUNTY MUD 55,MUNICIPAL,H,BRAZORIA,N,GULF COAST AQUIFER SYSTEM | BRAZORIA,382,373,366,360,354,340
10119,304,C C WATER WORKS,MUNICIPAL,H,CHAMBERS,N,GULF COAST AQUIFER SYSTEM | CHAMBERS,188,188,188,188,188,188
10120,330,PATTON VILLAGE,MUNICIPAL,H,MONTGOMERY,N,GULF COAST AQUIFER SYSTEM | MONTGOMERY,66,64,68,79,76,73
10121,330,CONROE RESORT UTILITIES,MUNICIPAL,H,MONTGOMERY,N,GULF COAST AQUIFER SYSTEM | MONTGOMERY,125,111,104,102,103,103
10122,330,EAST MONTGOMERY COUNTY MUD 6,MUNICIPAL,H,MONTGOMERY,N,GULF COAST AQUIFER SYSTEM | MONTGOMERY,266,233,228,252,270,248
10123,675,TDCJ FERGUSON UNIT,MUNICIPAL,H,MADISON,N,TRINITY RUN-OF-RIVER,169,169,169,169,169,169
10123,723,TDCJ FERGUSON UNIT,MUNICIPAL,H,MADISON,N,SPARTA AQUIFER | MADISON,804,937,998,998,998,998
10124,309,FORT BEND COUNTY MUD 131,MUNICIPAL,H,FORT BEND,N,GULF COAST AQUIFER SYSTEM | FORT BEND,245,251,256,259,273,281
10125,299,TDCJ DARRINGTON UNIT,MUNICIPAL,H,BRAZORIA,N,GULF COAST AQUIFER SYSTEM | BRAZORIA,743,710,690,683,672,659
10126,330,GRAND OAKS MUD,MUNICIPAL,H,MONTGOMERY,N,GULF COAST AQUIFER SYSTEM | MONTGOMERY,116,91,69,61,56,52
10127,315,HARRIS COUNTY MUD 261,MUNICIPAL,H,HARRIS,N,GULF COAST AQUIFER SYSTEM | HARRIS,113,59,60,61,61,61
10128,315,HARRIS COUNTY MUD 494,MUNICIPAL,H,HARRIS,N,GULF COAST AQUIFER SYSTEM | HARRIS,381,306,312,314,317,318
10129,372,HARRIS COUNTY MUD 504,MUNICIPAL,H,HARRIS,N,HOUSTON LAKE/RESERVOIR,426,424,425,426,427,429
10131,315,HARRIS COUNTY WCID 161,MUNICIPAL,H,HARRIS,N,GULF COAST AQUIFER SYSTEM | HARRIS,19,19,19,19,18,18
10131,410,HARRIS COUNTY WCID 161,MUNICIPAL,H,HARRIS,N,LIVINGSTON-WALLISVILLE LAKE/RESERVOIR SYSTEM,414,414,414,414,414,414
10132,330,KEENAN WSC,MUNICIPAL,H,MONTGOMERY,N,GULF COAST AQUIFER SYSTEM | MONTGOMERY,105,121,145,148,149,149
10133,330,MONTGOMERY COUNTY MUD 105,MUNICIPAL,H,MONTGOMERY,N,GULF COAST AQUIFER SYSTEM | MONTGOMERY,199,176,160,151,148,143
10134,330,MONTGOMERY COUNTY MUD 126,MUNICIPAL,H,MONTGOMERY,N,GULF COAST AQUIFER SYSTEM | MONTGOMERY,142,163,210,270,320,315
10135,330,MONTGOMERY COUNTY MUD 127,MUNICIPAL,H,MONTGOMERY,N,GULF COAST AQUIFER SYSTEM | MONTGOMERY,242,211,194,178,176,169
10136,330,MONTGOMERY COUNTY MUD 137,MUNICIPAL,H,MONTGOMERY,N,GULF COAST AQUIFER SYSTEM | MONTGOMERY,197,171,148,133,125,117
10137,330,MONTGOMERY COUNTY MUD 139,MUNICIPAL,H,MONTGOMERY,N,GULF COAST AQUIFER SYSTEM | MONTGOMERY,667,556,479,432,404,378
10138,330,MONTGOMERY COUNTY MUD 24,MUNICIPAL,H,MONTGOMERY,N,GULF COAST AQUIFER SYSTEM | MONTGOMERY,158,254,281,306,329,355
10139,330,MONTGOMERY COUNTY MUD 94,MUNICIPAL,H,MONTGOMERY,N,GULF COAST AQUIFER SYSTEM | MONTGOMERY,770,693,618,578,559,541
10140,120,NEW WSC,MUNICIPAL,I,SABINE,Y,CARRIZO-WILCOX AQUIFER | SAN AUGUSTINE,5,4,4,3,3,3
10140,120,NEW WSC,MUNICIPAL,I,SAN AUGUSTINE,Y,CARRIZO-WILCOX AQUIFER | SAN AUGUSTINE,86,77,69,64,59,55
10140,120,NEW WSC,MUNICIPAL,I,SHELBY,Y,CARRIZO-WILCOX AQUIFER | SAN AUGUSTINE,4,5,6,6,7,7
10141,315,NITSCH AND SON UTILITY,MUNICIPAL,H,HARRIS,N,GULF COAST AQUIFER SYSTEM | HARRIS,226,181,181,181,181,181
10142,315,NORTHEAST HARRIS COUNTY MUD 1,MUNICIPAL,H,HARRIS,N,GULF COAST AQUIFER SYSTEM | HARRIS,26,26,26,26,26,28
10143,330,RANCH CREST WATER,MUNICIPAL,H,MONTGOMERY,N,GULF COAST AQUIFER SYSTEM | MONTGOMERY,186,182,161,145,138,132
10144,326,RAYWOOD WSC,MUNICIPAL,H,LIBERTY,N,GULF COAST AQUIFER SYSTEM | LIBERTY,115,114,114,117,127,140
10145,315,WESTFIELD GARDEN PARK,MUNICIPAL,H,HARRIS,N,GULF COAST AQUIFER SYSTEM | HARRIS,35,18,18,18,18,18
10146,344,WILLOW CREEK FARMS MUD,MUNICIPAL,H,FORT BEND,Y,GULF COAST AQUIFER SYSTEM | WALLER,63,80,91,91,91,91
10146,344,WILLOW CREEK FARMS MUD,MUNICIPAL,H,WALLER,Y,GULF COAST AQUIFER SYSTEM | WALLER,893,930,1092,1183,1209,1209
10147,315,WINDFERN FOREST UTILITY DISTRICT,MUNICIPAL,H,HARRIS,N,GULF COAST AQUIFER SYSTEM | HARRIS,329,164,167,169,167,167
10148,169,WOOD TRACE MUD 1,MUNICIPAL,H,MONTGOMERY,N,DIRECT REUSE,10,10,10,10,10,10
10148,330,WOOD TRACE MUD 1,MUNICIPAL,H,MONTGOMERY,N,GULF COAST AQUIFER SYSTEM | MONTGOMERY,194,170,148,141,141,136
10149,330,WOODLAND OAKS UTILITY,MUNICIPAL,H,MONTGOMERY,N,GULF COAST AQUIFER SYSTEM | MONTGOMERY,345,323,305,292,286,277
10150,330,WOODRIDGE MUD,MUNICIPAL,H,MONTGOMERY,N,GULF COAST AQUIFER SYSTEM | MONTGOMERY,154,210,241,268,294,322
10151,683,NOME,MUNICIPAL,I,JEFFERSON,N,SAM RAYBURN-STEINHAGEN LAKE/RESERVOIR SYSTEM,145,146,145,144,142,140
10152,114,CLAYTON WSC,MUNICIPAL,I,PANOLA,N,CARRIZO-WILCOX AQUIFER | PANOLA,198,222,252,266,281,296
10152,437,CLAYTON WSC,MUNICIPAL,I,PANOLA,N,MURVAUL LAKE/RESERVOIR,59,59,59,59,59,59
10153,114,DEBERRY WSC,MUNICIPAL,I,PANOLA,N,CARRIZO-WILCOX AQUIFER | PANOLA,94,82,68,59,50,40
10154,120,DENNING WSC,MUNICIPAL,I,SAN AUGUSTINE,N,CARRIZO-WILCOX AQUIFER | SAN AUGUSTINE,120,108,98,91,84,77
10155,114,HOLLANDS QUARTER WSC,MUNICIPAL,I,PANOLA,N,CARRIZO-WILCOX AQUIFER | PANOLA,71,65,58,53,48,43
10155,437,HOLLANDS QUARTER WSC,MUNICIPAL,I,PANOLA,N,MURVAUL LAKE/RESERVOIR,53,53,53,53,53,53
10156,437,REHOBETH WSC,MUNICIPAL,I,PANOLA,N,MURVAUL LAKE/RESERVOIR,88,79,68,61,54,47
10157,341,SENECA WSC,MUNICIPAL,I,TYLER,N,GULF COAST AQUIFER SYSTEM | TYLER,123,116,110,106,102,98
10158,318,SOUTH KIRBYVILLE RURAL WSC,MUNICIPAL,I,JASPER,Y,GULF COAST AQUIFER SYSTEM | JASPER,90,93,97,102,109,118
10158,318,SOUTH KIRBYVILLE RURAL WSC,MUNICIPAL,I,NEWTON,Y,GULF COAST AQUIFER SYSTEM | JASPER,12,11,10,9,7,6
10159,663,FEDERAL CORRECTIONAL COMPLEX BEAUMONT,MUNICIPAL,I,JEFFERSON,N,NECHES RUN-OF-RIVER,613,610,610,610,610,610
10160,101,LAKESIDE WCID 1,MUNICIPAL,K,TRAVIS,N,CARRIZO-WILCOX AQUIFER | LEE,26,70,110,149,194,245
10160,368,LAKESIDE WCID 1,MUNICIPAL,K,TRAVIS,N,HIGHLAND LAKES LAKE/RESERVOIR SYSTEM,228,228,228,228,228,228
10161,101,LAKESIDE WCID 2-B,MUNICIPAL,K,TRAVIS,N,CARRIZO-WILCOX AQUIFER | LEE,247,311,368,425,490,563
10161,368,LAKESIDE WCID 2-B,MUNICIPAL,K,TRAVIS,N,HIGHLAND LAKES LAKE/RESERVOIR SYSTEM,196,196,196,196,196,196
10162,101,LAKESIDE WCID 2-C,MUNICIPAL,K,TRAVIS,N,CARRIZO-WILCOX AQUIFER | LEE,96,299,476,649,846,1070
10162,368,LAKESIDE WCID 2-C,MUNICIPAL,K,TRAVIS,N,HIGHLAND LAKES LAKE/RESERVOIR SYSTEM,446,446,446,446,446,446
10163,101,LAKESIDE WCID 2-D,MUNICIPAL,K,TRAVIS,N,CARRIZO-WILCOX AQUIFER | LEE,377,619,830,1036,1269,1536
10163,368,LAKESIDE WCID 2-D,MUNICIPAL,K,TRAVIS,N,HIGHLAND LAKES LAKE/RESERVOIR SYSTEM,282,282,282,282,282,282
10164,658,MID-TEX UTILITIES,MUNICIPAL,K,HAYS,Y,COLORADO RUN-OF-RIVER,119,0,0,0,0,0
10164,658,MID-TEX UTILITIES,MUNICIPAL,K,TRAVIS,Y,COLORADO RUN-OF-RIVER,208,0,0,0,0,0
10165,368,REUNION RANCH WCID,MUNICIPAL,K,HAYS,N,HIGHLAND LAKES LAKE/RESERVOIR SYSTEM,350,350,350,350,350,350
10166,212,RUBY RANCH WSC,MUNICIPAL,K,HAYS,N,EDWARDS-BFZ AQUIFER | HAYS,120,120,120,120,120,120
10166,779,RUBY RANCH WSC,MUNICIPAL,K,HAYS,N,TRINITY AQUIFER | HAYS,62,62,62,62,62,62
10167,368,TRAVIS COUNTY MUD 18,MUNICIPAL,K,TRAVIS,N,HIGHLAND LAKES LAKE/RESERVOIR SYSTEM,230,230,230,230,230,230
10168,368,UNDINE DEVELOPMENT,MUNICIPAL,K,TRAVIS,N,HIGHLAND LAKES LAKE/RESERVOIR SYSTEM,143,143,143,143,143,143
10169,130,C WILLOW WATER,MUNICIPAL,L,WILSON,N,CARRIZO-WILCOX AQUIFER | WILSON,123,123,123,123,123,123
10170,257,CONCAN WSC,MUNICIPAL,L,UVALDE,N,"EDWARDS-TRINITY-PLATEAU, PECOS VALLEY, AND TRINITY AQUIFERS | UVALDE",75,75,75,75,75,75
10170,806,CONCAN WSC,MUNICIPAL,L,UVALDE,N,TRINITY AQUIFER | UVALDE,6,6,6,6,6,6
10171,261,RANCHO DEL LAGO,MUNICIPAL,K,BLANCO,N,ELLENBURGER-SAN SABA AQUIFER | BLANCO,129,130,129,129,129,129
10172,130,THREE OAKS WSC,MUNICIPAL,L,KARNES,Y,CARRIZO-WILCOX AQUIFER | WILSON,86,85,81,78,78,74
10172,130,THREE OAKS WSC,MUNICIPAL,L,WILSON,Y,CARRIZO-WILCOX AQUIFER | WILSON,1364,1365,1369,1372,1372,1376
10173,214,VILLE DALSACE WATER SUPPLY,MUNICIPAL,L,MEDINA,N,EDWARDS-BFZ AQUIFER | MEDINA,29,29,29,29,29,29
10174,298,SKIDMORE WSC,MUNICIPAL,N,BEE,N,GULF COAST AQUIFER SYSTEM | BEE,81,81,81,81,81,81
10175,375,FORT BLISS AND EAST BIGGS,MUNICIPAL,E,EL PASO,N,HUECO-MESILLA BOLSON AQUIFER | EL PASO,5503,5503,5503,5503,5503,5503
10176,299,BRAZORIA COUNTY FWSD 1,MUNICIPAL,H,BRAZORIA,N,GULF COAST AQUIFER SYSTEM | BRAZORIA,99,106,104,102,101,97
10177,74,THE COLONY MUD 1A,MUNICIPAL,K,BASTROP,N,CARRIZO-WILCOX AQUIFER | BASTROP,196,267,352,448,557,680
10178,779,LA VENTANA WSC,MUNICIPAL,K,HAYS,N,TRINITY AQUIFER | HAYS,138,138,138,138,138,138
10179,368,HEADWATERS AT BARTON CREEK,MUNICIPAL,K,HAYS,N,HIGHLAND LAKES LAKE/RESERVOIR SYSTEM,104,150,210,292,385,490
10180,1222,WILBARGER CREEK MUD 1,MUNICIPAL,K,TRAVIS,N,COLORADO RIVER ALLUVIUM AQUIFER | TRAVIS,800,800,800,800,800,800
10181,101,LAKESIDE MUD 3,MUNICIPAL,K,TRAVIS,Y,CARRIZO-WILCOX AQUIFER | LEE,112,295,453,608,784,983
10181,368,LAKESIDE MUD 3,MUNICIPAL,G,WILLIAMSON,Y,HIGHLAND LAKES LAKE/RESERVOIR SYSTEM,2,3,4,5,6,7
10181,368,LAKESIDE MUD 3,MUNICIPAL,K,TRAVIS,Y,HIGHLAND LAKES LAKE/RESERVOIR SYSTEM,343,342,341,340,339,338
10380,81,"IRRIGATION, CAMP",IRRIGATION,D,CAMP,N,CARRIZO-WILCOX AQUIFER | CAMP,5,5,5,5,5,5
10381,555,"IRRIGATION, KING",IRRIGATION,B,KING,N,OTHER AQUIFER | KING,245,245,245,245,245,245
10382,108,"IRRIGATION, MCMULLEN",IRRIGATION,N,MCMULLEN,N,CARRIZO-WILCOX AQUIFER | MCMULLEN,24,24,24,24,24,24
10383,71,"MANUFACTURING, ANDERSON",MANUFACTURING,I,ANDERSON,N,CARRIZO-WILCOX AQUIFER | ANDERSON,1686,1748,1813,1880,1950,2022
10384,261,"MANUFACTURING, BLANCO",MANUFACTURING,K,BLANCO,N,ELLENBURGER-SAN SABA AQUIFER | BLANCO,5,5,5,5,5,5
10384,757,"MANUFACTURING, BLANCO",MANUFACTURING,K,BLANCO,N,TRINITY AQUIFER | BLANCO,16,16,16,16,16,16
10385,696,"MANUFACTURING, HALL",MANUFACTURING,A,HALL,N,SEYMOUR AQUIFER | HALL,1,1,1,1,1,1
10386,698,"MANUFACTURING, HASKELL",MANUFACTURING,G,HASKELL,N,SEYMOUR AQUIFER | HASKELL,2,2,2,2,2,2
10387,632,"MANUFACTURING, MARION",MANUFACTURING,D,MARION,N,QUEEN CITY AQUIFER | MARION,151,157,163,169,175,191
10388,248,"MANUFACTURING, REAL",MANUFACTURING,J,REAL,N,"EDWARDS-TRINITY-PLATEAU, PECOS VALLEY, AND TRINITY AQUIFERS | REAL",0,0,0,0,0,0
10389,341,"MANUFACTURING, TYLER",MANUFACTURING,I,TYLER,N,GULF COAST AQUIFER SYSTEM | TYLER,40,40,40,40,40,40
10390,258,"MANUFACTURING, VAL VERDE",MANUFACTURING,J,VAL VERDE,N,"EDWARDS-TRINITY-PLATEAU, PECOS VALLEY, AND TRINITY AQUIFERS | VAL VERDE",8,8,8,8,8,8
10391,221,"MINING, BANDERA",MINING,J,BANDERA,N,EDWARDS-TRINITY-PLATEAU AQUIFER | BANDERA,2,2,2,2,2,2
10391,753,"MINING, BANDERA",MINING,J,BANDERA,N,TRINITY AQUIFER | BANDERA,1,1,1,1,1,1
10392,77,"MINING, BOWIE",MINING,D,BOWIE,N,CARRIZO-WILCOX AQUIFER | BOWIE,1981,1998,2088,2164,2225,2272
10393,377,"MINING, BREWSTER",MINING,E,BREWSTER,N,IGNEOUS AQUIFER | BREWSTER,52,52,52,52,52,52
10395,302,"STEAM-ELECTRIC POWER, CALHOUN",STEAM ELECTRIC POWER,L,CALHOUN,N,GULF COAST AQUIFER SYSTEM | CALHOUN,37,37,37,37,37,37
10396,1076,"STEAM-ELECTRIC POWER, GALVESTON",STEAM ELECTRIC POWER,H,GALVESTON,N,BRA SYSTEM OPERATIONS PERMIT SUPPLY,2687,2687,2687,2687,2687,2687
10397,734,"STEAM-ELECTRIC POWER, NACOGDOCHES",STEAM ELECTRIC POWER,I,NACOGDOCHES,N,STRIKER LAKE/RESERVOIR,1494,1643,1807,1988,2187,2406